run_label,target,step,best_objective,median_objective,mean_objective,best_peak_y_pred,best_max_abs_xr_pred,learning_rate,n_random_starts,adam_steps
main,0.55,0,0.03024415671825409,3344.90234375,35529.82421875,0.5517390966415405,0.4730289876461029,0.03,200,800
main,0.55,10,0.001994672929868102,862.1158447265625,19609.240234375,0.549553394317627,0.47461962699890137,0.03,200,800
main,0.55,20,0.00040876329876482487,93.35126495361328,10496.119140625,0.5502021908760071,0.47435876727104187,0.03,200,800
main,0.55,30,3.892388576787198e-06,40.351654052734375,5767.81494140625,0.5500197410583496,0.463670015335083,0.03,200,800
main,0.55,40,6.266986929404084e-08,32.05095291137695,3412.8701171875,0.5499975085258484,0.48430004715919495,0.03,200,800
main,0.55,50,1.0092869160871487e-05,26.864540100097656,2166.0537109375,0.5500317811965942,0.4707227349281311,0.03,200,800
main,0.55,60,7.38737071515061e-06,25.342529296875,1438.2471923828125,0.5499728322029114,0.4833522140979767,0.03,200,800
main,0.55,70,2.7063151719630696e-06,21.391611099243164,944.99658203125,0.549983561038971,0.47948747873306274,0.03,200,800
main,0.55,80,5.201528097131813e-07,20.88758087158203,612.24169921875,0.5499927997589111,0.4744691848754883,0.03,200,800
main,0.55,90,1.9454660105111543e-07,20.006465911865234,396.3731384277344,0.5500044226646423,0.48315098881721497,0.03,200,800
main,0.55,100,4.863309754910006e-07,19.449588775634766,260.2073974609375,0.5500069856643677,0.4744594991207123,0.03,200,800
main,0.55,110,7.993605777301127e-09,18.788894653320312,177.3239288330078,0.5500009059906006,0.47446322441101074,0.03,200,800
main,0.55,120,3.552713678800501e-11,18.40597152709961,125.39471435546875,0.5500000715255737,0.4799363613128662,0.03,200,800
main,0.55,130,1.4210854715202004e-10,17.208751678466797,92.23595428466797,0.5499998927116394,0.4744637906551361,0.03,200,800
main,0.55,140,6.963318810448982e-09,17.014892578125,69.01529693603516,0.5499991774559021,0.45630699396133423,0.03,200,800
main,0.55,150,3.197442310920451e-10,15.681283950805664,52.645870208740234,0.5500001907348633,0.4744635820388794,0.03,200,800
main,0.55,160,5.684341886080801e-10,15.00801944732666,42.23078918457031,0.5499997735023499,0.47446388006210327,0.03,200,800
main,0.55,170,1.4210854715202004e-10,13.957029342651367,35.16771697998047,0.5500001311302185,0.4632359743118286,0.03,200,800
main,0.55,180,0.0,13.051279067993164,30.3006649017334,0.550000011920929,0.47446373105049133,0.03,200,800
main,0.55,190,0.0,12.148392677307129,26.750194549560547,0.550000011920929,0.4794720709323883,0.03,200,800
main,0.55,200,3.552713678800501e-11,11.984598159790039,24.080772399902344,0.5500000715255737,0.47446370124816895,0.03,200,800
main,0.55,210,0.0,11.818551063537598,22.04202651977539,0.550000011920929,0.45831727981567383,0.03,200,800
main,0.55,220,0.0,11.652523040771484,20.4388484954834,0.550000011920929,0.47730615735054016,0.03,200,800
main,0.55,230,0.0,11.485942840576172,19.158279418945312,0.550000011920929,0.47446373105049133,0.03,200,800
main,0.55,240,0.0,11.335451126098633,18.125673294067383,0.550000011920929,0.4794720411300659,0.03,200,800
main,0.55,250,0.0,11.040983200073242,17.28017234802246,0.550000011920929,0.4794720411300659,0.03,200,800
main,0.55,260,0.0,11.006511688232422,16.579740524291992,0.550000011920929,0.4794720411300659,0.03,200,800
main,0.55,270,0.0,10.34001350402832,15.994521141052246,0.550000011920929,0.46471428871154785,0.03,200,800
main,0.55,280,0.0,10.11918830871582,15.492834091186523,0.550000011920929,0.4794720411300659,0.03,200,800
main,0.55,290,0.0,10.026426315307617,15.058196067810059,0.550000011920929,0.46471428871154785,0.03,200,800
main,0.55,300,0.0,9.939736366271973,14.681012153625488,0.550000011920929,0.46471428871154785,0.03,200,800
main,0.55,310,0.0,9.854188919067383,14.343188285827637,0.550000011920929,0.46471428871154785,0.03,200,800
main,0.55,320,0.0,9.768867492675781,14.036090850830078,0.550000011920929,0.46471428871154785,0.03,200,800
main,0.55,330,0.0,9.683311462402344,13.754186630249023,0.550000011920929,0.46471428871154785,0.03,200,800
main,0.55,340,0.0,9.57384967803955,13.490421295166016,0.550000011920929,0.46471428871154785,0.03,200,800
main,0.55,350,0.0,8.428816795349121,13.247173309326172,0.550000011920929,0.46471428871154785,0.03,200,800
main,0.55,360,0.0,7.459329605102539,13.0182466506958,0.550000011920929,0.46471428871154785,0.03,200,800
main,0.55,370,0.0,6.51915168762207,12.795524597167969,0.550000011920929,0.46471428871154785,0.03,200,800
main,0.55,380,0.0,6.401965618133545,12.584558486938477,0.550000011920929,0.46471428871154785,0.03,200,800
main,0.55,390,0.0,6.1685261726379395,12.386194229125977,0.550000011920929,0.46471428871154785,0.03,200,800
main,0.55,400,0.0,6.095409870147705,12.1946439743042,0.550000011920929,0.46471428871154785,0.03,200,800
main,0.55,410,0.0,6.031063079833984,11.999648094177246,0.550000011920929,0.46471428871154785,0.03,200,800
main,0.55,420,0.0,5.974919319152832,11.808279037475586,0.550000011920929,0.46471428871154785,0.03,200,800
main,0.55,430,0.0,5.920171737670898,11.650136947631836,0.550000011920929,0.46471428871154785,0.03,200,800
main,0.55,440,0.0,5.866039276123047,11.49487590789795,0.550000011920929,0.46471428871154785,0.03,200,800
main,0.55,450,0.0,5.750126361846924,11.338896751403809,0.550000011920929,0.46471428871154785,0.03,200,800
main,0.55,460,0.0,5.638356685638428,11.187028884887695,0.550000011920929,0.46471428871154785,0.03,200,800
main,0.55,470,0.0,5.527790069580078,11.036186218261719,0.550000011920929,0.46471428871154785,0.03,200,800
main,0.55,480,0.0,5.414018630981445,10.885746955871582,0.550000011920929,0.46471428871154785,0.03,200,800
main,0.55,490,0.0,5.300926208496094,10.741353988647461,0.550000011920929,0.46471428871154785,0.03,200,800
main,0.55,500,0.0,5.221780776977539,10.604839324951172,0.550000011920929,0.46471428871154785,0.03,200,800
main,0.55,510,0.0,5.076765060424805,10.468449592590332,0.550000011920929,0.46471428871154785,0.03,200,800
main,0.55,520,0.0,4.9627885818481445,10.343365669250488,0.550000011920929,0.46471428871154785,0.03,200,800
main,0.55,530,0.0,4.8633928298950195,10.220392227172852,0.550000011920929,0.46471428871154785,0.03,200,800
main,0.55,540,0.0,4.758667469024658,10.10046672821045,0.550000011920929,0.46471428871154785,0.03,200,800
main,0.55,550,0.0,4.534526348114014,9.982501029968262,0.550000011920929,0.46471428871154785,0.03,200,800
main,0.55,560,0.0,4.330783843994141,9.86495590209961,0.550000011920929,0.46471428871154785,0.03,200,800
main,0.55,570,0.0,4.1312737464904785,9.748695373535156,0.550000011920929,0.46471428871154785,0.03,200,800
main,0.55,580,0.0,3.9506993293762207,9.634306907653809,0.550000011920929,0.46471428871154785,0.03,200,800
main,0.55,590,0.0,3.703001022338867,9.521340370178223,0.550000011920929,0.46471428871154785,0.03,200,800
main,0.55,600,0.0,3.4517507553100586,9.409478187561035,0.550000011920929,0.46471428871154785,0.03,200,800
main,0.55,610,0.0,3.2223668098449707,9.297128677368164,0.550000011920929,0.46471428871154785,0.03,200,800
main,0.55,620,0.0,3.1111488342285156,9.184812545776367,0.550000011920929,0.46471428871154785,0.03,200,800
main,0.55,630,0.0,3.0356571674346924,9.070208549499512,0.550000011920929,0.46471428871154785,0.03,200,800
main,0.55,640,0.0,2.9839015007019043,8.968879699707031,0.550000011920929,0.46471428871154785,0.03,200,800
main,0.55,650,0.0,2.9741389751434326,8.8676118850708,0.550000011920929,0.46471428871154785,0.03,200,800
main,0.55,660,0.0,2.964301586151123,8.769018173217773,0.550000011920929,0.46471428871154785,0.03,200,800
main,0.55,670,0.0,2.9544200897216797,8.673579216003418,0.550000011920929,0.46471428871154785,0.03,200,800
main,0.55,680,0.0,2.944495439529419,8.580053329467773,0.550000011920929,0.46471428871154785,0.03,200,800
main,0.55,690,0.0,2.9101011753082275,8.486980438232422,0.550000011920929,0.46471428871154785,0.03,200,800
main,0.55,700,0.0,2.822598457336426,8.394562721252441,0.550000011920929,0.46471428871154785,0.03,200,800
main,0.55,710,0.0,2.737168788909912,8.303860664367676,0.550000011920929,0.46471428871154785,0.03,200,800
main,0.55,720,0.0,2.681006669998169,8.214324951171875,0.550000011920929,0.46471428871154785,0.03,200,800
main,0.55,730,0.0,2.608476161956787,8.127046585083008,0.550000011920929,0.46471428871154785,0.03,200,800
main,0.55,740,0.0,2.5715749263763428,8.041800498962402,0.550000011920929,0.46471428871154785,0.03,200,800
main,0.55,750,0.0,2.506659746170044,7.95734977722168,0.550000011920929,0.46471428871154785,0.03,200,800
main,0.55,760,0.0,2.444864273071289,7.873197078704834,0.550000011920929,0.46471428871154785,0.03,200,800
main,0.55,770,0.0,2.396167278289795,7.789997100830078,0.550000011920929,0.46471428871154785,0.03,200,800
main,0.55,780,0.0,2.319973945617676,7.707122802734375,0.550000011920929,0.46471428871154785,0.03,200,800
main,0.55,790,0.0,2.258535861968994,7.624514102935791,0.550000011920929,0.46471428871154785,0.03,200,800
main,0.55,800,0.0,2.1876158714294434,7.543985366821289,0.550000011920929,0.46471428871154785,0.03,200,800
main,0.6,0,0.005309552885591984,5440.63720703125,49099.9453125,0.5992713570594788,0.48773106932640076,0.03,200,800
main,0.6,10,2.90333446173463e-05,1735.6202392578125,29794.400390625,0.6000539064407349,0.46808868646621704,0.03,200,800
main,0.6,20,0.00010461519559612498,337.13470458984375,17093.890625,0.5998977422714233,0.48727869987487793,0.03,200,800
main,0.6,30,5.655955646943767e-06,11.136112213134766,8945.7841796875,0.5999762415885925,0.47465816140174866,0.03,200,800
main,0.6,40,1.3656631381309126e-07,3.4126949310302734,5131.33642578125,0.600003719329834,0.4881858825683594,0.03,200,800
main,0.6,50,9.606537787476555e-08,2.392979621887207,3085.942138671875,0.6000031232833862,0.481975257396698,0.03,200,800
main,0.6,60,8.316547450704093e-07,1.7009925842285156,1927.20166015625,0.5999909043312073,0.4737395942211151,0.03,200,800
main,0.6,70,9.606537787476555e-08,1.2346763610839844,1220.4085693359375,0.6000031232833862,0.4869559705257416,0.03,200,800
main,0.6,80,5.115907697472721e-09,1.0456640720367432,783.67919921875,0.6000007390975952,0.48741257190704346,0.03,200,800
main,0.6,90,0.0,0.7900519967079163,499.8230895996094,0.6000000238418579,0.47819453477859497,0.03,200,800
main,0.6,100,1.879385536085465e-08,0.7877171039581299,324.4591369628906,0.6000013947486877,0.47455671429634094,0.03,200,800
main,0.6,110,1.4210854715202004e-10,0.7624760866165161,223.6884002685547,0.6000001430511475,0.47268253564834595,0.03,200,800
main,0.6,120,4.298783551348606e-09,0.7581754922866821,157.89100646972656,0.6000006794929504,0.4819701910018921,0.03,200,800
main,0.6,130,1.2789769243681803e-09,0.7555080056190491,116.1626968383789,0.5999996662139893,0.4819701313972473,0.03,200,800
main,0.6,140,3.552713678800501e-11,0.7362581491470337,88.81964874267578,0.6000000834465027,0.47418415546417236,0.03,200,800
main,0.6,150,0.0,0.7326345443725586,70.81463623046875,0.6000000238418579,0.47819453477859497,0.03,200,800
main,0.6,160,3.552713678800501e-11,0.7282047271728516,57.59954071044922,0.6000000834465027,0.4819701611995697,0.03,200,800
main,0.6,170,0.0,0.7236577272415161,47.722816467285156,0.6000000238418579,0.46940284967422485,0.03,200,800
main,0.6,180,0.0,0.7189898490905762,40.04439926147461,0.6000000238418579,0.4819701611995697,0.03,200,800
main,0.6,190,0.0,0.71422278881073,33.852081298828125,0.6000000238418579,0.4867054224014282,0.03,200,800
main,0.6,200,0.0,0.7048685550689697,28.711748123168945,0.6000000238418579,0.4819701611995697,0.03,200,800
main,0.6,210,0.0,0.6707618236541748,24.67239761352539,0.6000000238418579,0.47418415546417236,0.03,200,800
main,0.6,220,0.0,0.6366371512413025,21.484159469604492,0.6000000238418579,0.47455596923828125,0.03,200,800
main,0.6,230,0.0,0.5934226512908936,18.828075408935547,0.6000000238418579,0.47455599904060364,0.03,200,800
main,0.6,240,0.0,0.5688775777816772,16.58978843688965,0.6000000238418579,0.4867054224014282,0.03,200,800
main,0.6,250,0.0,0.5381958484649658,14.655177116394043,0.6000000238418579,0.4867054224014282,0.03,200,800
main,0.6,260,0.0,0.528411328792572,12.987873077392578,0.6000000238418579,0.4867054224014282,0.03,200,800
main,0.6,270,0.0,0.5185372233390808,11.550483703613281,0.6000000238418579,0.4867054224014282,0.03,200,800
main,0.6,280,0.0,0.5086452960968018,10.297062873840332,0.6000000238418579,0.4867054224014282,0.03,200,800
main,0.6,290,0.0,0.498782217502594,9.201783180236816,0.6000000238418579,0.4867054224014282,0.03,200,800
main,0.6,300,0.0,0.4858742654323578,8.24765396118164,0.6000000238418579,0.4867054224014282,0.03,200,800
main,0.6,310,0.0,0.4706428050994873,7.4259257316589355,0.6000000238418579,0.4867054224014282,0.03,200,800
main,0.6,320,0.0,0.43202394247055054,6.710325717926025,0.6000000238418579,0.4867054224014282,0.03,200,800
main,0.6,330,0.0,0.4208223819732666,6.095392227172852,0.6000000238418579,0.4867054224014282,0.03,200,800
main,0.6,340,0.0,0.4154089689254761,5.565849781036377,0.6000000238418579,0.4867054224014282,0.03,200,800
main,0.6,350,0.0,0.4083980917930603,5.102097034454346,0.6000000238418579,0.4867054224014282,0.03,200,800
main,0.6,360,0.0,0.40179651975631714,4.6951093673706055,0.6000000238418579,0.4867054224014282,0.03,200,800
main,0.6,370,0.0,0.3952910006046295,4.338033676147461,0.6000000238418579,0.4867054224014282,0.03,200,800
main,0.6,380,0.0,0.38885390758514404,4.024889945983887,0.6000000238418579,0.4867054224014282,0.03,200,800
main,0.6,390,0.0,0.3855805993080139,3.7504777908325195,0.6000000238418579,0.4867054224014282,0.03,200,800
main,0.6,400,0.0,0.38229191303253174,3.5095374584198,0.6000000238418579,0.4867054224014282,0.03,200,800
main,0.6,410,0.0,0.37756046652793884,3.2996838092803955,0.6000000238418579,0.48464247584342957,0.03,200,800
main,0.6,420,0.0,0.3739742040634155,3.1163642406463623,0.6000000238418579,0.4867054224014282,0.03,200,800
main,0.6,430,0.0,0.37038344144821167,2.9560370445251465,0.6000000238418579,0.4867054224014282,0.03,200,800
main,0.6,440,0.0,0.3667888045310974,2.8159234523773193,0.6000000238418579,0.4867054224014282,0.03,200,800
main,0.6,450,0.0,0.36320167779922485,2.693073034286499,0.6000000238418579,0.48464247584342957,0.03,200,800
main,0.6,460,0.0,0.359607994556427,2.5841152667999268,0.6000000238418579,0.48464247584342957,0.03,200,800
main,0.6,470,0.0,0.3526880741119385,2.479560136795044,0.6000000238418579,0.48464250564575195,0.03,200,800
main,0.6,480,0.0,0.34203970432281494,2.3864481449127197,0.6000000238418579,0.48464250564575195,0.03,200,800
main,0.6,490,0.0,0.33330512046813965,2.3056042194366455,0.6000000238418579,0.48464250564575195,0.03,200,800
main,0.6,500,0.0,0.3280576765537262,2.236361503601074,0.6000000238418579,0.48464250564575195,0.03,200,800
main,0.6,510,0.0,0.32283878326416016,2.1770944595336914,0.6000000238418579,0.48464250564575195,0.03,200,800
main,0.6,520,0.0,0.3151514530181885,2.126168966293335,0.6000000238418579,0.48464250564575195,0.03,200,800
main,0.6,530,0.0,0.31044793128967285,2.0822207927703857,0.6000000238418579,0.48464250564575195,0.03,200,800
main,0.6,540,0.0,0.3057633340358734,2.0442545413970947,0.6000000238418579,0.48464250564575195,0.03,200,800
main,0.6,550,0.0,0.3010914921760559,2.0112123489379883,0.6000000238418579,0.48464250564575195,0.03,200,800
main,0.6,560,0.0,0.2959878444671631,1.9821017980575562,0.6000000238418579,0.48464250564575195,0.03,200,800
main,0.6,570,0.0,0.29131072759628296,1.9561703205108643,0.6000000238418579,0.48464250564575195,0.03,200,800
main,0.6,580,0.0,0.28720569610595703,1.9329098463058472,0.6000000238418579,0.48464250564575195,0.03,200,800
main,0.6,590,0.0,0.2823737859725952,1.9118930101394653,0.6000000238418579,0.48464250564575195,0.03,200,800
main,0.6,600,0.0,0.2727345824241638,1.8927085399627686,0.6000000238418579,0.48464250564575195,0.03,200,800
main,0.6,610,0.0,0.26351237297058105,1.8750827312469482,0.6000000238418579,0.48464250564575195,0.03,200,800
main,0.6,620,0.0,0.2533470690250397,1.8587265014648438,0.6000000238418579,0.48464250564575195,0.03,200,800
main,0.6,630,0.0,0.2444084882736206,1.843204379081726,0.6000000238418579,0.48464250564575195,0.03,200,800
main,0.6,640,0.0,0.23934757709503174,1.8282287120819092,0.6000000238418579,0.48464250564575195,0.03,200,800
main,0.6,650,0.0,0.23192033171653748,1.8139615058898926,0.6000000238418579,0.48464250564575195,0.03,200,800
main,0.6,660,0.0,0.22400173544883728,1.8003034591674805,0.6000000238418579,0.48464250564575195,0.03,200,800
main,0.6,670,0.0,0.2177603393793106,1.7872718572616577,0.6000000238418579,0.48464250564575195,0.03,200,800
main,0.6,680,0.0,0.21152687072753906,1.7747468948364258,0.6000000238418579,0.48464250564575195,0.03,200,800
main,0.6,690,0.0,0.20454257726669312,1.7626346349716187,0.6000000238418579,0.48464250564575195,0.03,200,800
main,0.6,700,0.0,0.19983625411987305,1.7510185241699219,0.6000000238418579,0.48464250564575195,0.03,200,800
main,0.6,710,0.0,0.19555719196796417,1.7397128343582153,0.6000000238418579,0.48464250564575195,0.03,200,800
main,0.6,720,0.0,0.19323298335075378,1.7286932468414307,0.6000000238418579,0.48464250564575195,0.03,200,800
main,0.6,730,0.0,0.19090969860553741,1.7178868055343628,0.6000000238418579,0.48464250564575195,0.03,200,800
main,0.6,740,0.0,0.1885901689529419,1.7073583602905273,0.6000000238418579,0.48464250564575195,0.03,200,800
main,0.6,750,0.0,0.186279758810997,1.6970635652542114,0.6000000238418579,0.48464250564575195,0.03,200,800
main,0.6,760,0.0,0.18396830558776855,1.6869064569473267,0.6000000238418579,0.48464250564575195,0.03,200,800
main,0.6,770,0.0,0.18166880309581757,1.6768664121627808,0.6000000238418579,0.48464250564575195,0.03,200,800
main,0.6,780,0.0,0.1793712079524994,1.6669530868530273,0.6000000238418579,0.48464250564575195,0.03,200,800
main,0.6,790,0.0,0.17708328366279602,1.657175898551941,0.6000000238418579,0.48464250564575195,0.03,200,800
main,0.6,800,0.0,0.17433539032936096,1.6475476026535034,0.6000000238418579,0.48464250564575195,0.03,200,800
main,0.65,0,0.6851625442504883,3238.742919921875,41506.34375,0.6437593698501587,0.4901631474494934,0.03,200,800
main,0.65,10,0.4959634840488434,852.470947265625,23553.23046875,0.6429575085639954,0.4881260395050049,0.03,200,800
main,0.65,20,0.346115380525589,120.80839538574219,13842.4140625,0.6441168189048767,0.4820789098739624,0.03,200,800
main,0.65,30,0.000610392598900944,48.525596618652344,8330.4716796875,0.6497529149055481,0.48487019538879395,0.03,200,800
main,0.65,40,0.03914055973291397,36.15596008300781,5207.09814453125,0.6519783735275269,0.4860430657863617,0.03,200,800
main,0.65,50,0.035813573747873306,31.380970001220703,3362.246826171875,0.6481075286865234,0.48959246277809143,0.03,200,800
main,0.65,60,0.006836571730673313,25.8794002532959,2171.2763671875,0.6491731405258179,0.4897203743457794,0.03,200,800
main,0.65,70,5.820766091346741e-05,21.816293716430664,1420.3433837890625,0.6500762701034546,0.48502716422080994,0.03,200,800
main,0.65,80,0.0008888891316018999,19.98350715637207,904.6763305664062,0.6497018337249756,0.4848293364048004,0.03,200,800
main,0.65,90,8.218993752961978e-05,18.536476135253906,577.29248046875,0.6499093174934387,0.48928511142730713,0.03,200,800
main,0.65,100,1.7351808310195338e-06,17.873367309570312,375.1185607910156,0.6499868035316467,0.4899194538593292,0.03,200,800
main,0.65,110,1.961272027983796e-05,17.02535057067871,254.59742736816406,0.6500442624092102,0.48500779271125793,0.03,200,800
main,0.65,120,1.9955236894020345e-06,16.294353485107422,180.1744384765625,0.6499858498573303,0.48929038643836975,0.03,200,800
main,0.65,130,1.1951328815484885e-07,15.978584289550781,130.99671936035156,0.6499965190887451,0.4898762106895447,0.03,200,800
main,0.65,140,7.887379638304992e-07,15.812459945678711,100.14286804199219,0.6499910950660706,0.4899818003177643,0.03,200,800
main,0.65,150,5.115907697472721e-09,15.454021453857422,80.32073974609375,0.6499992609024048,0.4899854063987732,0.03,200,800
main,0.65,160,5.972111694063642e-08,15.37939453125,66.7712631225586,0.6500024199485779,0.4899868369102478,0.03,200,800
main,0.65,170,1.566746732351021e-08,15.183568954467773,56.866233825683594,0.6499987244606018,0.48929446935653687,0.03,200,800
main,0.65,180,3.552713678800501e-09,14.605122566223145,49.39201354980469,0.6500005722045898,0.4898754954338074,0.03,200,800
main,0.65,190,1.4210854715202004e-10,14.397360801696777,43.748653411865234,0.6500000953674316,0.48498451709747314,0.03,200,800
main,0.65,200,1.4210854715202004e-10,14.091246604919434,39.474159240722656,0.6500000953674316,0.4899854063987732,0.03,200,800
main,0.65,210,3.197442310920451e-10,13.714531898498535,36.131492614746094,0.6499997973442078,0.48998522758483887,0.03,200,800
main,0.65,220,1.4210854715202004e-10,13.504526138305664,33.503318786621094,0.6500000953674316,0.48498454689979553,0.03,200,800
main,0.65,230,0.0,13.292824745178223,31.383378982543945,0.6499999761581421,0.4898752272129059,0.03,200,800
main,0.65,240,0.0,13.08380126953125,29.728853225708008,0.6499999761581421,0.48498448729515076,0.03,200,800
main,0.65,250,0.0,12.653438568115234,28.393964767456055,0.6499999761581421,0.4899853467941284,0.03,200,800
main,0.65,260,0.0,12.384143829345703,27.276662826538086,0.6499999761581421,0.48498445749282837,0.03,200,800
main,0.65,270,0.0,12.279345512390137,26.335098266601562,0.6499999761581421,0.48987525701522827,0.03,200,800
main,0.65,280,0.0,12.225955963134766,25.531152725219727,0.6499999761581421,0.4898752272129059,0.03,200,800
main,0.65,290,0.0,12.172207832336426,24.843463897705078,0.6499999761581421,0.48929497599601746,0.03,200,800
main,0.65,300,0.0,11.741012573242188,24.2391414642334,0.6499999761581421,0.48929497599601746,0.03,200,800
main,0.65,310,0.0,11.447763442993164,23.695850372314453,0.6499999761581421,0.48929497599601746,0.03,200,800
main,0.65,320,0.0,11.3549222946167,23.230751037597656,0.6499999761581421,0.48929497599601746,0.03,200,800
main,0.65,330,0.0,11.260721206665039,22.8264102935791,0.6499999761581421,0.48929497599601746,0.03,200,800
main,0.65,340,0.0,11.164398193359375,22.47622299194336,0.6499999761581421,0.48929497599601746,0.03,200,800
main,0.65,350,0.0,11.065216064453125,22.169546127319336,0.6499999761581421,0.48929497599601746,0.03,200,800
main,0.65,360,0.0,10.838388442993164,21.89997100830078,0.6499999761581421,0.48929497599601746,0.03,200,800
main,0.65,370,0.0,10.712835311889648,21.656206130981445,0.6499999761581421,0.48929497599601746,0.03,200,800
main,0.65,380,0.0,10.639453887939453,21.435749053955078,0.6499999761581421,0.48929497599601746,0.03,200,800
main,0.65,390,0.0,10.575211524963379,21.228384017944336,0.6499999761581421,0.48929497599601746,0.03,200,800
main,0.65,400,0.0,10.561541557312012,21.036649703979492,0.6499999761581421,0.48929497599601746,0.03,200,800
main,0.65,410,0.0,10.250882148742676,20.85723114013672,0.6499999761581421,0.48929497599601746,0.03,200,800
main,0.65,420,0.0,9.946857452392578,20.69167709350586,0.6499999761581421,0.48929497599601746,0.03,200,800
main,0.65,430,0.0,9.702653884887695,20.5354061126709,0.6499999761581421,0.48929497599601746,0.03,200,800
main,0.65,440,0.0,9.333572387695312,20.385995864868164,0.6499999761581421,0.48929497599601746,0.03,200,800
main,0.65,450,0.0,9.206058502197266,20.24165153503418,0.6499999761581421,0.48929497599601746,0.03,200,800
main,0.65,460,0.0,9.138423919677734,20.104585647583008,0.6499999761581421,0.48929497599601746,0.03,200,800
main,0.65,470,0.0,9.069515228271484,19.971296310424805,0.6499999761581421,0.48929497599601746,0.03,200,800
main,0.65,480,0.0,9.000511169433594,19.842424392700195,0.6499999761581421,0.48929497599601746,0.03,200,800
main,0.65,490,0.0,8.931670188903809,19.713926315307617,0.6499999761581421,0.48929497599601746,0.03,200,800
main,0.65,500,0.0,8.863052368164062,19.58858871459961,0.6499999761581421,0.48929497599601746,0.03,200,800
main,0.65,510,0.0,8.794727325439453,19.468032836914062,0.6499999761581421,0.48929497599601746,0.03,200,800
main,0.65,520,0.0,8.713833808898926,19.349956512451172,0.6499999761581421,0.48929497599601746,0.03,200,800
main,0.65,530,0.0,8.605123519897461,19.23512840270996,0.6499999761581421,0.48929497599601746,0.03,200,800
main,0.65,540,0.0,8.501358032226562,19.121763229370117,0.6499999761581421,0.48929497599601746,0.03,200,800
main,0.65,550,0.0,8.405012130737305,19.01251983642578,0.6499999761581421,0.48929497599601746,0.03,200,800
main,0.65,560,0.0,8.330739974975586,18.90506935119629,0.6499999761581421,0.48929497599601746,0.03,200,800
main,0.65,570,0.0,8.272407531738281,18.798450469970703,0.6499999761581421,0.48929497599601746,0.03,200,800
main,0.65,580,0.0,8.214527130126953,18.694602966308594,0.6499999761581421,0.48929497599601746,0.03,200,800
main,0.65,590,0.0,8.15717887878418,18.59390640258789,0.6499999761581421,0.48929497599601746,0.03,200,800
main,0.65,600,0.0,8.100406646728516,18.49745750427246,0.6499999761581421,0.48929497599601746,0.03,200,800
main,0.65,610,0.0,8.025467872619629,18.400318145751953,0.6499999761581421,0.48929497599601746,0.03,200,800
main,0.65,620,0.0,7.8779096603393555,18.300132751464844,0.6499999761581421,0.48929497599601746,0.03,200,800
main,0.65,630,0.0,7.759617328643799,18.201337814331055,0.6499999761581421,0.48929497599601746,0.03,200,800
main,0.65,640,0.0,7.708778381347656,18.10765266418457,0.6499999761581421,0.48929497599601746,0.03,200,800
main,0.65,650,0.0,7.6587677001953125,18.01155662536621,0.6499999761581421,0.48929497599601746,0.03,200,800
main,0.65,660,0.0,7.580636501312256,17.91594886779785,0.6499999761581421,0.48929497599601746,0.03,200,800
main,0.65,670,0.0,7.432583808898926,17.823976516723633,0.6499999761581421,0.48929497599601746,0.03,200,800
main,0.65,680,0.0,7.322871208190918,17.733610153198242,0.6499999761581421,0.48929497599601746,0.03,200,800
main,0.65,690,0.0,7.238411903381348,17.643840789794922,0.6499999761581421,0.48929497599601746,0.03,200,800
main,0.65,700,0.0,7.1570210456848145,17.55644416809082,0.6499999761581421,0.48929497599601746,0.03,200,800
main,0.65,710,0.0,7.106512546539307,17.46953010559082,0.6499999761581421,0.48929497599601746,0.03,200,800
main,0.65,720,0.0,7.056869029998779,17.380908966064453,0.6499999761581421,0.48929497599601746,0.03,200,800
main,0.65,730,0.0,7.029921531677246,17.291149139404297,0.6499999761581421,0.48929497599601746,0.03,200,800
main,0.65,740,0.0,7.003040313720703,17.20521354675293,0.6499999761581421,0.48929497599601746,0.03,200,800
main,0.65,750,0.0,6.8738579750061035,17.121553421020508,0.6499999761581421,0.48929497599601746,0.03,200,800
main,0.65,760,0.0,6.69837760925293,17.039369583129883,0.6499999761581421,0.48929497599601746,0.03,200,800
main,0.65,770,0.0,6.634294509887695,16.957983016967773,0.6499999761581421,0.48929497599601746,0.03,200,800
main,0.65,780,0.0,6.585688591003418,16.877233505249023,0.6499999761581421,0.48929497599601746,0.03,200,800
main,0.65,790,0.0,6.547222137451172,16.79408836364746,0.6499999761581421,0.48929497599601746,0.03,200,800
main,0.65,800,0.0,6.528708457946777,16.711894989013672,0.6499999761581421,0.48929497599601746,0.03,200,800
main,0.7,0,41.33332824707031,5369.8154296875,48521.359375,0.6357089877128601,0.48406273126602173,0.03,200,800
main,0.7,10,27.024492263793945,1381.6650390625,30650.23046875,0.6480149030685425,0.48921892046928406,0.03,200,800
main,0.7,20,23.61735725402832,203.20144653320312,19383.33203125,0.6514022946357727,0.48969337344169617,0.03,200,800
main,0.7,30,20.982576370239258,135.8163299560547,11982.81640625,0.6542267799377441,0.49005258083343506,0.03,200,800
main,0.7,40,18.1584415435791,109.68496704101562,6988.166015625,0.659196674823761,0.4903685748577118,0.03,200,800
main,0.7,50,16.4415225982666,96.83604431152344,4230.69482421875,0.6594518423080444,0.48948609828948975,0.03,200,800
main,0.7,60,14.829591751098633,95.14149475097656,2681.741943359375,0.6616742014884949,0.49011263251304626,0.03,200,800
main,0.7,70,14.047516822814941,90.06136322021484,1733.31396484375,0.6628469824790955,0.4901482164859772,0.03,200,800
main,0.7,80,13.327126502990723,86.19140625,1143.3154296875,0.6636865735054016,0.49011245369911194,0.03,200,800
main,0.7,90,12.763579368591309,83.07881164550781,776.166748046875,0.6643879413604736,0.4900856018066406,0.03,200,800
main,0.7,100,12.291535377502441,79.916015625,561.6559448242188,0.6650033593177795,0.4900628626346588,0.03,200,800
main,0.7,110,11.887941360473633,78.17877197265625,419.3293762207031,0.6655623316764832,0.4900505840778351,0.03,200,800
main,0.7,120,11.535712242126465,77.09197235107422,321.7342224121094,0.6660720109939575,0.4900470972061157,0.03,200,800
main,0.7,130,11.225442886352539,76.4970703125,255.16342163085938,0.6665341258049011,0.49004819989204407,0.03,200,800
main,0.7,140,10.95134449005127,75.77780151367188,210.55287170410156,0.666949987411499,0.4900504946708679,0.03,200,800
main,0.7,150,10.708247184753418,75.15581512451172,179.90887451171875,0.6673226356506348,0.49005210399627686,0.03,200,800
main,0.7,160,10.491617202758789,74.67802429199219,157.66046142578125,0.667656660079956,0.49005258083343506,0.03,200,800
main,0.7,170,10.297810554504395,74.33639526367188,141.19400024414062,0.6679571270942688,0.4900522828102112,0.03,200,800
main,0.7,180,10.126631736755371,73.95775604248047,128.79385375976562,0.6682103276252747,0.4900432825088501,0.03,200,800
main,0.7,190,9.974964141845703,73.40550231933594,119.5106430053711,0.6684471964836121,0.4900415539741516,0.03,200,800
main,0.7,200,9.837003707885742,72.90753173828125,112.11768341064453,0.6686819195747375,0.49005091190338135,0.03,200,800
main,0.7,210,9.710628509521484,72.60186767578125,106.27326202392578,0.6688808798789978,0.49004897475242615,0.03,200,800
main,0.7,220,9.595138549804688,71.8363265991211,101.60086059570312,0.6690710186958313,0.4900512099266052,0.03,200,800
main,0.7,230,9.489601135253906,71.42399597167969,97.65851593017578,0.6692392826080322,0.49004966020584106,0.03,200,800
main,0.7,240,9.392268180847168,71.2724380493164,94.23468780517578,0.6693943738937378,0.4900476634502411,0.03,200,800
main,0.7,250,9.302490234375,70.26592254638672,91.29638671875,0.6695556640625,0.49005526304244995,0.03,200,800
main,0.7,260,9.21846866607666,70.15211486816406,88.73283386230469,0.6696761250495911,0.49004560708999634,0.03,200,800
main,0.7,270,9.13998031616211,70.04739379882812,86.50115966796875,0.6698117852210999,0.4900490343570709,0.03,200,800
main,0.7,280,9.067254066467285,69.58599853515625,84.55134582519531,0.6699351668357849,0.4900504946708679,0.03,200,800
main,0.7,290,8.999625205993652,69.44123077392578,82.8540267944336,0.6700459718704224,0.49004948139190674,0.03,200,800
main,0.7,300,8.936092376708984,68.25445556640625,81.35285186767578,0.6701511740684509,0.49004891514778137,0.03,200,800
main,0.7,310,8.876921653747559,66.72775268554688,80.01757049560547,0.6702491044998169,0.4900481700897217,0.03,200,800
main,0.7,320,8.821344375610352,66.43019104003906,78.82757568359375,0.6703490614891052,0.49005159735679626,0.03,200,800
main,0.7,330,8.769218444824219,66.08998107910156,77.73112487792969,0.6704319715499878,0.490048885345459,0.03,200,800
main,0.7,340,8.7202787399292,65.40831756591797,76.73629760742188,0.6705178022384644,0.49005046486854553,0.03,200,800
main,0.7,350,8.674281120300293,64.52580261230469,75.85724639892578,0.6705965995788574,0.4900508224964142,0.03,200,800
main,0.7,360,8.630987167358398,63.670005798339844,75.07147216796875,0.6706686615943909,0.49004995822906494,0.03,200,800
main,0.7,370,8.59019660949707,63.17494201660156,74.3463363647461,0.6707382798194885,0.49004995822906494,0.03,200,800
main,0.7,380,8.551651000976562,62.89308166503906,73.6510238647461,0.670804500579834,0.4900501072406769,0.03,200,800
main,0.7,390,8.515231132507324,62.60133361816406,73.01122283935547,0.6708664298057556,0.4900498390197754,0.03,200,800
main,0.7,400,8.480746269226074,62.362281799316406,72.41724395751953,0.6709256172180176,0.490049809217453,0.03,200,800
main,0.7,410,8.44799518585205,61.781959533691406,71.87151336669922,0.6709818243980408,0.49004971981048584,0.03,200,800
main,0.7,420,8.416897773742676,61.54534149169922,71.36723327636719,0.6710352301597595,0.4900496006011963,0.03,200,800
main,0.7,430,8.387332916259766,61.42084503173828,70.90254211425781,0.671086311340332,0.4900496006011963,0.03,200,800
main,0.7,440,8.35920524597168,61.29486846923828,70.47008514404297,0.6711346507072449,0.49004942178726196,0.03,200,800
main,0.7,450,8.332352638244629,61.16731262207031,70.0608139038086,0.6711812019348145,0.49004942178726196,0.03,200,800
main,0.7,460,8.30671501159668,61.0383415222168,69.67556762695312,0.6712255477905273,0.4900493323802948,0.03,200,800
main,0.7,470,8.282090187072754,60.907920837402344,69.31240844726562,0.6712667346000671,0.49004846811294556,0.03,200,800
main,0.7,480,8.257308959960938,60.775970458984375,68.96253967285156,0.6713070273399353,0.4900469183921814,0.03,200,800
main,0.7,490,8.233182907104492,60.64252853393555,68.62841796875,0.6713510751724243,0.49004799127578735,0.03,200,800
main,0.7,500,8.209962844848633,60.50767517089844,68.3084487915039,0.6713911294937134,0.49004772305488586,0.03,200,800
main,0.7,510,8.187600135803223,60.24834442138672,68.00060272216797,0.6714296340942383,0.4900473952293396,0.03,200,800
main,0.7,520,8.166106224060059,59.944374084472656,67.7027587890625,0.671467661857605,0.4900476038455963,0.03,200,800
main,0.7,530,8.145461082458496,59.64117431640625,67.41205596923828,0.6715033650398254,0.4900473356246948,0.03,200,800
main,0.7,540,8.125600814819336,59.314090728759766,67.12525177001953,0.671538233757019,0.4900473356246948,0.03,200,800
main,0.7,550,8.10654354095459,58.83575439453125,66.8354721069336,0.6715717315673828,0.4900473356246948,0.03,200,800
main,0.7,560,8.088133811950684,58.35797119140625,66.54955291748047,0.671603798866272,0.4900471568107605,0.03,200,800
main,0.7,570,8.070502281188965,57.95545959472656,66.26588439941406,0.6716349720954895,0.4900472164154053,0.03,200,800
main,0.7,580,8.053445816040039,57.668617248535156,65.98590087890625,0.671664834022522,0.4900470972061157,0.03,200,800
main,0.7,590,8.037042617797852,57.477264404296875,65.7143783569336,0.6716936826705933,0.49004703760147095,0.03,200,800
main,0.7,600,8.021162986755371,57.346439361572266,65.44180297851562,0.6717216372489929,0.49004697799682617,0.03,200,800
main,0.7,610,8.005937576293945,57.1485595703125,65.16735076904297,0.6717484593391418,0.4900469183921814,0.03,200,800
main,0.7,620,7.991165637969971,57.0498046875,64.8991470336914,0.6717745065689087,0.4900468587875366,0.03,200,800
main,0.7,630,7.976938724517822,56.949119567871094,64.64804077148438,0.6717997193336487,0.4900468587875366,0.03,200,800
main,0.7,640,7.963167190551758,56.814613342285156,64.40318298339844,0.671824038028717,0.49004679918289185,0.03,200,800
main,0.7,650,7.949845790863037,55.69038391113281,64.15902709960938,0.6718475222587585,0.4900467097759247,0.03,200,800
main,0.7,660,7.937028408050537,55.458885192871094,63.916290283203125,0.6718703508377075,0.49004673957824707,0.03,200,800
main,0.7,670,7.924535751342773,54.9439582824707,63.676666259765625,0.6718923449516296,0.4900466203689575,0.03,200,800
main,0.7,680,7.912506103515625,54.460838317871094,63.44147491455078,0.6719138622283936,0.4900466799736023,0.03,200,800
main,0.7,690,7.900866508483887,54.03190994262695,63.20524597167969,0.6719344258308411,0.49004659056663513,0.03,200,800
main,0.7,700,7.8895649909973145,53.63447570800781,62.973445892333984,0.6719545125961304,0.49004656076431274,0.03,200,800
main,0.7,710,7.878602504730225,53.2554817199707,62.74811553955078,0.6719740629196167,0.49004656076431274,0.03,200,800
main,0.7,720,7.866844654083252,52.899261474609375,62.52448272705078,0.6720185875892639,0.49005791544914246,0.03,200,800
main,0.7,730,7.850018501281738,52.54851531982422,62.299598693847656,0.6720300912857056,0.49004918336868286,0.03,200,800
main,0.7,740,7.831911563873291,52.201759338378906,62.07203674316406,0.6720742583274841,0.4900548756122589,0.03,200,800
main,0.7,750,7.814312934875488,51.94329071044922,61.84592819213867,0.6721000671386719,0.490052193403244,0.03,200,800
main,0.7,760,7.797611713409424,51.67632293701172,61.62163162231445,0.672130823135376,0.49005258083343506,0.03,200,800
main,0.7,770,7.781904697418213,51.319557189941406,61.393455505371094,0.6721601486206055,0.49005311727523804,0.03,200,800
main,0.7,780,7.767127990722656,50.81005096435547,61.15851593017578,0.672184944152832,0.4900522828102112,0.03,200,800
main,0.7,790,7.753230094909668,50.04682159423828,60.9111213684082,0.6722108125686646,0.4900527000427246,0.03,200,800
main,0.7,800,7.739978313446045,49.820098876953125,60.65260696411133,0.6722344160079956,0.49005258083343506,0.03,200,800
main,0.75,0,108.2060775756836,3306.6875,34753.94921875,0.6459778547286987,0.48929280042648315,0.03,200,800
main,0.75,10,98.44314575195312,641.6683349609375,19282.9375,0.6508203148841858,0.4900832772254944,0.03,200,800
main,0.75,20,92.07320404052734,292.4910583496094,10408.1259765625,0.6542395353317261,0.49018311500549316,0.03,200,800
main,0.75,30,84.67509460449219,248.20021057128906,5666.298828125,0.6581882834434509,0.4901852309703827,0.03,200,800
main,0.75,40,78.96021270751953,230.57809448242188,3287.634765625,0.6612995862960815,0.4901594817638397,0.03,200,800
main,0.75,50,74.89656829833984,219.04083251953125,1996.967529296875,0.6636840105056763,0.4901878535747528,0.03,200,800
main,0.75,60,72.09770202636719,203.8292236328125,1263.112548828125,0.6651804447174072,0.49011778831481934,0.03,200,800
main,0.75,70,70.55313873291016,195.51510620117188,861.420166015625,0.6662383079528809,0.4901880621910095,0.03,200,800
main,0.75,80,69.40779876708984,190.34906005859375,616.6661987304688,0.6668402552604675,0.49015071988105774,0.03,200,800
main,0.75,90,68.44408416748047,184.67015075683594,465.4389953613281,0.6673863530158997,0.4901321232318878,0.03,200,800
main,0.75,100,67.66062927246094,181.27049255371094,375.59014892578125,0.6678863763809204,0.49014517664909363,0.03,200,800
main,0.75,110,67.03140258789062,179.26296997070312,318.2568359375,0.6682558059692383,0.49013757705688477,0.03,200,800
main,0.75,120,66.51884460449219,177.88070678710938,280.240478515625,0.6685566902160645,0.49013033509254456,0.03,200,800
main,0.75,130,66.07029724121094,174.41748046875,254.35623168945312,0.6688697934150696,0.49014976620674133,0.03,200,800
main,0.75,140,65.61663055419922,172.47235107421875,235.7346649169922,0.6691900491714478,0.49016815423965454,0.03,200,800
main,0.75,150,65.18270111083984,168.78005981445312,221.75521850585938,0.669427216053009,0.49015384912490845,0.03,200,800
main,0.75,160,64.79424285888672,165.74984741210938,210.8118896484375,0.6697322726249695,0.4901812970638275,0.03,200,800
main,0.75,170,64.44991302490234,163.77749633789062,202.1796875,0.6698877215385437,0.4901559352874756,0.03,200,800
main,0.75,180,64.15435028076172,162.6481475830078,195.39410400390625,0.6700894832611084,0.4901636242866516,0.03,200,800
main,0.75,190,63.89327621459961,161.421875,189.93478393554688,0.6702622175216675,0.49016761779785156,0.03,200,800
main,0.75,200,63.682132720947266,160.15322875976562,185.68124389648438,0.6703962683677673,0.4901682734489441,0.03,200,800
main,0.75,210,63.51270294189453,158.93856811523438,182.22882080078125,0.6705139875411987,0.49017298221588135,0.03,200,800
main,0.75,220,63.34990692138672,157.41514587402344,179.41281127929688,0.6705336570739746,0.49013447761535645,0.03,200,800
main,0.75,230,63.233299255371094,156.3888397216797,177.06263732910156,0.6705859303474426,0.4901227355003357,0.03,200,800
main,0.75,240,63.12977600097656,155.6646270751953,175.0467987060547,0.6706849336624146,0.49014103412628174,0.03,200,800
main,0.75,250,63.036617279052734,154.04884338378906,173.26683044433594,0.6707223057746887,0.4901297688484192,0.03,200,800
main,0.75,260,62.95173263549805,153.15911865234375,171.6659698486328,0.6707906126976013,0.49013763666152954,0.03,200,800
main,0.75,270,62.880313873291016,152.08560180664062,170.2626953125,0.6708663105964661,0.49015265703201294,0.03,200,800
main,0.75,280,62.81816864013672,151.21884155273438,168.97193908691406,0.670816957950592,0.4901033341884613,0.03,200,800
main,0.75,290,62.747039794921875,150.35601806640625,167.77398681640625,0.6709303259849548,0.49014291167259216,0.03,200,800
main,0.75,300,62.69320297241211,148.9751434326172,166.64535522460938,0.6709076166152954,0.4901111125946045,0.03,200,800
main,0.75,310,62.64171600341797,148.47341918945312,165.5977325439453,0.6710021495819092,0.4901454746723175,0.03,200,800
main,0.75,320,62.58510971069336,147.98159790039062,164.60076904296875,0.6709907650947571,0.49012020230293274,0.03,200,800
main,0.75,330,62.54157638549805,147.6248779296875,163.640869140625,0.6710129976272583,0.49011701345443726,0.03,200,800
main,0.75,340,62.505516052246094,147.26580810546875,162.71646118164062,0.6710975766181946,0.4901498854160309,0.03,200,800
main,0.75,350,62.46669387817383,146.77944946289062,161.81410217285156,0.671148419380188,0.49016183614730835,0.03,200,800
main,0.75,360,62.41807174682617,146.28988647460938,160.94789123535156,0.6710863709449768,0.4901140332221985,0.03,200,800
main,0.75,370,62.39081573486328,145.83261108398438,160.1391143798828,0.6710776686668396,0.4900965094566345,0.03,200,800
main,0.75,380,62.345516204833984,145.39932250976562,159.3760986328125,0.6711627840995789,0.4901316165924072,0.03,200,800
main,0.75,390,62.31186294555664,144.97348022460938,158.61181640625,0.6711646318435669,0.49012064933776855,0.03,200,800
main,0.75,400,62.28014373779297,144.09996032714844,157.85687255859375,0.6712148189544678,0.4901371896266937,0.03,200,800
main,0.75,410,62.251373291015625,143.60897827148438,157.1260986328125,0.6712050437927246,0.49012184143066406,0.03,200,800
main,0.75,420,62.22291946411133,142.90725708007812,156.4283447265625,0.6712450981140137,0.49013403058052063,0.03,200,800
main,0.75,430,62.19715881347656,142.17559814453125,155.72633361816406,0.6712332963943481,0.49011820554733276,0.03,200,800
main,0.75,440,62.17819595336914,140.90162658691406,154.97975158691406,0.6712170243263245,0.49009978771209717,0.03,200,800
main,0.75,450,62.14824295043945,139.64874267578125,154.24114990234375,0.6713101863861084,0.4901430606842041,0.03,200,800
main,0.75,460,62.120723724365234,138.5106201171875,153.5517120361328,0.6712948679924011,0.49012577533721924,0.03,200,800
main,0.75,470,62.10266876220703,137.3975372314453,152.88282775878906,0.6713042855262756,0.4901246130466461,0.03,200,800
main,0.75,480,62.08513641357422,136.7425537109375,152.2378387451172,0.6713816523551941,0.490157812833786,0.03,200,800
main,0.75,490,62.01081466674805,136.2004852294922,151.5946807861328,0.6713725328445435,0.49013009667396545,0.03,200,800
main,0.75,500,61.92716598510742,135.6829833984375,150.92855834960938,0.6714255809783936,0.4901300072669983,0.03,200,800
main,0.75,510,61.84770202636719,135.17462158203125,150.23895263671875,0.6714759469032288,0.49012988805770874,0.03,200,800
main,0.75,520,61.77210235595703,134.67120361328125,149.53611755371094,0.6715239882469177,0.49012982845306396,0.03,200,800
main,0.75,530,61.700279235839844,134.1729736328125,148.860595703125,0.6715697050094604,0.4901297986507416,0.03,200,800
main,0.75,540,61.63178634643555,133.677490234375,148.22601318359375,0.6716132760047913,0.4901297390460968,0.03,200,800
main,0.75,550,61.5665283203125,133.23788452148438,147.60890197753906,0.6716545820236206,0.4901295602321625,0.03,200,800
main,0.75,560,61.504241943359375,133.0067596435547,147.02198791503906,0.6716943979263306,0.49012959003448486,0.03,200,800
main,0.75,570,61.44481658935547,132.77886962890625,146.46656799316406,0.6717321872711182,0.4901295006275177,0.03,200,800
main,0.75,580,61.3879280090332,132.5516357421875,145.93812561035156,0.6717684864997864,0.4901294708251953,0.03,200,800
main,0.75,590,61.33340072631836,132.22642517089844,145.4272003173828,0.6718031764030457,0.49012938141822815,0.03,200,800
main,0.75,600,61.28129959106445,131.4820556640625,144.9256591796875,0.6718365550041199,0.49012941122055054,0.03,200,800
main,0.75,610,61.23129653930664,130.98779296875,144.42684936523438,0.6718683242797852,0.490129292011261,0.03,200,800
main,0.75,620,61.18335723876953,130.797607421875,143.91676330566406,0.6718989014625549,0.4901292324066162,0.03,200,800
main,0.75,630,61.137359619140625,130.389892578125,143.4044189453125,0.6719284057617188,0.4901292622089386,0.03,200,800
main,0.75,640,61.09308624267578,129.96365356445312,142.88787841796875,0.6719566583633423,0.4901292026042938,0.03,200,800
main,0.75,650,61.05071258544922,129.5391845703125,142.34259033203125,0.671983540058136,0.4901290535926819,0.03,200,800
main,0.75,660,61.00978088378906,129.11627197265625,141.80606079101562,0.6720098853111267,0.49012911319732666,0.03,200,800
main,0.75,670,60.97039794921875,128.69644165039062,141.28652954101562,0.6720349192619324,0.4901289939880371,0.03,200,800
main,0.75,680,60.93254089355469,128.27284240722656,140.7599639892578,0.6720594167709351,0.49012911319732666,0.03,200,800
main,0.75,690,60.896053314208984,127.82261657714844,140.24520874023438,0.6720826625823975,0.4901290237903595,0.03,200,800
main,0.75,700,60.86087417602539,127.49222564697266,139.74269104003906,0.6721051335334778,0.4901289641857147,0.03,200,800
main,0.75,710,60.82692337036133,127.07087707519531,139.2595977783203,0.6721267104148865,0.49012884497642517,0.03,200,800
main,0.75,720,60.79423904418945,126.1951904296875,138.80690002441406,0.6721477508544922,0.49012887477874756,0.03,200,800
main,0.75,730,60.76253128051758,124.76475524902344,138.3511962890625,0.672167956829071,0.4901287853717804,0.03,200,800
main,0.75,740,60.732086181640625,123.8018569946289,137.90220642089844,0.6721876263618469,0.49012884497642517,0.03,200,800
main,0.75,750,60.70250701904297,122.73043060302734,137.4609832763672,0.6722065806388855,0.4901288151741028,0.03,200,800
main,0.75,760,60.67387771606445,121.86589813232422,137.0205841064453,0.6722248196601868,0.4901287257671356,0.03,200,800
main,0.75,770,60.64625549316406,121.05886840820312,136.5894012451172,0.6722425222396851,0.49012869596481323,0.03,200,800
main,0.75,780,60.61955642700195,119.98225402832031,136.15875244140625,0.6722597479820251,0.4901287257671356,0.03,200,800
main,0.75,790,60.59364700317383,118.91608428955078,135.7339324951172,0.6722761392593384,0.4901285767555237,0.03,200,800
main,0.75,800,60.56856155395508,117.90019226074219,135.30438232421875,0.6722921133041382,0.4901284873485565,0.03,200,800
