sample_index,y_achieved,error,extra_reach,max_xr,max_xb,constraint_violation,feasible,noise_Kb,noise_Mb,noise_hb,param_Kb,param_Kr,param_Mb,param_hb,param_hr,param_f0,param_f1,param_A,param_x_r_start
0,0.62030913069977,0.0003091306997700105,0.12030913069977,0.4895689361697321,0.21800958032913764,0.0,True,0.015235853987721568,-0.05199920531202478,0.03752255979032287,1015.2358539877215,2950.19838671802,18.960015893759504,0.10375225597903229,0.3033302659102848,0.2866431327964431,1.703699796515802,0.1049685598496239,0.3698172405431865
1,0.6457545415779198,0.025754541577919787,0.14575454157791978,0.4915176237406204,0.24522869814868042,0.0,True,0.0470282358195607,-0.09755175943269183,-0.06510897534311591,1047.0282358195607,2950.19838671802,18.048964811346163,0.09348910246568842,0.3033302659102848,0.2866431327964431,1.703699796515802,0.1049685598496239,0.3698172405431865
2,0.618786993310285,0.0012130066897150238,0.11878699331028497,0.489112222169033,0.21675845636670238,0.0,True,0.006392020158364269,-0.01581212961717911,-0.0008400578752144398,1006.3920201583643,2950.19838671802,19.683757407656415,0.09991599421247856,0.3033302659102848,0.2866431327964431,1.703699796515802,0.1049685598496239,0.3698172405431865
3,0.6019138357296367,0.018086164270363247,0.10191383572963675,0.48921791385129587,0.2016121800545943,0.0,True,-0.04265219637867901,0.04396989874314143,0.03888959677144742,957.347803621321,2950.19838671802,20.879397974862826,0.10388895967714473,0.3033302659102848,0.2866431327964431,1.703699796515802,0.1049685598496239,0.3698172405431865
4,0.6042947160542403,0.01570528394575965,0.10429471605424034,0.4890511815917992,0.20181514398028158,0.0,True,0.0033015348780608025,0.056362060348401646,0.023375467112602282,1003.3015348780607,2950.19838671802,21.127241206968034,0.10233754671126023,0.3033302659102848,0.2866431327964431,1.703699796515802,0.1049685598496239,0.3698172405431865
5,0.6170910634203123,0.0029089365796877154,0.11709106342031228,0.48876736375329427,0.2195249679033054,0.0,True,-0.04296462314416191,0.018437539204124942,-0.04794413004144995,957.0353768558381,2950.19838671802,20.3687507840825,0.09520558699585502,0.3033302659102848,0.2866431327964431,1.703699796515802,0.1049685598496239,0.3698172405431865
6,0.6191365017517069,0.0008634982482931264,0.11913650175170687,0.4895229611482037,0.21783645453502706,0.0,True,0.043922515065363626,-0.002496295549312645,-0.009243118177263029,1043.9225150653638,2950.19838671802,19.950074089013746,0.0990756881822737,0.3033302659102848,0.2866431327964431,1.703699796515802,0.1049685598496239,0.3698172405431865
7,0.6053648631040814,0.014635136895918555,0.10536486310408144,0.4895023473756455,0.2065742008739329,0.0,True,-0.03404647722019707,0.06112706693370151,-0.007726474103440108,965.9535227798029,2950.19838671802,21.222541338674034,0.099227352589656,0.3033302659102848,0.2866431327964431,1.703699796515802,0.1049685598496239,0.3698172405431865
8,0.6141370168089227,0.005862983191077253,0.11413701680892274,0.48849308385003826,0.21369913042669833,0.0,True,-0.021416391108155363,-0.01760667752441148,0.02661545927766744,978.5836088918446,2950.19838671802,19.64786644951177,0.10266154592776676,0.3033302659102848,0.2866431327964431,1.703699796515802,0.1049685598496239,0.3698172405431865
9,0.6107843750152269,0.00921562498477313,0.11078437501522687,0.48859568883027177,0.20800854435784485,0.0,True,0.018272203218203917,0.02063663057979942,0.021541050150394137,1018.2722032182039,2950.19838671802,20.412732611595988,0.10215410501503941,0.3033302659102848,0.2866431327964431,1.703699796515802,0.1049685598496239,0.3698172405431865
10,0.6277072825634081,0.0077072825634081354,0.12770728256340813,0.49086508087646197,0.22342452891199974,0.0,True,0.10708238004352306,-0.02032075081923078,-0.025612136453576868,1107.082380043523,2950.19838671802,19.593584983615383,0.09743878635464231,0.3033302659102848,0.2866431327964431,1.703699796515802,0.1049685598496239,0.3698172405431865
11,0.602387007949241,0.017612992050758947,0.10238700794924105,0.4889284255528043,0.20076331821940047,0.0,True,-0.04068863641239389,0.030798971128774784,0.056448614636044586,959.3113635876061,2950.19838671802,20.615979422575496,0.10564486146360447,0.3033302659102848,0.2866431327964431,1.703699796515802,0.1049685598496239,0.3698172405431865
12,0.6275875869209353,0.0075875869209353075,0.1275875869209353,0.4895662907564603,0.2293159154465325,0.0,True,-0.005697372882743754,-0.0420078238481264,-0.04122406078456198,994.3026271172563,2950.19838671802,19.159843523037473,0.09587759392154381,0.3033302659102848,0.2866431327964431,1.703699796515802,0.1049685598496239,0.3698172405431865
13,0.6082043001927171,0.0117956998072829,0.1082043001927171,0.48856657840179163,0.20439478788879595,0.0,True,0.03252963939123506,0.03716270856017211,0.02715771341525975,1032.5296393912352,2950.19838671802,20.74325417120344,0.10271577134152599,0.3033302659102848,0.2866431327964431,1.703699796515802,0.1049685598496239,0.3698172405431865
14,0.6115955715243282,0.008404428475671799,0.1115955715243282,0.4884998055405907,0.21054914506347477,0.0,True,-0.03327548536443472,0.01160806615333599,0.005834290457036411,966.7245146355654,2950.19838671802,20.23216132306672,0.10058342904570364,0.3033302659102848,0.2866431327964431,1.703699796515802,0.1049685598496239,0.3698172405431865
15,0.6072422984099483,0.01275770159005174,0.10724229840994826,0.48873132456123464,0.20660212570841138,0.0,True,0.010934429836450647,0.0435714388974095,0.011179777438734113,1010.9344298364507,2950.19838671802,20.87142877794819,0.10111797774387342,0.3033302659102848,0.2866431327964431,1.703699796515802,0.1049685598496239,0.3698172405431865
16,0.614406280881458,0.0055937191185420065,0.11440628088145799,0.48918235177136365,0.2123717953028142,0.0,True,0.03394567815359475,0.003378953474444573,0.014455969934499208,1033.9456781535948,2950.19838671802,20.067579069488893,0.10144559699344993,0.3033302659102848,0.2866431327964431,1.703699796515802,0.1049685598496239,0.3698172405431865
17,0.6317116156577127,0.011711615657712726,0.13171161565771272,0.49052003816153744,0.23075437543736776,0.0,True,0.03156441129192702,-0.07285779099278332,-0.015983560817865068,1031.5644112919272,2950.19838671802,18.542844180144332,0.09840164391821349,0.3033302659102848,0.2866431327964431,1.703699796515802,0.1049685598496239,0.3698172405431865
18,0.6221151428964325,0.0021151428964325536,0.12211514289643255,0.4888579239313416,0.22288723752020828,0.0,True,-0.023518632714639776,-0.0319438924121671,-0.013757112561334188,976.4813672853603,2950.19838671802,19.361122151756657,0.09862428874386658,0.3033302659102848,0.2866431327964431,1.703699796515802,0.1049685598496239,0.3698172405431865
19,0.619513095487845,0.0004869045121550508,0.11951309548784494,0.490341038689188,0.2150391978569645,0.0,True,0.0747470655617198,-0.043291555784662164,0.04841391772957404,1074.7470655617196,2950.19838671802,19.134168884306757,0.10484139177295743,0.3033302659102848,0.2866431327964431,1.703699796515802,0.1049685598496239,0.3698172405431865
20,0.6132479862515843,0.0067520137484157194,0.11324798625158428,0.4883999173803283,0.21604251996805127,0.0,True,-0.08414348858079024,-0.016744251499288744,0.00813765325525028,915.8565114192097,2950.19838671802,19.665114970014226,0.10081376532552502,0.3033302659102848,0.2866431327964431,1.703699796515802,0.1049685598496239,0.3698172405431865
21,0.6067755786465601,0.01322442135343993,0.10677557864656007,0.48846341064826915,0.20281272497284766,0.0,True,0.02931111656796391,0.03556132898964275,0.039667361759996266,1029.3111165679638,2950.19838671802,20.711226579792857,0.10396673617599964,0.3033302659102848,0.2866431327964431,1.703699796515802,0.1049685598496239,0.3698172405431865
22,0.6134371942890167,0.006562805710983333,0.11343719428901666,0.48851265125602283,0.21179699306006394,0.0,True,-0.01743625361242188,-0.02311758963322836,0.042898794062857695,982.5637463875781,2950.19838671802,19.537648207335433,0.10428987940628578,0.3033302659102848,0.2866431327964431,1.703699796515802,0.1049685598496239,0.3698172405431865
23,0.6343868280135276,0.014386828013527642,0.13438682801352764,0.48994176437043546,0.23709495618814055,0.0,True,-0.009565216244080745,-0.0637843161668961,-0.056664360700174034,990.4347837559192,2950.19838671802,18.724313676662078,0.0943335639299826,0.3033302659102848,0.2866431327964431,1.703699796515802,0.1049685598496239,0.3698172405431865
24,0.6089330986995927,0.011066901300407328,0.10893309869959267,0.4888894026252341,0.20952514069514028,0.0,True,-0.045972614300080566,0.024858037202688203,0.007121286803528262,954.0273856999194,2950.19838671802,20.497160744053765,0.10071212868035283,0.3033302659102848,0.2866431327964431,1.703699796515802,0.1049685598496239,0.3698172405431865
25,0.6197531102528014,0.00024688974719855317,0.11975311025280144,0.48955971862751246,0.2179298180534751,0.0,True,0.034524267703388414,-0.021362632316826714,0.007926984553835711,1034.5242677033884,2950.19838671802,19.572747353663466,0.10079269845538358,0.3033302659102848,0.2866431327964431,1.703699796515802,0.1049685598496239,0.3698172405431865
26,0.6161149847751057,0.0038850152248942615,0.11611498477510573,0.4893620545424345,0.21437279938498466,0.0,True,0.031279519698366835,-0.015467326986011921,0.022838761877870574,1031.2795196983668,2950.19838671802,19.690653460279762,0.10228387618778706,0.3033302659102848,0.2866431327964431,1.703699796515802,0.1049685598496239,0.3698172405431865
27,0.6192766687093446,0.0007233312906553824,0.11927666870934461,0.4885961157957047,0.2215000073727698,0.0,True,-0.033096297053332564,-0.01815269232825359,-0.019086894699916455,966.9037029466674,2950.19838671802,19.636946153434927,0.09809131053000836,0.3033302659102848,0.2866431327964431,1.703699796515802,0.1049685598496239,0.3698172405431865
28,0.6117743932815541,0.008225606718445855,0.11177439328155414,0.48902750582373755,0.21483743163066646,0.0,True,-0.05979198227945198,0.024348624039279093,-0.023470117010136196,940.2080177205481,2950.19838671802,20.48697248078558,0.09765298829898639,0.3033302659102848,0.2866431327964431,1.703699796515802,0.1049685598496239,0.3698172405431865
29,0.6085808864108895,0.011419113589110519,0.10858088641088948,0.4884210958819617,0.20777765660245145,0.0,True,0.0006247059363843715,0.024037332945295448,0.022326558801497205,1000.6247059363844,2950.19838671802,20.480746658905908,0.10223265588014972,0.3033302659102848,0.2866431327964431,1.703699796515802,0.1049685598496239,0.3698172405431865
30,0.6202225006048481,0.00022250060484807488,0.12022250060484807,0.489486412970706,0.2202089995913494,0.0,True,0.03326925544863931,-0.004924274225471181,-0.02116491560220769,1033.2692554486393,2950.19838671802,19.901514515490575,0.09788350843977923,0.3033302659102848,0.2866431327964431,1.703699796515802,0.1049685598496239,0.3698172405431865
31,0.6416343995374779,0.021634399537477922,0.14163439953747792,0.4903942520832779,0.24404035812538633,0.0,True,-0.003985910545319953,-0.08436672169790149,-0.07235562362115437,996.0140894546801,2950.19838671802,18.31266556604197,0.09276443763788457,0.3033302659102848,0.2866431327964431,1.703699796515802,0.1049685598496239,0.3698172405431865
32,0.6180045393418488,0.001995460658151149,0.11800453934184885,0.4883697936783599,0.21888801104139832,0.0,True,-0.06613498061772012,-0.04986234138007409,0.019988711336171833,933.8650193822798,2950.19838671802,19.00275317239852,0.10199887113361719,0.3033302659102848,0.2866431327964431,1.703699796515802,0.1049685598496239,0.3698172405431865
33,0.6087539648434869,0.011246035156513123,0.10875396484348687,0.4880377518702722,0.2063820093357789,0.0,True,-0.04527395276800304,-0.018908127701969486,0.06496141488930328,954.726047231997,2950.19838671802,19.62183744596061,0.10649614148893033,0.3033302659102848,0.2866431327964431,1.703699796515802,0.1049685598496239,0.3698172405431865
34,0.6147260929983536,0.005273907001646427,0.11472609299835357,0.48890341538628074,0.21586323773779076,0.0,True,-0.017813198553071296,0.03687577842335433,-0.046680884000493854,982.1868014469287,2950.19838671802,20.73751556846709,0.09533191159995062,0.3033302659102848,0.2866431327964431,1.703699796515802,0.1049685598496239,0.3698172405431865
35,0.6252399555193007,0.005239955519300676,0.12523995551930067,0.4894333221220323,0.22558849910831766,0.0,True,-0.010271877893381501,-0.047501102745529065,-0.016951653795028124,989.7281221066186,2950.19838671802,19.049977945089417,0.09830483462049719,0.3033302659102848,0.2866431327964431,1.703699796515802,0.1049685598496239,0.3698172405431865
36,0.6298004424561168,0.009800442456116776,0.12980044245611677,0.49070943453067795,0.22715871173923285,0.0,True,0.04201540687286978,-0.08636602115961745,0.021721182177292866,1042.0154068728698,2950.19838671802,18.27267957680765,0.1021721182177293,0.3033302659102848,0.2866431327964431,1.703699796515802,0.1049685598496239,0.3698172405431865
37,0.631214625852525,0.011214625852524973,0.13121462585252497,0.4898387482581358,0.23393089124265598,0.0,True,0.011886780116613895,-0.02970749778483972,-0.07230289271942274,1011.8867801166139,2950.19838671802,19.405850044303207,0.09276971072805773,0.3033302659102848,0.2866431327964431,1.703699796515802,0.1049685598496239,0.3698172405431865
38,0.6187088118587528,0.0012911881412471793,0.11870881185875282,0.4891669474038303,0.21682342712579428,0.0,True,0.003606475385693476,-0.02647463545319012,0.011633810567735199,1003.6064753856934,2950.19838671802,19.470507290936197,0.10116338105677353,0.3033302659102848,0.2866431327964431,1.703699796515802,0.1049685598496239,0.3698172405431865
39,0.6052039356401816,0.014796064359818395,0.1052039356401816,0.48955535773593983,0.20362075988799025,0.0,True,0.001092607276172144,0.08008894456604577,-0.011967781373651214,1001.0926072761721,2950.19838671802,21.601778891320915,0.09880322186263489,0.3033302659102848,0.2866431327964431,1.703699796515802,0.1049685598496239,0.3698172405431865
40,0.6107864792407739,0.009213520759226101,0.1107864792407739,0.48861319311677925,0.21119893161285036,0.0,True,-0.05117487463109325,0.008963781747815808,0.010999834198588259,948.8251253689067,2950.19838671802,20.17927563495632,0.10109998341985882,0.3033302659102848,0.2866431327964431,1.703699796515802,0.1049685598496239,0.3698172405431865
41,0.6092264155001165,0.010773584499883526,0.10922641550011647,0.4891083927124458,0.2062286387373341,0.0,True,0.06795937876202184,0.04175556229572893,0.01784355295747547,1067.9593787620217,2950.19838671802,20.835111245914575,0.10178435529574754,0.3033302659102848,0.2866431327964431,1.703699796515802,0.1049685598496239,0.3698172405431865
42,0.634323237495704,0.014323237495703967,0.13432323749570396,0.49105741874428793,0.23176736740271478,0.0,True,0.0731651445609781,-0.05943815271614255,-0.031987576637487386,1073.165144560978,2950.19838671802,18.81123694567715,0.09680124233625126,0.3033302659102848,0.2866431327964431,1.703699796515802,0.1049685598496239,0.3698172405431865
43,0.6252797999131905,0.005279799913190497,0.1252797999131905,0.48870449684479866,0.23018700887154525,0.0,True,-0.04632879707027625,-0.0194904901577884,-0.06883430737781544,953.6712029297238,2950.19838671802,19.610190196844233,0.09311656926221845,0.3033302659102848,0.2866431327964431,1.703699796515802,0.1049685598496239,0.3698172405431865
44,0.6292809693735442,0.009280969373544168,0.12928096937354416,0.48985154262520825,0.2311374236087393,0.0,True,0.03175754734072022,-0.01111113485493867,-0.0735403147251329,1031.75754734072,2950.19838671802,19.777777302901228,0.09264596852748672,0.3033302659102848,0.2866431327964431,1.703699796515802,0.1049685598496239,0.3698172405431865
45,0.6059221286348944,0.014077871365105632,0.10592212863489436,0.4887270653117354,0.20532507085675256,0.0,True,-0.05077895406037708,0.015675692372509764,0.041906328394719056,949.2210459396229,2950.19838671802,20.313513847450196,0.1041906328394719,0.3033302659102848,0.2866431327964431,1.703699796515802,0.1049685598496239,0.3698172405431865
46,0.5963471508804624,0.023652849119537578,0.09634715088046242,0.48990928099632564,0.19053097243520614,0.0,True,0.09983654458458933,0.1456931233003665,0.02072047166379982,1099.8365445845893,2950.19838671802,22.91386246600733,0.10207204716637999,0.3033302659102848,0.2866431327964431,1.703699796515802,0.1049685598496239,0.3698172405431865
47,0.6301365617860452,0.010136561786045162,0.13013656178604516,0.48955855041314267,0.23068193014634486,0.0,True,-0.04947690600159321,-0.10660231403656546,0.01338557311719179,950.5230939984068,2950.19838671802,17.86795371926869,0.10133855731171917,0.3033302659102848,0.2866431327964431,1.703699796515802,0.1049685598496239,0.3698172405431865
48,0.6205923610089297,0.000592361008929676,0.12059236100892967,0.48859505507846107,0.2237072301654541,0.0,True,-0.040647054765516305,-0.02076786300898427,-0.030604839952990404,959.3529452344836,2950.19838671802,19.584642739820314,0.09693951600470097,0.3033302659102848,0.2866431327964431,1.703699796515802,0.1049685598496239,0.3698172405431865
49,0.6062796145618716,0.013720385438128369,0.10627961456187163,0.48909544331092214,0.20390563445728815,0.0,True,-0.0070395443208192635,0.053299011539382185,0.00785242837226723,992.9604556791808,2950.19838671802,21.06598023078764,0.10078524283722673,0.3033302659102848,0.2866431327964431,1.703699796515802,0.1049685598496239,0.3698172405431865
50,0.636055550881963,0.016055550881962977,0.13605555088196297,0.4899464603350383,0.2399278985730391,0.0,True,-0.007931741851934416,-0.051782687641290584,-0.08373414723521785,992.0682581480655,2950.19838671802,18.964346247174188,0.09162658527647821,0.3033302659102848,0.2866431327964431,1.703699796515802,0.1049685598496239,0.3698172405431865
51,0.6042623206571353,0.01573767934286474,0.10426232065713525,0.48806139460662484,0.20105493062469346,0.0,True,-0.024315395453666545,-0.002689127540916025,0.08839649567899416,975.6846045463334,2950.19838671802,19.94621744918168,0.10883964956789943,0.3033302659102848,0.2866431327964431,1.703699796515802,0.1049685598496239,0.3698172405431865
52,0.6104305016141487,0.009569498385851305,0.11043050161414869,0.4889086141864779,0.2115952852022636,0.0,True,0.006513726073644293,0.04913697555115288,-0.024964779926957604,1006.5137260736443,2950.19838671802,20.982739511023055,0.09750352200730425,0.3033302659102848,0.2866431327964431,1.703699796515802,0.1049685598496239,0.3698172405431865
53,0.6254894054401416,0.005489405440141648,0.12548940544014164,0.48873473429157305,0.22946665343404804,0.0,True,-0.059247188320851234,-0.0482558381116186,-0.03626130322678766,940.7528116791489,2950.19838671802,19.034883237767627,0.09637386967732124,0.3033302659102848,0.2866431327964431,1.703699796515802,0.1049685598496239,0.3698172405431865
54,0.6220287873144531,0.0020287873144531066,0.1220287873144531,0.4907270476325301,0.21473258526070024,0.0,True,0.10642348662175823,-0.04106933396121931,0.04192446018681725,1106.4234866217582,2950.19838671802,19.17861332077561,0.10419244601868172,0.3033302659102848,0.2866431327964431,1.703699796515802,0.1049685598496239,0.3698172405431865
55,0.6035448924126469,0.016455107587353135,0.10354489241264686,0.4893037798529528,0.20428268268743266,0.0,True,-0.04514635890435132,0.04657865064371221,0.01924754830529316,954.8536410956486,2950.19838671802,20.931573012874246,0.10192475483052932,0.3033302659102848,0.2866431327964431,1.703699796515802,0.1049685598496239,0.3698172405431865
56,0.620227001566201,0.00022700156620103495,0.12022700156620103,0.48875122780468416,0.22134172936460783,0.0,True,-0.007831894882904521,-0.0020381263067717013,-0.032739384771469524,992.1681051170955,2950.19838671802,19.959237473864565,0.09672606152285305,0.3033302659102848,0.2866431327964431,1.703699796515802,0.1049685598496239,0.3698172405431865
57,0.629012478297525,0.00901247829752505,0.12901247829752505,0.4898167918036929,0.23075578607878433,0.0,True,0.02230361007410403,-0.022749174017039003,-0.06128028818836241,1022.3036100741041,2950.19838671802,19.54501651965922,0.09387197118116376,0.3033302659102848,0.2866431327964431,1.703699796515802,0.1049685598496239,0.3698172405431865
58,0.6015620445016321,0.01843795549836791,0.10156204450163209,0.4886851553997609,0.2006998069528255,0.0,True,-0.06389687871598097,0.008629395886105975,0.07895456282052175,936.103121284019,2950.19838671802,20.17258791772212,0.10789545628205217,0.3033302659102848,0.2866431327964431,1.703699796515802,0.1049685598496239,0.3698172405431865
59,0.6154650139879035,0.004534986012096454,0.11546501398790354,0.4888904110090173,0.2128488366954877,0.0,True,0.007999580678671913,-0.005931916305494129,0.014291306980127145,1007.9995806786719,2950.19838671802,19.881361673890115,0.10142913069801272,0.3033302659102848,0.2866431327964431,1.703699796515802,0.1049685598496239,0.3698172405431865
60,0.619762774088893,0.00023722591110697522,0.11976277408889302,0.4896505287430365,0.21731495128682776,0.0,True,0.06530008708534124,0.010969125068192817,-0.02054636154168686,1065.3000870853414,2950.19838671802,20.21938250136386,0.09794536384583132,0.3033302659102848,0.2866431327964431,1.703699796515802,0.1049685598496239,0.3698172405431865
61,0.605205908201519,0.014794091798481013,0.10520590820151898,0.48890672902424354,0.1998819879267235,0.0,True,0.05531443550299445,0.021437821923080677,0.0767877995997996,1055.3144355029945,2950.19838671802,20.428756438461612,0.10767877995997997,0.3033302659102848,0.2866431327964431,1.703699796515802,0.1049685598496239,0.3698172405431865
62,0.6371123241596155,0.0171123241596155,0.1371123241596155,0.49021432501662604,0.23898489042100993,0.0,True,0.009161721861095307,-0.06122345158602502,-0.06840795996228326,1009.1617218610953,2950.19838671802,18.775530968279497,0.09315920400377169,0.3033302659102848,0.2866431327964431,1.703699796515802,0.1049685598496239,0.3698172405431865
63,0.6071946202084917,0.012805379791508309,0.10719462020849169,0.4889347710516124,0.20343713586409493,0.0,True,0.08254639661156249,0.08618328603916486,-0.008975960664130032,1082.5463966115624,2950.19838671802,21.7236657207833,0.099102403933587,0.3033302659102848,0.2866431327964431,1.703699796515802,0.1049685598496239,0.3698172405431865
64,0.6106045713112251,0.009395428688774854,0.11060457131122514,0.48962963122934233,0.21278769913137893,0.0,True,-0.01915936605679939,0.07307221461211011,-0.0553522841021744,980.8406339432006,2950.19838671802,21.461444292242202,0.09446477158978256,0.3033302659102848,0.2866431327964431,1.703699796515802,0.1049685598496239,0.3698172405431865
65,0.6111502572051635,0.008849742794836524,0.11115025720516347,0.4890413920799734,0.21296088700058435,0.0,True,-0.044736350947791326,0.03216633973445222,-0.01973025614297948,955.2636490522086,2950.19838671802,20.643326794689045,0.09802697438570206,0.3033302659102848,0.2866431327964431,1.703699796515802,0.1049685598496239,0.3698172405431865
66,0.6151700617666408,0.004829938233359199,0.1151700617666408,0.4887489337884404,0.21329388469198882,0.0,True,-0.0002560933360035648,-0.008172144926225628,0.01687872743994668,999.7439066639965,2950.19838671802,19.83655710147549,0.10168787274399467,0.3033302659102848,0.2866431327964431,1.703699796515802,0.1049685598496239,0.3698172405431865
67,0.6142263211281471,0.005773678871852872,0.11422632112814712,0.48950387938579465,0.20896928415372557,0.0,True,0.07037409306568584,0.004529245345087278,0.0321969396638429,1070.3740930656857,2950.19838671802,20.090584906901746,0.1032196939663843,0.3033302659102848,0.2866431327964431,1.703699796515802,0.1049685598496239,0.3698172405431865
68,0.616093898633009,0.0039061013669909883,0.11609389863300901,0.48890113219496945,0.22009527473166482,0.0,True,-0.10250860505155113,-0.0024359200965058977,-0.04216151351464356,897.4913949484488,2950.19838671802,19.95128159806988,0.09578384864853565,0.3033302659102848,0.2866431327964431,1.703699796515802,0.1049685598496239,0.3698172405431865
69,0.6215752168648687,0.0015752168648687226,0.12157521686486872,0.4885516581653956,0.2246241298318782,0.0,True,-0.0609406530211814,-0.04390761834643754,-0.016706172035040604,939.0593469788187,2950.19838671802,19.121847633071248,0.09832938279649595,0.3033302659102848,0.2866431327964431,1.703699796515802,0.1049685598496239,0.3698172405431865
70,0.6284054025143841,0.008405402514384153,0.12840540251438415,0.4905504657379402,0.2269500541466629,0.0,True,0.045795127117800656,-0.0663196358869782,0.0015315746297208724,1045.7951271178008,2950.19838671802,18.673607282260434,0.1001531574629721,0.3033302659102848,0.2866431327964431,1.703699796515802,0.1049685598496239,0.3698172405431865
71,0.6105355613994711,0.009464438600528924,0.11053556139947107,0.4883414445443616,0.2095933230366312,0.0,True,-0.024208471666678926,-0.016383654718098044,0.05013789126523021,975.791528333321,2950.19838671802,19.67232690563804,0.10501378912652302,0.3033302659102848,0.2866431327964431,1.703699796515802,0.1049685598496239,0.3698172405431865
72,0.6068784333778915,0.013121566622108505,0.10687843337789149,0.48906238888119274,0.2062976303649336,0.0,True,0.026905771850196304,0.06686990537213719,-0.007725283962495024,1026.9057718501963,2950.19838671802,21.33739810744274,0.0992274716037505,0.3033302659102848,0.2866431327964431,1.703699796515802,0.1049685598496239,0.3698172405431865
73,0.6136819367905296,0.00631806320947037,0.11368193679052963,0.4883366812079403,0.2144747011768066,0.0,True,-0.03479713058353515,-0.011192940844024977,0.01212483956356108,965.2028694164649,2950.19838671802,19.7761411831195,0.10121248395635613,0.3033302659102848,0.2866431327964431,1.703699796515802,0.1049685598496239,0.3698172405431865
74,0.6248080017003597,0.004808001700359665,0.12480800170035966,0.489700066574507,0.22415134995578476,0.0,True,0.008828667922685551,-0.054219403611668326,0.004524489081393711,1008.8286679226854,2950.19838671802,18.915611927766633,0.10045244890813938,0.3033302659102848,0.2866431327964431,1.703699796515802,0.1049685598496239,0.3698172405431865
75,0.5874956235384667,0.03250437646153326,0.08749562353846674,0.49025420267008496,0.1823761964131448,0.0,True,0.011411416506945257,0.12587370187669603,0.09384223056408351,1011.4114165069452,2950.19838671802,22.51747403753392,0.10938422305640837,0.3033302659102848,0.2866431327964431,1.703699796515802,0.1049685598496239,0.3698172405431865
76,0.625232398640587,0.005232398640586999,0.125232398640587,0.48871053421532634,0.23019094316243474,0.0,True,-0.042662167527941004,-0.014369168077458805,-0.07317210009185016,957.337832472059,2950.19838671802,19.712616638450825,0.09268278999081499,0.3033302659102848,0.2866431327964431,1.703699796515802,0.1049685598496239,0.3698172405431865
77,0.6048752337078426,0.015124766292157421,0.10487523370784257,0.4885159878413783,0.20115323509325495,0.0,True,-0.029535350698174326,0.015780250179517025,0.06029268104441168,970.4646493018256,2950.19838671802,20.315605003590342,0.10602926810444119,0.3033302659102848,0.2866431327964431,1.703699796515802,0.1049685598496239,0.3698172405431865
78,0.635220165307374,0.015220165307374023,0.13522016530737402,0.4891829650045468,0.24115178432451007,0.0,True,-0.03645419188718043,-0.03270732200338983,-0.10736445148693274,963.5458081128195,2950.19838671802,19.345853559932205,0.08926355485130673,0.3033302659102848,0.2866431327964431,1.703699796515802,0.1049685598496239,0.3698172405431865
79,0.627178828457877,0.0071788284578769845,0.12717882845787698,0.489617444695785,0.22893973344247742,0.0,True,-0.008133296027245383,-0.053120720592978156,-0.02647197136830369,991.8667039727546,2950.19838671802,18.937585588140436,0.09735280286316964,0.3033302659102848,0.2866431327964431,1.703699796515802,0.1049685598496239,0.3698172405431865
80,0.625405408452059,0.005405408452059057,0.12540540845205905,0.48864495787560674,0.2305751143350378,0.0,True,-0.043843038908379414,-0.00471312771262785,-0.08788641956783157,956.1569610916206,2950.19838671802,19.90573744574744,0.09121135804321684,0.3033302659102848,0.2866431327964431,1.703699796515802,0.1049685598496239,0.3698172405431865
81,0.6037909381873403,0.016209061812659686,0.10379093818734031,0.4907057956537546,0.2086549971954456,0.0,True,-0.07335226226954954,0.10646235560141491,-0.06437112906370156,926.6477377304506,2950.19838671802,22.129247112028295,0.09356288709362985,0.3033302659102848,0.2866431327964431,1.703699796515802,0.1049685598496239,0.3698172405431865
82,0.5846551116655063,0.035344888334493674,0.08465511166550632,0.49016784512817596,0.17908315368198066,0.0,True,-0.054839278922731986,0.09184567641606571,0.14525335846202034,945.160721077268,2950.19838671802,21.836913528321315,0.11452533584620204,0.3033302659102848,0.2866431327964431,1.703699796515802,0.1049685598496239,0.3698172405431865
83,0.6140283363079759,0.005971663692024065,0.11402833630797593,0.4881088107002599,0.21396210298184745,0.0,True,-0.05857833144126709,-0.01841244783940153,0.01707777754702548,941.4216685587329,2950.19838671802,19.63175104321197,0.10170777775470255,0.3033302659102848,0.2866431327964431,1.703699796515802,0.1049685598496239,0.3698172405431865
84,0.6301372345704022,0.010137234570402165,0.13013723457040216,0.49094739407314236,0.2260001090169066,0.0,True,0.08643488222027962,-0.049342853921411876,-0.012263892297105488,1086.4348822202796,2950.19838671802,19.013142921571763,0.09877361077028946,0.3033302659102848,0.2866431327964431,1.703699796515802,0.1049685598496239,0.3698172405431865
85,0.6161113616450733,0.003888638354926699,0.1161113616450733,0.4891728698636977,0.21473769874591978,0.0,True,0.0388668788030872,0.021738303723330934,-0.018807803561504965,1038.8668788030873,2950.19838671802,20.43476607446662,0.09811921964384951,0.3033302659102848,0.2866431327964431,1.703699796515802,0.1049685598496239,0.3698172405431865
86,0.6289362427239927,0.008936242723992738,0.12893624272399273,0.4897922766433987,0.229656485023798,0.0,True,-0.006691148225802058,-0.0687447904184991,-0.011908687198733262,993.3088517741979,2950.19838671802,18.62510419163002,0.09880913128012668,0.3033302659102848,0.2866431327964431,1.703699796515802,0.1049685598496239,0.3698172405431865
87,0.6163451841322327,0.0036548158677672804,0.11634518413223272,0.48851905328451417,0.21817251047189565,0.0,True,-0.013319374500447756,0.011608494481312799,-0.027766360940950804,986.6806254995523,2950.19838671802,20.232169889626256,0.09722336390590493,0.3033302659102848,0.2866431327964431,1.703699796515802,0.1049685598496239,0.3698172405431865
88,0.6076445194189398,0.012355480581060174,0.10764451941893982,0.4887579600599984,0.20616581948616622,0.0,True,0.023576926127256953,0.05063579089099143,0.007771466383423302,1023.5769261272569,2950.19838671802,21.012715817819828,0.10077714663834235,0.3033302659102848,0.2866431327964431,1.703699796515802,0.1049685598496239,0.3698172405431865
89,0.616203313831956,0.003796686168043961,0.11620331383195603,0.4890063024239391,0.21349212344966628,0.0,True,0.017587820419960175,0.002657767378893368,4.219654570709021e-06,1017.5878204199602,2950.19838671802,20.05315534757787,0.10000042196545707,0.3033302659102848,0.2866431327964431,1.703699796515802,0.1049685598496239,0.3698172405431865
90,0.6122515185693218,0.007748481430678189,0.1122515185693218,0.4886203665420587,0.21192638082498633,0.0,True,-0.03607790167714237,0.0158247130836654,-0.004864329920674474,963.9220983228576,2950.19838671802,20.31649426167331,0.09951356700793257,0.3033302659102848,0.2866431327964431,1.703699796515802,0.1049685598496239,0.3698172405431865
91,0.605246122928786,0.014753877071214005,0.10524612292878599,0.4890807403587546,0.20066870915794144,0.0,True,0.10465841544652975,0.07866774512376212,0.01929232762782504,1104.6584154465297,2950.19838671802,21.57335490247524,0.1019292327627825,0.3033302659102848,0.2866431327964431,1.703699796515802,0.1049685598496239,0.3698172405431865
92,0.6159146576578898,0.004085342342110221,0.11591465765788977,0.4885844555112421,0.21447467655385521,0.0,True,-0.03815286048473838,-0.0556205735991709,0.059557147654443254,961.8471395152616,2950.19838671802,18.887588528016583,0.10595571476544433,0.3033302659102848,0.2866431327964431,1.703699796515802,0.1049685598496239,0.3698172405431865
93,0.6244266763339894,0.00442667633398941,0.1244266763339894,0.4890625098090856,0.22682185610224334,0.0,True,0.013137461257356925,0.024007170169580542,-0.08722929934870964,1013.1374612573569,2950.19838671802,20.48014340339161,0.09127707006512904,0.3033302659102848,0.2866431327964431,1.703699796515802,0.1049685598496239,0.3698172405431865
94,0.6206458729033604,0.0006458729033603783,0.12064587290336037,0.4894782006211469,0.221760523744086,0.0,True,0.04637192407790904,0.02272101691071815,-0.0555215342207239,1046.371924077909,2950.19838671802,20.454420338214362,0.09444784657792761,0.3033302659102848,0.2866431327964431,1.703699796515802,0.1049685598496239,0.3698172405431865
95,0.6117715404915919,0.008228459508408115,0.11177154049159188,0.4884413157362338,0.2118559966858134,0.0,True,-0.023576240372497448,0.01318586021782598,0.0026233399178121814,976.4237596275025,2950.19838671802,20.26371720435652,0.10026233399178122,0.3033302659102848,0.2866431327964431,1.703699796515802,0.1049685598496239,0.3698172405431865
96,0.6175438843711549,0.002456115628845068,0.11754388437115493,0.48861388577336234,0.2183768094226789,0.0,True,-0.01460855929017775,-0.0051744134032980435,-0.01259886891034427,985.3914407098222,2950.19838671802,19.89651173193404,0.09874011310896558,0.3033302659102848,0.2866431327964431,1.703699796515802,0.1049685598496239,0.3698172405431865
97,0.6203740900912366,0.00037409009123656745,0.12037409009123656,0.4894513226566953,0.22609092080505802,0.0,True,0.007628125605123429,0.07357459864965786,-0.12833292204656488,1007.6281256051234,2950.19838671802,21.471491972993157,0.08716670779534352,0.3033302659102848,0.2866431327964431,1.703699796515802,0.1049685598496239,0.3698172405431865
98,0.6112840161384616,0.008715983861538379,0.11128401613846162,0.48836019738587183,0.21133706814480668,0.0,True,-0.011842513225484214,0.008825621068622348,0.014799699484354976,988.1574867745157,2950.19838671802,20.176512421372447,0.1014799699484355,0.3033302659102848,0.2866431327964431,1.703699796515802,0.1049685598496239,0.3698172405431865
99,0.6279306669943148,0.007930666994314772,0.12793066699431477,0.48974508659018473,0.22799181933540116,0.0,True,-0.018595729066064492,-0.08783608912392914,0.01639977418570548,981.4042709339354,2950.19838671802,18.243278217521418,0.10163997741857055,0.3033302659102848,0.2866431327964431,1.703699796515802,0.1049685598496239,0.3698172405431865
