method,run_label,target,peak_y_true,target_error_mm,reachability_gap_mm,max_abs_xr_true,constraint_violation_abs_mm,residual_margin_mm,feasible_abs,J_true,tracking_cost,constraint_cost,best_iteration,n_true_simulator_evaluations,kernel,acquisition,seed,Kr,hr,f0,f1,A,x_r_start,benchmark,kernel_label,acquisition_label,budget,initial_points,gp_alpha,alpha_label,optimization_time_s,mean_iteration_time_s,mean_simulation_time_s,mean_gp_fit_time_s,mean_acquisition_time_s
BO,alpha_alpha1em08_target0650_seed2026,0.65,0.6500784489717036,0.0784489717036152,0.0,0.49352370475338486,0.0,6.476295246615138,True,6.154241161354619e-05,6.154241161354619e-05,0.0,91,100,rbf,pi,2026,3951.7492236551284,0.21567142259698002,0.3294292718085768,1.180070401855517,0.11911501724608389,0.36007223616096984,alpha,RBF,PI,100,20,1e-08,1e-08,60.113630700157955,0.6009994190116413,0.4094174789916724,0.18678303799591958,0.004680791983846575
BO,alpha_alpha1em08_target0650_seed2027,0.65,0.6495790824709096,0.42091752909045876,0.42091752909045876,0.49568556548731496,0.0,4.31443451268504,True,0.001771715662956172,0.001771715662956172,0.0,68,100,rbf,pi,2027,2539.5256419985126,0.10905154661142138,0.15211473484673133,1.5379500123550107,0.11866173696019816,0.35282283830946626,alpha,RBF,PI,100,20,1e-08,1e-08,59.3317565000616,0.593238763010595,0.41649216299178077,0.17209640599088744,0.004541109001729637
BO,alpha_alpha1em06_target0650_seed2026,0.65,0.6400437239934964,9.956276006503618,9.956276006503618,0.4900578610985846,0.0,9.942138901415376,True,0.9912743191767961,0.9912743191767961,0.0,92,100,rbf,pi,2026,2788.63094379376,0.1,0.25731121582369404,1.5284025516842217,0.1144318838189436,0.35409818134265203,alpha,RBF,PI,100,20,1e-06,1e-06,58.934702599886805,0.5892531839990989,0.4142063430021517,0.17043301600264385,0.004500421017874032
BO,alpha_alpha1em06_target0650_seed2027,0.65,0.6499907038799254,0.009296120074608893,0.009296120074608893,0.4951500850708097,0.0,4.849914929190291,True,8.641784844154646e-07,8.641784844154646e-07,0.0,31,100,rbf,pi,2027,3344.0902998212396,0.2203989029767169,0.3470872574826189,1.1277078135022265,0.1150138416899332,0.36371631673648874,alpha,RBF,PI,100,20,1e-06,1e-06,66.50561069999821,0.6649548650020733,0.49060061198892074,0.168933304999955,0.005294041994493455
BO,alpha_alpha1em04_target0650_seed2026,0.65,0.649651995843357,0.34800415664304474,0.34800415664304474,0.49795467416759465,0.0,2.0453258324053536,True,0.0012110689304083682,0.0012110689304083682,0.0,99,100,rbf,pi,2026,1799.6461029403056,0.23307336430417197,0.1,1.4357563691788466,0.1164346304860895,0.352694574120755,alpha,RBF,PI,100,20,0.0001,1e-04,69.74206200009212,0.697331852002535,0.486994790006429,0.20480276298709213,0.0054028229881078
BO,alpha_alpha1em04_target0650_seed2027,0.65,0.650403504287248,0.40350428724800214,0.0,0.4996799304433614,0.0,0.3200695566386025,True,0.0016281570982751821,0.0016281570982751821,0.0,90,100,rbf,pi,2027,2728.317397789433,0.1411585708842241,0.38430695637118295,1.6538025650529273,0.11888407917686823,0.3549209150624738,alpha,RBF,PI,100,20,0.0001,1e-04,60.38967870012857,0.6038075380004011,0.4325500890146941,0.16640894599258899,0.004729732004925609
BO,alpha_alpha1em03_target0650_seed2026,0.65,0.6476328976297968,2.3671023702032112,2.3671023702032112,0.49299166988798826,0.0,7.00833011201174,True,0.05603173631021661,0.05603173631021661,0.0,35,100,rbf,pi,2026,2132.368649879481,0.1919491168456643,0.10088872295305662,1.025257431120276,0.11158539194778505,0.3554702394578162,alpha,RBF,PI,100,20,0.001,1e-03,66.68231029994786,0.666727982996963,0.4762790699955076,0.18544128300854937,0.004888474005274475
BO,alpha_alpha1em03_target0650_seed2027,0.65,0.6436936040847343,6.306395915265717,6.306395915265717,0.497559876649928,0.0,2.4401233500719877,True,0.3977062944008012,0.3977062944008012,0.0,80,100,rbf,pi,2027,4223.647549067087,0.18076521448516486,0.3052772777121679,1.6022065001413206,0.11868466994562153,0.36559554839718433,alpha,RBF,PI,100,20,0.001,1e-03,71.70811989996582,0.7169900699821301,0.4978907660068944,0.2137599280010909,0.005209830994717776
BO,alpha_alpha1em08_target0750_seed2026,0.75,0.6569465041215484,93.05349587845157,93.05349587845157,0.4997459773522488,0.0,0.2540226477512064,True,86.58953095201004,86.58953095201004,0.0,65,100,rbf,pi,2026,2420.8528652454343,0.28805396237242387,0.15125396845620245,1.0,0.11784690390039809,0.3611643543725287,alpha,RBF,PI,100,20,1e-08,1e-08,62.82220679987222,0.6281226340052671,0.4490446910122409,0.17409396200906485,0.0048625899874605236
BO,alpha_alpha1em08_target0750_seed2027,0.75,0.6703496845675857,79.6503154324143,79.6503154324143,0.49877840533828754,0.0,1.2215946617124551,True,63.44172748483095,63.44172748483095,0.0,67,100,rbf,pi,2027,1995.0013930195696,0.2599737603500517,0.44999999999999996,1.0,0.12,0.35071186273596244,alpha,RBF,PI,100,20,1e-08,1e-08,57.69195759994909,0.5768136899848468,0.4396190969925374,0.13153706901706755,0.005538305994123221
BO,alpha_alpha1em06_target0750_seed2026,0.75,0.6526557463531155,97.34425364688448,97.34425364688448,0.4994983164595421,0.0,0.5016835404578757,True,94.75903718068983,94.75903718068983,0.0,88,100,rbf,pi,2026,4188.806590146663,0.3140373855348364,0.1,1.0,0.12,0.3676452305547348,alpha,RBF,PI,100,20,1e-06,1e-06,61.4486452001147,0.6144044869975187,0.43619393999222666,0.17340324599761517,0.004695150998886674
BO,alpha_alpha1em06_target0750_seed2027,0.75,0.6636246566711549,86.3753433288451,86.3753433288451,0.49943279987827094,0.0,0.5672001217290612,True,74.60699935175869,74.60699935175869,0.0,58,100,rbf,pi,2027,3314.9189005161943,0.2794379039622151,0.4261656241069064,1.0,0.11970972926931306,0.36340829666788915,alpha,RBF,PI,100,20,1e-06,1e-06,59.82160639995709,0.5981030239956453,0.4387290659965947,0.15435263701016083,0.004900195011869073
BO,alpha_alpha1em04_target0750_seed2026,0.75,0.6463128415842343,103.68715841576571,103.68715841576571,0.4974721130500246,0.0,2.527886949975411,True,107.51026820336092,107.51026820336092,0.0,94,100,rbf,pi,2026,5000.0,0.206462184047972,0.34439508127151086,1.2515474433809657,0.11606451702007894,0.37036807946460215,alpha,RBF,PI,100,20,0.0001,1e-04,65.73904539993964,0.6572949630161747,0.46009593000402677,0.19218014699872582,0.004898015984799713
BO,alpha_alpha1em04_target0750_seed2027,0.75,0.6566600592711976,93.33994072880236,93.33994072880236,0.4999474941627727,0.0,0.05250583722732349,True,87.12344535256337,87.12344535256337,0.0,48,100,rbf,pi,2027,3476.4622905226533,0.20727882528317182,0.3677232448910307,1.0,0.11379532499104017,0.36999061434456426,alpha,RBF,PI,100,20,0.0001,1e-04,59.349895499879494,0.5934212430007756,0.4275689559872262,0.16112484299810603,0.004618151993490756
BO,alpha_alpha1em03_target0750_seed2026,0.75,0.6531783397860957,96.82166021390427,96.82166021390427,0.4998251481944036,0.0,0.1748518055963988,True,93.7443388657673,93.7443388657673,0.0,37,100,rbf,pi,2026,4989.355304559454,0.24469504052646623,0.15762864039833968,1.0482356004791655,0.11953919370824737,0.36933645084319927,alpha,RBF,PI,100,20,0.001,1e-03,58.097295300103724,0.5808633770048618,0.41594622598960995,0.16038693202193827,0.004420769000425935
BO,alpha_alpha1em03_target0750_seed2027,0.75,0.6630058159929,86.99418400710002,86.99418400710002,0.498713996263054,0.0,1.2860037369459842,True,75.67988051061177,75.67988051061177,0.0,81,100,rbf,pi,2027,2422.896917014884,0.19845845850644178,0.3098440001556373,1.2009690161068631,0.12,0.3544529243979432,alpha,RBF,PI,100,20,0.001,1e-03,52.28574310010299,0.5227742139878683,0.40055705899372696,0.11764433001633734,0.004464742015115917
