method,method_type,target,y_target,attempt,objective_value,optimization_time_s,n_function_evaluations,success,message,y_gp_pred,y_gp_std,max_xr_gp_pred,max_xr_gp_std,predicted_constraint_violation_gp,y_sim,error_gp,error_sim,error_gp_vs_sim,max_xr_sim,max_xb_sim,extra_reach,constraint_violation,feasible,Kb,Kr,Mb,hb,hr,f0,f1,A,x_r_start,Mr
baseline,baseline_peak_y_only,0.52,0.52,1,1.9644912168495743e-05,6.858083009719849,13075,False,Maximum number of iterations has been exceeded.,0.52017135784863,0.011435485314350428,0.4990853522344122,0.004616694664258982,0.004085352234412198,0.5275024604504223,0.0001713578486299827,0.007502460450422244,0.007331102601792261,0.49882462617366763,0.17096605270342757,0.02750246045042226,0.0,True,1000.0,4969.959918118648,20.0,0.1,0.24871318928908087,0.10000213207062592,3.9999725911000015,0.09000000887474342,0.3500000721915888,10.0
baseline,baseline_peak_y_only,0.52,0.52,2,1.9645216766095232e-05,6.704183101654053,13075,False,Maximum number of iterations has been exceeded.,0.5201614863287282,0.01143653179704673,0.49928595028694156,0.004619795394771447,0.0042859502869415644,0.5275103024427569,0.00016148632872814428,0.0075103024427568554,0.007348816114028711,0.49903997097141595,0.17097347322299858,0.027510302442756873,0.0,True,1000.0,4971.379528011935,20.0,0.1,0.24830555935049467,0.1000172195881869,3.9999015362612327,0.09000007833191485,0.35000045522075535,10.0
baseline,baseline_peak_y_only,0.52,0.52,3,1.9644915788994768e-05,6.606804132461548,13075,False,Maximum number of iterations has been exceeded.,0.5201693769535555,0.011435683112258472,0.49914151262056083,0.004617161283409037,0.004141512620560839,0.5275051655020432,0.00016937695355545568,0.007505165502043165,0.0073357885484877094,0.498885493134847,0.17096828112514675,0.027505165502043183,0.0,True,1000.0,4970.088753510234,20.0,0.1,0.2485989323004155,0.10000873700347382,3.99994690390772,0.09000001116633849,0.3500000102320224,10.0
baseline,baseline_peak_y_only,0.52,0.52,4,1.9644923787779532e-05,6.601033687591553,13075,False,Maximum number of iterations has been exceeded.,0.5201702108801404,0.0114356028974023,0.49908880573396586,0.004617180144101883,0.004088805733965861,0.5275025681686332,0.00017021088014035346,0.00750256816863315,0.007332357288492797,0.49883198783303356,0.17096564300167047,0.027502568168633168,0.0,True,1000.0,4970.325520159961,20.0,0.1,0.24870529582756623,0.10000109236766083,3.9999421639135826,0.09000000490722572,0.35000010368129075,10.0
baseline,baseline_peak_y_only,0.52,0.52,5,1.9645032071999498e-05,6.685995101928711,13075,False,Maximum number of iterations has been exceeded.,0.5201720792833876,0.011435448043176479,0.4992241120848011,0.0046156517803226235,0.004224112084801113,0.5275139008154294,0.00017207928338758283,0.007513900815429353,0.00734182153204177,0.4989709248098642,0.1709721249617027,0.02751390081542937,0.0,True,1000.0,4968.870545155662,20.0,0.1,0.24843261274485745,0.10001391405960106,3.999833047833987,0.09000006782094531,0.3500000114022372,10.0
constraint_aware,constraint_aware_peak_y_max_xr,0.52,0.52,1,2.0731923318069007e-05,15.188169240951538,13075,False,Maximum number of iterations has been exceeded.,0.520272334562217,0.011428523936420219,0.4949975584245254,0.004617538953796944,0.0,0.5272953150576905,0.0002723345622169804,0.007295315057690432,0.007022980495473452,0.49457126444312993,0.1707624735529985,0.02729531505769045,0.0,True,1000.0,4985.370622327454,20.0,0.1,0.25724555660398907,0.1000484008801116,3.999864176905348,0.09000091457626669,0.35000031285664523,10.0
constraint_aware,constraint_aware_peak_y_max_xr,0.52,0.52,2,2.0731198625213707e-05,15.171027898788452,13075,False,Maximum number of iterations has been exceeded.,0.5202775339407174,0.011427872246972968,0.4949853036219344,0.004614615743468428,0.0,0.527295493222961,0.00027753394071738935,0.007295493222960969,0.00701795928224358,0.49455280456752765,0.17076238947301958,0.027295493222960987,0.0,True,1000.0,4983.315656105076,20.0,0.1,0.25727158610600237,0.10001468029991087,3.9999493869134697,0.09000021797586243,0.35000077044080374,10.0
constraint_aware,constraint_aware_peak_y_max_xr,0.52,0.52,3,2.073169668911958e-05,15.255353927612305,13075,False,Maximum number of iterations has been exceeded.,0.5202746996816366,0.011428213351387257,0.4949446707471695,0.004616552205497997,0.0,0.5272904497285508,0.0002746996816366254,0.007290449728550752,0.0070157500469141265,0.4945123667108671,0.17076005375920653,0.02729044972855077,0.0,True,1000.0,4984.6976444346365,20.0,0.1,0.2573586000261427,0.1000796705649821,3.9999811131299703,0.09000015362154859,0.35000032240281737,10.0
constraint_aware,constraint_aware_peak_y_max_xr,0.52,0.52,4,2.0732190441034213e-05,15.334608554840088,13075,False,Maximum number of iterations has been exceeded.,0.5202884450988694,0.011426878779789007,0.49493013256073676,0.004610761474580092,0.0,0.5273013439601443,0.0002884450988693832,0.007301343960144258,0.007012898861274874,0.4944940154872563,0.17076126036656125,0.027301343960144275,0.0,True,1000.0,4981.097539732701,20.0,0.1,0.25738991754858687,0.10000540775374228,3.999808460996679,0.09000048131080962,0.3500006097222348,10.0
constraint_aware,constraint_aware_peak_y_max_xr,0.52,0.52,5,2.073249118411301e-05,15.20029354095459,13075,False,Maximum number of iterations has been exceeded.,0.520289574322722,0.011426827548180684,0.4949662765132604,0.004610378993865786,0.0,0.5273008921025317,0.00028957432272203043,0.007300892102531709,0.007011317779809678,0.49452817755478296,0.1707642790692961,0.027300892102531726,0.0,True,1000.0,4980.496984250594,20.0,0.1,0.25731608933271766,0.1001036476291364,3.9999908180118515,0.09000023491171498,0.35000176379368675,10.0
baseline,baseline_peak_y_only,0.58,0.58,1,1.7542062405224088e-05,6.856878995895386,13075,False,Maximum number of iterations has been exceeded.,0.5800025341927743,0.010814205467221057,0.476697699444494,0.0037236329692874907,0.0,0.5787220844065739,2.5341927742950077e-06,0.0012779155934260489,0.0012804497862003439,0.47907160206323385,0.2005631589437341,0.07872208440657391,0.0,True,1000.0,3407.3197466012607,20.0,0.1,0.3105905325038932,0.2627004145900398,2.253334576563791,0.10010389144533015,0.35620735262711184,10.0
baseline,baseline_peak_y_only,0.58,0.58,2,1.755601631077891e-05,6.66301417350769,13089,False,Maximum number of iterations has been exceeded.,0.5800030420211079,0.010818504843364905,0.509055156666419,0.003725686020500679,0.014055156666418989,0.5841023872785326,3.04202110790186e-06,0.0041023872785326265,0.004099345257424725,0.5091828286294299,0.2046088529826827,0.08410238727853259,0.009182828629429873,False,1000.0,3677.2959127630324,20.0,0.1,0.23282717257437516,0.26001721654104537,2.6219217401700363,0.1014751033395718,0.36124862744016506,10.0
baseline,baseline_peak_y_only,0.58,0.58,3,1.7541578188322046e-05,6.6043784618377686,13089,False,Maximum number of iterations has been exceeded.,0.5800033107731074,0.010814054813714566,0.47658028486923887,0.0037221204499899053,0.0,0.5789623440950311,3.3107731074455415e-06,0.0010376559049688483,0.0010409666780762938,0.47876227861216053,0.20080714470639494,0.07896234409503111,0.0,True,1000.0,3434.9908915671535,20.0,0.1,0.3104530443436072,0.2526135995091274,2.2426207518508976,0.10002194239814337,0.35650161863143653,10.0
baseline,baseline_peak_y_only,0.58,0.58,4,1.755674316141983e-05,6.547376394271851,13075,False,Maximum number of iterations has been exceeded.,0.5800019971821504,0.010818730416175855,0.5168524468685447,0.0037038010955582944,0.021852446868544706,0.5835785689467156,1.9971821504372045e-06,0.003578568946715599,0.003576571764565162,0.5171913278652981,0.20099960919246668,0.08357856894671556,0.01719132786529809,False,1000.0,3629.2526301461157,20.0,0.1,0.2605764983513274,0.26629844224602545,2.944672429841023,0.10249021813405673,0.3633950408919958,10.0
baseline,baseline_peak_y_only,0.58,0.58,5,1.755594610640741e-05,6.617156982421875,13075,False,Maximum number of iterations has been exceeded.,0.5800035706695201,0.010818482135286382,0.508750552641952,0.0037171964466929416,0.013750552641952019,0.5826968755285634,3.5706695201698224e-06,0.0026968755285634582,0.0026933048590432884,0.5089881857739276,0.20136277493134444,0.08269687552856342,0.00898818577392757,False,1000.0,3607.945998428917,20.0,0.1,0.25058851601182625,0.2615842342873207,2.701644434325902,0.10198389106817277,0.36073056660282155,10.0
constraint_aware,constraint_aware_peak_y_max_xr,0.58,0.58,1,1.8232774655269955e-05,15.046112775802612,13075,False,Maximum number of iterations has been exceeded.,0.5800056624949466,0.010814656662555508,0.47563431162584324,0.0037127423343870747,0.0,0.5789251053883309,5.662494946601093e-06,0.0010748946116690972,0.0010805571066156983,0.47725603144771717,0.20051211331300156,0.07892510538833086,0.0,True,1000.0,3539.231933805314,20.0,0.1,0.3181746840408238,0.25166285731522187,2.224058316549755,0.09984923605688346,0.3572668422029554,10.0
constraint_aware,constraint_aware_peak_y_max_xr,0.58,0.58,2,1.8232837768697623e-05,15.038661003112793,13089,False,Maximum number of iterations has been exceeded.,0.580003813718779,0.010814474497722866,0.4749433473763524,0.0037145509148804523,0.0,0.5787486125893007,3.8137187789999416e-06,0.0012513874106993006,0.0012552011294783005,0.47672999689468004,0.20037294845436238,0.07874861258930066,0.0,True,1000.0,3513.1551393529594,20.0,0.1,0.31759932803615654,0.25374853574923045,2.203927753558657,0.09971663080710536,0.35695876963455936,10.0
constraint_aware,constraint_aware_peak_y_max_xr,0.58,0.58,3,1.8232823488337695e-05,15.651732683181763,13075,False,Maximum number of iterations has been exceeded.,0.5800021465373312,0.010814440649047926,0.47550443740843834,0.003714834849487017,0.0,0.5788783589370635,2.1465373312157254e-06,0.0011216410629364404,0.0011237876002676561,0.47725512752991217,0.20025597803521628,0.07887835893706352,0.0,True,1000.0,3516.7232895441102,20.0,0.1,0.3165878839287658,0.2525555577591058,2.213412747768305,0.09964058131242069,0.3573447266792538,10.0
constraint_aware,constraint_aware_peak_y_max_xr,0.58,0.58,4,1.8232784741440094e-05,15.345033407211304,13089,False,Maximum number of iterations has been exceeded.,0.5800038202607617,0.010814586942750413,0.4754136386489736,0.0037134257383220916,0.0,0.5788795667606447,3.820260761733252e-06,0.0011204332393552896,0.0011242535001170229,0.47704700906589154,0.2003437160936771,0.07887956676064467,0.0,True,1000.0,3521.687817612362,20.0,0.1,0.31870523649457333,0.2554057794384796,2.2184036838517467,0.09974012650830733,0.35727221186812164,10.0
constraint_aware,constraint_aware_peak_y_max_xr,0.58,0.58,5,1.8232768513372516e-05,16.294655799865723,13089,False,Maximum number of iterations has been exceeded.,0.5800037754262019,0.010814518081036248,0.4758206772677381,0.0037139845470074923,0.0,0.5789444349274417,3.7754262018907525e-06,0.0010555650725582177,0.0010593404987601085,0.4777746707044413,0.20053048043269261,0.07894443492744174,0.0,True,1000.0,3529.073017687923,20.0,0.1,0.317115658281082,0.2515963726421389,2.2276269270831746,0.09985925958517683,0.35723791165168756,10.0
baseline,baseline_peak_y_only,0.64,0.64,1,1.74744768249566e-05,7.044667959213257,13089,False,Maximum number of iterations has been exceeded.,0.6399973878566406,0.010793352893228211,0.5078906089596101,0.0036757927776924974,0.01289060895961014,0.6359416416318101,2.61214335939286e-06,0.004058358368189907,0.004055746224830514,0.5059657556428262,0.2234789167057829,0.1359416416318101,0.005965755642826198,False,1000.0,3213.6301325249315,20.0,0.1,0.3131702127711057,0.307017648775398,1.790917679269922,0.10971424079392814,0.38221254029382706,10.0
baseline,baseline_peak_y_only,0.64,0.64,2,1.7474375707176473e-05,8.364872217178345,13089,False,Maximum number of iterations has been exceeded.,0.6399974186404682,0.010793321714146343,0.5075984660386607,0.0036727708950353324,0.01259846603866066,0.635791799737877,2.5813595317947247e-06,0.004208200262122985,0.0042056189025911905,0.5055423788733052,0.22252550602713647,0.13579179973787703,0.00554237887330522,False,1000.0,3224.4885806719194,20.0,0.1,0.3144914328206315,0.3084801456673375,1.7764533071132342,0.10963348293557511,0.3822440176447704,10.0
baseline,baseline_peak_y_only,0.64,0.64,3,1.7474791471103208e-05,8.383588075637817,13075,False,Maximum number of iterations has been exceeded.,0.6399983591770249,0.010793451341377687,0.5083069902873523,0.003674324667365688,0.013306990287352272,0.6359942849652622,1.640822975157441e-06,0.004005715034737789,0.0040040742117626316,0.5062066770208257,0.2227029112157497,0.13599428496526222,0.006206677020825668,False,1000.0,3233.3672924645216,20.0,0.1,0.3154125213114539,0.31119035190480193,1.789044001844963,0.10940269099239754,0.38312674067740765,10.0
baseline,baseline_peak_y_only,0.64,0.64,4,1.7474498132820277e-05,8.331384181976318,13089,False,Maximum number of iterations has been exceeded.,0.6399974480281587,0.010793359569741635,0.5078653910252449,0.003673806959972029,0.012865391025244866,0.6359092422972128,2.5519718412914116e-06,0.004090757702787218,0.004088205730945926,0.5057716264870487,0.22308101619106027,0.1359092422972128,0.005771626487048653,False,1000.0,3233.430563249232,20.0,0.1,0.3147916609443379,0.3126470646954499,1.7864293214899298,0.10961319257101061,0.3824563907067539,10.0
baseline,baseline_peak_y_only,0.64,0.64,5,1.747465695973019e-05,7.794853210449219,13089,False,Maximum number of iterations has been exceeded.,0.6399972753485059,0.010793408339044847,0.507463365620611,0.003671633366441708,0.012463365620611011,0.6358055400790995,2.724651494090402e-06,0.004194459920900506,0.004191735269406416,0.5054623371716616,0.2234960670385668,0.1358055400790995,0.005462337171661558,False,1000.0,3261.9987654234224,20.0,0.1,0.3140501351114549,0.30541813293034364,1.7827188119991473,0.10996640185121224,0.3817798450811971,10.0
constraint_aware,constraint_aware_peak_y_max_xr,0.64,0.64,1,1.8263445570432687e-05,16.189393043518066,13089,False,Maximum number of iterations has been exceeded.,0.6399950556430147,0.01082911663350783,0.4949751797158065,0.003668667508644793,0.0,0.6348901083555736,4.944356985281395e-06,0.005109891644426434,0.005104947287441153,0.4945051654625248,0.23188325056993317,0.13489010835557358,0.0,True,1000.0,3150.5943108040765,20.0,0.1,0.3025545072646895,0.3469871875570676,1.5276486225342687,0.11251630953392867,0.36758502313885894,10.0
constraint_aware,constraint_aware_peak_y_max_xr,0.64,0.64,2,1.826257998809231e-05,20.402820825576782,13131,False,Maximum number of iterations has been exceeded.,0.6399882059280526,0.010829089921615047,0.49499882111636406,0.0036662313303869,0.0,0.6349504921070691,1.1794071947401896e-05,0.0050495078929309045,0.005037713820983503,0.4945468620518092,0.23234777481584276,0.1349504921070691,0.0,True,1000.0,3147.3323788402754,20.0,0.1,0.30513756584690394,0.3411725686791286,1.5228301204438355,0.1126435001560747,0.367557744652364,10.0
constraint_aware,constraint_aware_peak_y_max_xr,0.64,0.64,3,1.8263296514178236e-05,19.508153200149536,13082,False,Maximum number of iterations has been exceeded.,0.6399891661921738,0.010829215296720582,0.4949696538021631,0.0036671338982294183,0.0,0.634941125493192,1.0833807826182706e-05,0.0050588745068079755,0.005048040698981793,0.49453735140588717,0.23226107419138053,0.13494112549319204,0.0,True,1000.0,3126.9902411676453,20.0,0.1,0.30426687074985215,0.3408562168368055,1.5225872658984203,0.11257984550706719,0.36750939724328746,10.0
constraint_aware,constraint_aware_peak_y_max_xr,0.64,0.64,4,1.8263246033418903e-05,16.44522452354431,13089,False,Maximum number of iterations has been exceeded.,0.6399942342420728,0.010829140088352618,0.4949810782209526,0.0036678918508581096,0.0,0.6349738772266826,5.765757927211901e-06,0.005026122773317376,0.0050203570153901644,0.4945543192945216,0.23189876449684102,0.13497387722668264,0.0,True,1000.0,3112.690223988775,20.0,0.1,0.3047355643713464,0.3396977539158266,1.5288524672751171,0.11267515376035915,0.3673549077181772,10.0
constraint_aware,constraint_aware_peak_y_max_xr,0.64,0.64,5,1.826463394277474e-05,16.53143882751465,13110,False,Maximum number of iterations has been exceeded.,0.6399799241939667,0.010829391092967261,0.4949876410287495,0.0036684443245633526,0.0,0.6349741153659625,2.0075806033359456e-05,0.005025884634037525,0.005005808828004166,0.4945451910736404,0.2326589114784099,0.1349741153659625,0.0,True,1000.0,3144.936955566098,20.0,0.1,0.30441423733958844,0.3249399104662066,1.5263647030855385,0.11293045234136524,0.36724260490364674,10.0
baseline,baseline_peak_y_only,0.7,0.7,1,1.825945410929001e-05,7.586111068725586,13089,False,Maximum number of iterations has been exceeded.,0.6999885323146551,0.011033078325799148,0.5515587386119379,0.0038402646200369176,0.05655873861193794,0.6981593162052259,1.1467685344879186e-05,0.0018406837947740895,0.0018292161094292103,0.5485349722872462,0.2521456734334188,0.19815931620522587,0.048534972287246236,False,1000.0,2134.2847263928784,20.0,0.1,0.16549179784261428,0.339713812474109,1.6440319789806555,0.11686395270440783,0.3999777072800756,10.0
baseline,baseline_peak_y_only,0.7,0.7,2,1.8259586214405305e-05,7.571796417236328,13089,False,Maximum number of iterations has been exceeded.,0.6999883584932824,0.01103311702398032,0.5507886199164707,0.00384225311775669,0.05578861991647066,0.6978228533875841,1.1641506717507966e-05,0.002177146612415859,0.002165505105698351,0.5477127932968198,0.25258144706893076,0.1978228533875841,0.04771279329681977,False,1000.0,2165.0156489442697,20.0,0.1,0.16639450220118662,0.34632694788197893,1.6402389525500278,0.11701230995727144,0.3998978990863522,10.0
baseline,baseline_peak_y_only,0.7,0.7,3,1.8259254864704478e-05,8.02881932258606,13089,False,Maximum number of iterations has been exceeded.,0.6999885599817535,0.011033018320987537,0.5512047903523918,0.003841904695307733,0.05620479035239179,0.698091112654478,1.1440018246489103e-05,0.0019088873455219701,0.001897447327275481,0.5480906117272674,0.2521870468692514,0.19809111265447799,0.04809061172726736,False,1000.0,2154.2623924286495,20.0,0.1,0.1662147353091713,0.3456757111439174,1.6440669966562407,0.11695411883993274,0.3999802884120836,10.0
baseline,baseline_peak_y_only,0.7,0.7,4,1.8259364200906855e-05,7.584597826004028,13075,False,Maximum number of iterations has been exceeded.,0.6999892636900669,0.011033056068788882,0.5514799956012666,0.0038412679719020235,0.0564799956012666,0.6981473688779027,1.0736309933090382e-05,0.0018526311220972147,0.0018418948121641243,0.5484607463845567,0.2521634366850316,0.19814736887790274,0.04846074638455666,False,1000.0,2141.651700918061,20.0,0.1,0.16602432020711827,0.34026345502982563,1.64480664705416,0.11693477786074553,0.39997006469545615,10.0
baseline,baseline_peak_y_only,0.7,0.7,5,1.8260058450846005e-05,7.610601902008057,13089,False,Maximum number of iterations has been exceeded.,0.6999883815105497,0.011033259857222283,0.5514014398847394,0.0038453518254501565,0.056401439884739446,0.6984111014867402,1.1618489450304637e-05,0.0015888985132597178,0.0015772800238094131,0.5484060545967339,0.25220389106816216,0.19841110148674024,0.04840605459673386,False,1000.0,2183.6081621113567,20.0,0.1,0.16754649759616785,0.3480368427079046,1.658131168052166,0.11731532089788362,0.3999267768985215,10.0
constraint_aware,constraint_aware_peak_y_max_xr,0.7,0.7,1,0.0009685877009664114,16.459930181503296,13138,False,Maximum number of iterations has been exceeded.,0.6692740474764106,0.011688850113796929,0.4950738366946626,0.005066026446387194,7.383669466259901e-05,0.6652193245768191,0.03072595252358934,0.03478067542318086,0.004054722899591523,0.49274758450758893,0.26236106192874115,0.1652193245768191,0.0,True,1000.0,2766.249643124005,20.0,0.1,0.17529444676725325,0.45,1.0016274680250161,0.12,0.35,10.0
constraint_aware,constraint_aware_peak_y_max_xr,0.7,0.7,2,0.0009684405100758879,16.369226932525635,13110,False,Maximum number of iterations has been exceeded.,0.6692795920431284,0.011673470020302001,0.49507729387562505,0.005038626970643612,7.729387562505075e-05,0.6653375589286157,0.030720407956871587,0.034662441071384276,0.0039420331145126886,0.4928575388039828,0.2622113429249485,0.16533755892861568,0.0,True,1000.0,2741.77910032787,20.0,0.1,0.17931041801644446,0.45,1.0000576478334242,0.12,0.35,10.0
constraint_aware,constraint_aware_peak_y_max_xr,0.7,0.7,3,0.0009683022070466348,17.026925802230835,13089,False,Maximum number of iterations has been exceeded.,0.6692794638688673,0.011679908639709495,0.4950749978213268,0.005050723484271375,7.499782132680544e-05,0.6652978966554909,0.03072053613113268,0.03470210334450907,0.003981567213376391,0.4928123483220933,0.2622852779025581,0.16529789665549088,0.0,True,1000.0,2751.9523543031414,20.0,0.1,0.17766569519877048,0.45,1.000493658325287,0.12,0.35,10.0
constraint_aware,constraint_aware_peak_y_max_xr,0.7,0.7,4,0.0009682729895257304,16.532588005065918,13159,False,Maximum number of iterations has been exceeded.,0.6692808800840514,0.011680628622564311,0.4950757190005367,0.005052553495854784,7.571900053671143e-05,0.6653043143160918,0.030719119915948556,0.03469568568390813,0.003976565767959572,0.49281112844848296,0.2622973122103953,0.16530431431609183,0.0,True,1000.0,2752.401376326218,20.0,0.1,0.17761786590190778,0.45,1.0002406533564048,0.12,0.35,10.0
constraint_aware,constraint_aware_peak_y_max_xr,0.7,0.7,5,0.0009682778409005366,16.74206280708313,13152,False,Maximum number of iterations has been exceeded.,0.6692810106192367,0.01168120963053826,0.4950758551448309,0.0050535770728238035,7.585514483088307e-05,0.6652989105984719,0.03071898938076323,0.03470108940152805,0.003982100020764823,0.49280651277800114,0.26230300586244115,0.1652989105984719,0.0,True,1000.0,2753.3389971459583,20.0,0.1,0.1774586709240282,0.45,1.0003164884457316,0.12,0.35,10.0
