epoch,learning_rate,constraint_loss_weight,train_loss,train_peak_y_loss,train_max_abs_xr_loss,val_loss,val_peak_y_loss,val_max_abs_xr_loss
1,0.001,5.0,5.593583468467958,0.9358424582789021,0.9315481964618929,4.904586315155029,0.7222416996955872,0.8364689350128174
2,0.001,5.0,3.277860083887654,0.6160888460374647,0.532354248146857,2.1165783405303955,0.3313746452331543,0.35704073309898376
3,0.001,5.0,1.7675595898782053,0.2999078761185369,0.29353034304034326,1.4410557746887207,0.2043992429971695,0.24733130633831024
4,0.001,5.0,1.3416962239050096,0.22235457454958268,0.2238683287174471,1.1848868131637573,0.18313418328762054,0.20035052299499512
5,0.001,5.0,1.1018588466029013,0.20163796601756925,0.18004417779945558,1.037203311920166,0.16805940866470337,0.17382876574993134
6,0.001,5.0,0.9388076778381101,0.18627595877455128,0.150506344774077,0.8804482221603394,0.15862751007080078,0.1443641483783722
7,0.001,5.0,0.8176738110280806,0.1809297300154163,0.12734881572185025,0.795490562915802,0.14900165796279907,0.12929777801036835
8,0.001,5.0,0.7191067962877212,0.16997689633600174,0.1098259785963643,0.7151996493339539,0.13899238407611847,0.11524146050214767
9,0.001,5.0,0.6231953045052867,0.1570552213778419,0.09322801664952308,0.6219069957733154,0.1337943971157074,0.09762251377105713
10,0.001,5.0,0.5512308228400445,0.14960352331399918,0.08032546168373476,0.6009691953659058,0.12566378712654114,0.09506108611822128
11,0.001,5.0,0.5032613421640089,0.1417714145875746,0.07229798581571348,0.5479055643081665,0.11864206194877625,0.08585269749164581
12,0.001,5.0,0.4538730623260621,0.13339127912636725,0.06409635623135874,0.48898690938949585,0.10876285284757614,0.07604481279850006
13,0.001,5.0,0.4209635858574221,0.12781292031849584,0.05863013352838255,0.4418867230415344,0.10307886451482773,0.06776157021522522
14,0.001,5.0,0.3792184918157516,0.11996731017866442,0.05185023623128091,0.44954562187194824,0.10087977349758148,0.069733165204525
15,0.001,5.0,0.370890601508079,0.1196686428400778,0.050244391925873294,0.39256712794303894,0.09716266393661499,0.05908089131116867
16,0.001,5.0,0.3305318985254534,0.1090381411054442,0.04429875139988238,0.38084474205970764,0.09520649909973145,0.05712765082716942
17,0.001,5.0,0.3308486097281979,0.10445397647638474,0.045278926229765336,0.3963637053966522,0.08767066150903702,0.06173861026763916
18,0.001,5.0,0.29676199872647563,0.0956112836157122,0.040230143394681714,0.3370774984359741,0.08256986737251282,0.05090152472257614
19,0.001,5.0,0.2820686991176298,0.09192336843379083,0.03802906619685312,0.35160642862319946,0.08168085664510727,0.0539851151406765
20,0.001,5.0,0.2695935873254653,0.08818468751926575,0.03628178009943616,0.301948219537735,0.07645869255065918,0.04509790614247322
21,0.001,5.0,0.24685103278006276,0.08271887706172082,0.03282643139602676,0.286677747964859,0.07041802257299423,0.043251942843198776
22,0.001,5.0,0.23553328648690255,0.07801764398332565,0.031503128698996956,0.2834717929363251,0.06813988834619522,0.04306638240814209
23,0.001,5.0,0.23422219436014852,0.07560434745204064,0.03172356929750212,0.2832391560077667,0.06479024142026901,0.0436897836625576
24,0.001,5.0,0.21729296638119605,0.06988699421767265,0.029481194402662017,0.26604336500167847,0.061988893896341324,0.04081089422106743
25,0.001,5.0,0.2109939335815368,0.06618844261092524,0.028961098362361232,0.2592729926109314,0.05780096352100372,0.04029440879821777
26,0.001,5.0,0.20385686548486834,0.0645511579369345,0.02786114144950144,0.2457750141620636,0.05435812100768089,0.03828337788581848
27,0.001,5.0,0.19254634168840223,0.061370027401754935,0.026235262773210002,0.2561558485031128,0.05376529321074486,0.04047811031341553
28,0.001,5.0,0.18128524384190958,0.05685354865366413,0.02488633894151257,0.23212872445583344,0.050965696573257446,0.0362326055765152
29,0.001,5.0,0.17422788109510176,0.05342504940927029,0.024160566469354015,0.22765320539474487,0.04873976483941078,0.03578268736600876
30,0.001,5.0,0.17246087977001745,0.05442893457028174,0.023606389069989804,0.22860455513000488,0.04871444031596184,0.03597802296280861
31,0.001,5.0,0.16163624078035355,0.050366705523863915,0.02225390725558804,0.22011901438236237,0.045214101672172546,0.034980982542037964
32,0.001,5.0,0.16166314698996082,0.04899983029932745,0.022532663518382658,0.21898037195205688,0.0438639335334301,0.0350232869386673
33,0.001,5.0,0.16581340975338413,0.048673377702793764,0.02342800585733306,0.21416610479354858,0.04253273829817772,0.03432667255401611
34,0.001,5.0,0.1534410426693578,0.046405911445617676,0.021407025896253123,0.20813052356243134,0.04324837401509285,0.0329764299094677
35,0.001,5.0,0.14638778711518935,0.044196508404227994,0.020438255952490915,0.21915733814239502,0.04180579632520676,0.03547030687332153
36,0.001,5.0,0.14312417901331378,0.04487701439328732,0.019649432942030892,0.21089805662631989,0.04142377898097038,0.0338948555290699
37,0.001,5.0,0.1468237292382025,0.04285300997716765,0.020794143750061913,0.23326703906059265,0.039280615746974945,0.0387972854077816
38,0.001,5.0,0.14198376454653278,0.04236396275941403,0.019923960519654137,0.21134838461875916,0.04212283343076706,0.03384510800242424
39,0.001,5.0,0.14195657425349759,0.04003557953382692,0.020384199256377834,0.21378956735134125,0.03784625604748726,0.03518866375088692
40,0.001,5.0,0.12900918025162914,0.03812325205053053,0.01817718592862929,0.19997665286064148,0.03581986576318741,0.03283135965466499
41,0.001,5.0,0.12384397824925761,0.03726456758956755,0.0173158822581172,0.1928967535495758,0.035522282123565674,0.031474895775318146
42,0.001,5.0,0.1260428315689487,0.037229605319519195,0.01776264538808215,0.21191087365150452,0.037256576120853424,0.03493086248636246
43,0.001,5.0,0.1278092652078598,0.037073447999935,0.018147163483644684,0.19984972476959229,0.036296192556619644,0.03271070867776871
44,0.001,5.0,0.11556628226272521,0.035022055489882346,0.016108845300491777,0.18999378383159637,0.03255350887775421,0.03148805350065231
45,0.001,5.0,0.11663313786829671,0.03555970098222456,0.01621468728708644,0.19397296011447906,0.03324746713042259,0.032145097851753235
46,0.001,5.0,0.11508261869030614,0.03555834083066833,0.01590485537364598,0.19608846306800842,0.034469135105609894,0.032323867082595825
47,0.001,5.0,0.11326877292125456,0.03451973635462984,0.01574980725924815,0.18679159879684448,0.03307997062802315,0.030742326751351357
48,0.001,5.0,0.10982773525099601,0.034137102264550426,0.01513812651917819,0.19116808474063873,0.03170017525553703,0.03189358115196228
49,0.001,5.0,0.10842331114315218,0.03362345220821519,0.014959971690850874,0.18909785151481628,0.032298456877470016,0.031359877437353134
50,0.001,5.0,0.1140535025587005,0.03288854520407415,0.016232991425861275,0.20100152492523193,0.03258146718144417,0.03368401154875755
51,0.001,5.0,0.10443577122303747,0.03239005834104553,0.014409142636483716,0.18102723360061646,0.034885939210653305,0.02922825701534748
52,0.001,5.0,0.09834357471235337,0.03266164215822374,0.013136386480783262,0.18098533153533936,0.031164374202489853,0.02996419183909893
53,0.001,5.0,0.09478363478856702,0.030951364957276854,0.012766454278701735,0.17454646527767181,0.03078720159828663,0.028751851990818977
54,0.001,5.0,0.09018319478679088,0.030386479466312354,0.01195934297697198,0.15980252623558044,0.029433030635118484,0.02607390098273754
55,0.001,5.0,0.08866103606358651,0.029595740530039032,0.011813059088683898,0.17643466591835022,0.030471287667751312,0.029192673042416573
56,0.001,5.0,0.08920184006133387,0.0296300035871325,0.011914367336900003,0.16449716687202454,0.02957976423203945,0.026983482763171196
57,0.001,5.0,0.09045092749499506,0.029103837186290372,0.012269418010668408,0.16460618376731873,0.028764065355062485,0.02716842293739319
58,0.001,5.0,0.08616648001536246,0.028505620606724295,0.011532171689454586,0.16572055220603943,0.029531050473451614,0.027237901464104652
59,0.001,5.0,0.08716393995188898,0.029281351595155655,0.011576517575210141,0.16107290983200073,0.02832283452153206,0.026550015434622765
60,0.001,5.0,0.08556501098698185,0.028262995243553194,0.011460403235809456,0.15204103291034698,0.02728397026658058,0.02495141141116619
61,0.001,5.0,0.08367420072036405,0.027944021107208346,0.01114603584151595,0.15716159343719482,0.02898646518588066,0.025635024532675743
62,0.001,5.0,0.08136514225794424,0.02808128267286285,0.010656771941050407,0.16198381781578064,0.02789689414203167,0.026817383244633675
63,0.001,5.0,0.07577074895943364,0.026751671467096574,0.00980381544439062,0.14853838086128235,0.026723183691501617,0.024363039061427116
64,0.001,5.0,0.0749498545642822,0.02639797648354884,0.009710375580095475,0.15322501957416534,0.027188042178750038,0.025207394734025
65,0.001,5.0,0.07296717575480861,0.025779860514786937,0.009437463005944606,0.1443500518798828,0.025671355426311493,0.023735739290714264
66,0.001,5.0,0.07153442273697545,0.025991451746273424,0.009108594092991083,0.15187206864356995,0.02714329957962036,0.024945752695202827
67,0.001,5.0,0.0725279463635337,0.025979223871423353,0.00930974435722155,0.1491980254650116,0.025758011266589165,0.024688001722097397
68,0.001,5.0,0.07286146535508094,0.025699958505649722,0.009432301255724123,0.14495159685611725,0.02576855942606926,0.023836607113480568
69,0.001,5.0,0.06868238002061844,0.025550080162863576,0.008626459902452846,0.14389733970165253,0.025826020166277885,0.02361426316201687
70,0.001,5.0,0.06917432935968522,0.025429705187918678,0.008748924765255182,0.148635134100914,0.025229495018720627,0.024681128561496735
71,0.001,5.0,0.06629075566607137,0.024829289755753933,0.008292293025841635,0.14870519936084747,0.026268327608704567,0.024487372487783432
72,0.001,5.0,0.0652721161323209,0.02474889324437226,0.008104644595615326,0.14872868359088898,0.025949876755475998,0.024555761367082596
73,0.001,5.0,0.06649316318573491,0.02587750256662407,0.008123132122320032,0.14639246463775635,0.02890339307487011,0.023497814312577248
74,0.001,5.0,0.06369143279810105,0.02369769872917283,0.007998746804772847,0.1422346830368042,0.023733029142022133,0.023700330406427383
75,0.001,5.0,0.06641247459957676,0.023280541262319012,0.008626386568310761,0.1395893692970276,0.023844974115490913,0.023148879408836365
76,0.001,5.0,0.06284010073831005,0.023689886344777,0.007830042962826068,0.14062261581420898,0.024711398407816887,0.02318224310874939
77,0.001,5.0,0.06203427850719421,0.023349699263851487,0.007736915782574684,0.12999227643013,0.022573623806238174,0.021483730524778366
78,0.001,5.0,0.0641618582510179,0.023570429864189318,0.008118285722429714,0.14010892808437347,0.022770892828702927,0.02346760593354702
79,0.001,5.0,0.0625616098123212,0.023697437147700017,0.007772834626056494,0.14045260846614838,0.02297982946038246,0.023494556546211243
80,0.001,5.0,0.061979837114772486,0.022392493101858323,0.007917468691424977,0.1325017362833023,0.02300778217613697,0.021898789331316948
81,0.001,5.0,0.0567029875613028,0.02174989683854003,0.006990618042407497,0.13767105340957642,0.021601105108857155,0.023213988170027733
82,0.001,5.0,0.05716415855192369,0.021556137880731012,0.007121604146255601,0.13363631069660187,0.021543066948652267,0.02241864986717701
83,0.001,5.0,0.055708649418046395,0.022125226235197436,0.006716684633565526,0.13431838154792786,0.021360347047448158,0.02259160578250885
84,0.001,5.0,0.05476876264137606,0.021468094279689175,0.006660133735426972,0.12311379611492157,0.020498039200901985,0.020523151382803917
85,0.001,5.0,0.05382897326302144,0.021381710265432636,0.006489452665611621,0.12295391410589218,0.021678252145648003,0.020255131646990776
86,0.001,5.0,0.05463710415267175,0.02151273377239704,0.006624874133136003,0.1272551268339157,0.020639929920434952,0.02132304012775421
87,0.001,5.0,0.055198569091097,0.020336683058450298,0.0069723772035250745,0.12778589129447937,0.020456165075302124,0.02146594598889351
88,0.001,5.0,0.05507013105577038,0.020521925041271795,0.006909641226933849,0.12845447659492493,0.020210430026054382,0.02164880745112896
89,0.001,5.0,0.051741397488982446,0.019859600932367386,0.00637635929630168,0.12085219472646713,0.020060712471604347,0.020158296450972557
90,0.001,5.0,0.048625429311106284,0.020257746950993614,0.005673536512580129,0.12605352699756622,0.02142692171037197,0.02092532254755497
91,0.001,5.0,0.05099442985750014,0.020597060150917498,0.006079474073504248,0.12744194269180298,0.020596183836460114,0.021369149908423424
92,0.001,5.0,0.050186421121320414,0.019764200634052678,0.006084444204105004,0.12431064248085022,0.01942933164536953,0.020976262167096138
93,0.001,5.0,0.0478254480347518,0.019419969765529517,0.005681095577235664,0.11925065517425537,0.01899075135588646,0.020051980391144753
94,0.001,5.0,0.04789475543845084,0.01975691594904469,0.0056275678873662985,0.1221332922577858,0.019032174721360207,0.020620223134756088
95,0.001,5.0,0.04643207325810386,0.01913595460956135,0.005459223813827961,0.12020470201969147,0.019072409719228745,0.020226458087563515
96,0.001,5.0,0.04532162959296857,0.018734773771176414,0.005317371240967224,0.11982179433107376,0.019051795825362206,0.02015399932861328
97,0.001,5.0,0.04574539001670576,0.018576109196029363,0.005433856209199275,0.12508505582809448,0.021051695570349693,0.020806672051548958
98,0.001,5.0,0.04672157199632737,0.019228583622363307,0.00549859770633761,0.1160673201084137,0.019008738920092583,0.019411716610193253
99,0.001,5.0,0.04401349504628489,0.018050038315836462,0.0051926914076771465,0.11736578494310379,0.01962980069220066,0.019547197967767715
100,0.001,5.0,0.04316396061931887,0.018488433227063186,0.004935105391327412,0.11041799932718277,0.01839987374842167,0.01840362511575222
101,0.001,5.0,0.045098167573732716,0.018407986589497136,0.005338036154787387,0.11297085881233215,0.01946122758090496,0.01870192587375641
102,0.001,5.0,0.04679795252459665,0.018739977250656775,0.005611594991698381,0.13268882036209106,0.023176811635494232,0.021902401000261307
103,0.001,5.0,0.04473138053811366,0.018846284507984114,0.0051770191940088426,0.1138971745967865,0.017635086551308632,0.019252417609095573
104,0.001,5.0,0.03968108193047585,0.017440473120058735,0.004448121864228479,0.11041691154241562,0.017052941024303436,0.018672794103622437
105,0.001,5.0,0.040201005435759024,0.017338184790024833,0.004572564232794027,0.11004094779491425,0.01695900969207287,0.018616387620568275
106,0.001,5.0,0.03937764129331035,0.016923211995632417,0.004490885966187043,0.12079644203186035,0.017881736159324646,0.02058294042944908
107,0.001,5.0,0.03985427836737325,0.01729054463606688,0.004512746735746341,0.1192561611533165,0.018442809581756592,0.02016266994178295
108,0.001,5.0,0.04147414965254645,0.017032089372796398,0.004888411964319887,0.11955870687961578,0.018773648887872696,0.020157011225819588
109,0.001,5.0,0.044095604109667966,0.017834657262409886,0.005252189423528409,0.10630694031715393,0.016936441883444786,0.0178740993142128
110,0.001,5.0,0.039276034360931765,0.017482324713660825,0.004358741965505385,0.11066694557666779,0.017014943063259125,0.018730400130152702
111,0.001,5.0,0.03967791933926844,0.01681764085867232,0.004572055693114957,0.11177057772874832,0.018071480095386505,0.018739819526672363
112,0.001,5.0,0.0380703299756973,0.01685104945734624,0.004243856055601951,0.10706629604101181,0.016461528837680817,0.01812095381319523
113,0.001,5.0,0.03673953550957864,0.01632957031289416,0.004081992946955706,0.10907475650310516,0.01668557897210121,0.01847783662378788
114,0.001,5.0,0.03765402535998052,0.016225173678849975,0.004285770370775173,0.12237834185361862,0.016804570332169533,0.021114755421876907
115,0.001,5.0,0.040325001543087345,0.017356552198649414,0.004593689880904651,0.10559281706809998,0.015887942165136337,0.017940973863005638
116,0.001,5.0,0.03893330555048681,0.017342573933063016,0.004318146335501824,0.10829697549343109,0.01669498160481453,0.018320400267839432
117,0.001,5.0,0.03792624073403497,0.017334212188518817,0.004118405785712023,0.11215738952159882,0.01615331694483757,0.01920081488788128
118,0.001,5.0,0.03706118764896547,0.015867716377420772,0.004238694230274808,0.10445878654718399,0.01621341146528721,0.017649075016379356
119,0.001,5.0,0.037423555709181294,0.017587455920875072,0.003967219978691109,0.1011166200041771,0.01589784026145935,0.01704375632107258
120,0.001,5.0,0.03578772281687106,0.01618401069314249,0.0039207424007115825,0.11008615046739578,0.016376331448554993,0.018741963431239128
121,0.001,5.0,0.03806010567613186,0.016884958236328056,0.004235029490965028,0.11279622465372086,0.017953746020793915,0.018968496471643448
122,0.001,5.0,0.039008615898989865,0.016937781966501666,0.004414166812033903,0.11038583517074585,0.01635398343205452,0.018806369975209236
123,0.001,5.0,0.03663086500619688,0.01629011594359913,0.004068149832047282,0.1033606007695198,0.01689780317246914,0.017292559146881104
124,0.001,5.0,0.03738721514180783,0.016076496982526396,0.004262143573273093,0.11525369435548782,0.018321016803383827,0.0193865355104208
125,0.001,5.0,0.03474901983093831,0.01600835472345352,0.0037481329974628263,0.1136508360505104,0.01602349430322647,0.019525468349456787
126,0.001,5.0,0.03951390778585788,0.016289000985242667,0.0046449813225697125,0.10108122229576111,0.016278011724352837,0.016960641369223595
127,0.001,5.0,0.03611473186362174,0.015951178291992794,0.004032710762394052,0.09288115799427032,0.015890907496213913,0.015398048795759678
128,0.001,5.0,0.03295589058149245,0.015476647388911056,0.0034958485911990847,0.1015043556690216,0.015814518555998802,0.01713796705007553
129,0.001,5.0,0.03389240266574967,0.015652386036010518,0.0036480032929009005,0.1065639853477478,0.015731217339634895,0.01816655322909355
130,0.001,5.0,0.03379541587445044,0.014708910663161547,0.0038173010557769767,0.09909288585186005,0.01617066189646721,0.016584444791078568
131,0.001,5.0,0.03034991566692629,0.014503005140971753,0.003169382073646111,0.10022898763418198,0.015439975075423717,0.016957802698016167
132,0.001,5.0,0.03280438530829645,0.015806136172144644,0.0033996498302346274,0.10669932514429092,0.016927605494856834,0.017954343929886818
133,0.001,5.0,0.030592106102455045,0.014612568527339928,0.0031959075187783566,0.10031532496213913,0.015956418588757515,0.016871782019734383
134,0.001,5.0,0.030866662641206095,0.014791255606518637,0.003215081411443891,0.10176468640565872,0.015231745317578316,0.01730658859014511
135,0.001,5.0,0.030583796782359,0.014621951391980532,0.0031923690412734304,0.10076611489057541,0.015788661316037178,0.016995491459965706
136,0.001,5.0,0.030049279151904966,0.014872974280508296,0.0030352610103305307,0.10074960440397263,0.015259637497365475,0.017097992822527885
137,0.001,5.0,0.030971986752363942,0.014336229091690432,0.0033271515313836354,0.08966614305973053,0.014433471485972404,0.015046533197164536
138,0.001,5.0,0.030812671347971884,0.014211866178459698,0.0033201610241385716,0.09979666769504547,0.015675468370318413,0.01682423986494541
139,0.001,5.0,0.03011075863915105,0.014678062856077187,0.003086539143095574,0.0967656672000885,0.018185170367360115,0.015716100111603737
140,0.001,5.0,0.02932056039571762,0.014415450123769621,0.00298102201908947,0.0942816287279129,0.015389101579785347,0.01577850617468357
141,0.001,5.0,0.03103640248938914,0.01439319864936894,0.0033286407312017774,0.09035682678222656,0.015438638627529144,0.014983637258410454
142,0.001,5.0,0.02884865660340555,0.013915616433106123,0.0029866079980086896,0.09549850225448608,0.015631932765245438,0.01597331464290619
143,0.001,5.0,0.029370359896171476,0.014097928369958554,0.003054486321014983,0.10431136935949326,0.017247768118977547,0.017412720248103142
144,0.001,5.0,0.030943454753968022,0.015036778915072642,0.0031813351595173438,0.08883550763130188,0.015582207590341568,0.014650659635663033
145,0.001,5.0,0.027986369966979948,0.014173468845265528,0.002762580245372749,0.09613601863384247,0.015554011799395084,0.016116401180624962
146,0.001,5.0,0.03159990426032774,0.013782845419501104,0.00356341173662053,0.0950983539223671,0.01576281152665615,0.01586710847914219
147,0.001,5.0,0.030174875571843115,0.014316857912607731,0.0031716035108172126,0.08968294411897659,0.014149240218102932,0.015106741338968277
148,0.001,5.0,0.03111634986294854,0.014626930452763073,0.0032978839008137584,0.09393338859081268,0.016521329060196877,0.015482412651181221
149,0.001,5.0,0.027777760139396115,0.014235077756306818,0.0027085364638497274,0.09187256544828415,0.013874584808945656,0.015599596314132214
150,0.001,5.0,0.027185639967360804,0.01325251393380665,0.002786625169157501,0.09911268204450607,0.01435342151671648,0.016951851546764374
151,0.001,5.0,0.027975418214355747,0.013771560463693834,0.002840771565153714,0.09095597267150879,0.015165619552135468,0.015158070251345634
152,0.001,5.0,0.02789897844195366,0.014709339837633794,0.0026379277546619696,0.08951953798532486,0.014956227503716946,0.014912661164999008
153,0.001,5.0,0.02683291094557893,0.013226034269938547,0.0027213753614154074,0.09112811833620071,0.013882382772862911,0.01544914674013853
154,0.001,5.0,0.026080158869585684,0.013278386931145383,0.002560354363653929,0.0919375866651535,0.014479778707027435,0.015491561964154243
155,0.001,5.0,0.026925019769658966,0.01350117371147198,0.002684769243182194,0.08828561007976532,0.015934869647026062,0.014470148831605911
156,0.001,5.0,0.02608900553276462,0.013556263785088254,0.0025065483134840767,0.0911259651184082,0.014891871251165867,0.015246818773448467
157,0.001,5.0,0.026274105173445517,0.01325346015754246,0.0026041290332232754,0.08568111807107925,0.013995682820677757,0.014337086118757725
158,0.001,5.0,0.02842362213038629,0.013375743096994777,0.0030095758209485683,0.0927925780415535,0.013476809486746788,0.01586315408349037
159,0.001,5.0,0.027139890488357313,0.013255465445258924,0.002776884958298216,0.08903783559799194,0.014096844010055065,0.01498819887638092
160,0.001,5.0,0.02781686469191505,0.013853022828698158,0.0027927683869136436,0.08424816280603409,0.013715267181396484,0.01410657912492752
161,0.001,5.0,0.02620814323064781,0.014252343575560277,0.0023911599437856385,0.0888630747795105,0.014061571098864079,0.014960301108658314
162,0.001,5.0,0.025620404510728775,0.013011747250153173,0.0025217314701407186,0.08872223645448685,0.013340272009372711,0.015076393261551857
163,0.001,5.0,0.02556981690107815,0.013126996195604724,0.0024885641290776192,0.08919591456651688,0.013510778546333313,0.015137027017772198
164,0.001,5.0,0.025966929001433235,0.012970947960932408,0.002599196193078833,0.07963715493679047,0.013594044372439384,0.013208622112870216
165,0.001,5.0,0.02561352182660372,0.013544372583348905,0.002413829852406296,0.09384612739086151,0.016598692163825035,0.015449486672878265
166,0.001,5.0,0.027507338011937756,0.014492666123494986,0.0026029343566586895,0.09859566390514374,0.013949926942586899,0.016929147765040398
167,0.001,5.0,0.03145839985940726,0.013287691053964438,0.0036341418407016225,0.09570653736591339,0.013811337761580944,0.016379039734601974
168,0.001,5.0,0.028681988587542888,0.0128373229395478,0.0031689331423671494,0.0914989784359932,0.014779369346797466,0.015343922190368176
169,0.001,5.0,0.030001041930048697,0.013312287959119967,0.003337750812211344,0.09035459160804749,0.014195204712450504,0.015231877565383911
170,0.001,5.0,0.02541189496555636,0.013856443471365398,0.002311090352914987,0.07879681885242462,0.01282650325447321,0.013194062747061253
171,0.001,5.0,0.02610600514397506,0.013543422784536116,0.002512516457617523,0.08668604493141174,0.01350380852818489,0.014636448584496975
172,0.001,5.0,0.028027106076478958,0.012936364123297314,0.003018148401151261,0.0835917517542839,0.013574370183050632,0.014003477059304714
173,0.001,5.0,0.028099922313084526,0.013071295444763476,0.003005725391689808,0.08763487637042999,0.012951062060892582,0.014936763793230057
174,0.001,5.0,0.025991530938734932,0.012879928198432731,0.0026223204857219132,0.09008621424436569,0.014045635238289833,0.015208116732537746
175,0.001,5.0,0.026735762975388957,0.012540494242022115,0.00283905373315417,0.08735017478466034,0.015335198491811752,0.014402995817363262
176,0.001,5.0,0.02406817644594177,0.013065745242901387,0.002200486266144341,0.08157601952552795,0.01317676529288292,0.013679851777851582
177,0.001,5.0,0.023987894817706076,0.012799984249736994,0.0022375821079608175,0.0773347020149231,0.013914905488491058,0.012683959677815437
178,0.001,5.0,0.024817514203248486,0.013489592910533952,0.002265584317126101,0.08277629315853119,0.013211905024945736,0.013912877067923546
179,0.001,5.0,0.023593656868944244,0.01279370205837392,0.0021599909974141947,0.07756036520004272,0.014433837495744228,0.012625304982066154
180,0.001,5.0,0.023854865962939877,0.01315004369544406,0.002140964415194767,0.09053578972816467,0.013894954696297646,0.01532816793769598
181,0.001,5.0,0.0254459920369329,0.012434371942353825,0.002602323991126351,0.08711771667003632,0.014662589877843857,0.014491026289761066
182,0.001,5.0,0.02439872088331369,0.012584563449866349,0.002362831476925602,0.08025410026311874,0.014567277394235134,0.013137363828718662
183,0.001,5.0,0.027776622213423252,0.012910889611849862,0.0029731465751425394,0.08777548372745514,0.01401200145483017,0.014752696268260479
184,0.001,5.0,0.029896310800986904,0.013371158947026538,0.0033050303670367404,0.09044158458709717,0.013734262436628342,0.015341464430093765
185,0.001,5.0,0.02524709596388763,0.012726607146642862,0.002504097744672289,0.08093578368425369,0.01285278145223856,0.013616600073873997
186,0.001,5.0,0.023545888763281606,0.012248384886451306,0.002259500833573721,0.08343847095966339,0.012697719968855381,0.014148150570690632
187,0.001,5.0,0.023397079158213832,0.01202607264501914,0.0022742013341837354,0.07341805100440979,0.012856819666922092,0.01211224589496851
188,0.001,5.0,0.022351290309621442,0.012127569786483241,0.0020447440835977752,0.0789085105061531,0.013858767226338387,0.013009949587285519
189,0.001,5.0,0.023404634828048367,0.011985152561758314,0.002283896451004811,0.08136339485645294,0.01372629776597023,0.013527418486773968
190,0.001,5.0,0.02438146906394151,0.01212795159869617,0.0024507035080704,0.07767482101917267,0.013232097961008549,0.012888544239103794
191,0.001,5.0,0.024270931108584328,0.012722248001204382,0.0023097366492654528,0.08047537505626678,0.013319232501089573,0.013431228697299957
192,0.001,5.0,0.027339038949820302,0.014209407096308085,0.002625926375208843,0.07868614047765732,0.013044302351772785,0.013128366321325302
193,0.001,5.0,0.02515693687863888,0.012248456628332216,0.0025816960673358653,0.08576260507106781,0.01354647520929575,0.014443226158618927
194,0.001,5.0,0.023942766470774528,0.012511531251572793,0.002286247049097813,0.07890477776527405,0.013962743803858757,0.012988406233489513
195,0.001,5.0,0.02206174311258139,0.012213339443288503,0.001969680749630976,0.07835974544286728,0.01594298705458641,0.012483351863920689
196,0.001,5.0,0.023167794660454797,0.012952252020758967,0.002043108557230763,0.08038879930973053,0.0135747529566288,0.013362808153033257
197,0.001,5.0,0.022849187945886966,0.011723559830457933,0.0022251256253390064,0.07660552859306335,0.012491202913224697,0.012822864577174187
198,0.001,5.0,0.021784607140767957,0.011814873350123245,0.001993946712313881,0.07903916388750076,0.013319236226379871,0.013143985532224178
199,0.001,5.0,0.02485596974410357,0.011997494531134445,0.002571694969740366,0.08284683525562286,0.015070212073624134,0.013555323705077171
200,0.001,5.0,0.02427597431045386,0.01266388592099951,0.0023224176951654016,0.08625529706478119,0.01438556145876646,0.014373947866261005
201,0.001,5.0,0.022706165429084532,0.012184242913199047,0.0021043844904089647,0.07599030435085297,0.012977839447557926,0.012602493166923523
202,0.001,5.0,0.023037300415096745,0.012685172440063569,0.0020704256002641013,0.07462208718061447,0.013057456351816654,0.012312925420701504
203,0.001,5.0,0.020836869164580298,0.01157345993053769,0.0018526818640830537,0.0705878883600235,0.012571511790156364,0.011603275313973427
204,0.001,5.0,0.021065140233164834,0.01184205102523969,0.0018446178723787589,0.0738564133644104,0.012600788846611977,0.01225112471729517
205,0.001,5.0,0.020962742007067128,0.011661051637342861,0.0018603380885906518,0.07529333233833313,0.012745464220643044,0.012509574182331562
206,0.001,5.0,0.019954476775901932,0.01140499587411121,0.0017098961754762117,0.07436509430408478,0.013073760084807873,0.012258267030119896
207,0.001,5.0,0.02111480688495982,0.011474455361284556,0.0019280703347777167,0.07314181327819824,0.0127854710444808,0.012071268633008003
208,0.001,5.0,0.02169319335371256,0.01220750328033201,0.0018971380833987027,0.07197464257478714,0.012735933065414429,0.011847741901874542
209,0.001,5.0,0.021661174363426624,0.012197241998247562,0.0018927864843018114,0.07129398733377457,0.012025373056530952,0.011853722855448723
210,0.001,5.0,0.019709676113580505,0.011032844292781046,0.0017353663513917596,0.07314921915531158,0.012947618961334229,0.012040320783853531
211,0.001,5.0,0.02079911082382164,0.011522218119353056,0.0018553785611725142,0.0713803768157959,0.012379097752273083,0.011800256557762623
212,0.001,5.0,0.020257451601566806,0.01127108290130573,0.0017972737400522155,0.07463138550519943,0.01321033202111721,0.01228421088308096
213,0.001,5.0,0.02099688609521235,0.011621001416877393,0.0018751769657096556,0.07053355127573013,0.011980858631432056,0.01171053759753704
214,0.001,5.0,0.021153761674800226,0.010961237348495953,0.002038504872020454,0.06869036704301834,0.012580868788063526,0.011221899650990963
215,0.001,5.0,0.02244896633971122,0.011563659240041048,0.002177061385384971,0.07894796878099442,0.01444325689226389,0.012900942005217075
216,0.001,5.0,0.021957023820329095,0.011858542044196398,0.0020196963356988082,0.07334483414888382,0.012926186434924603,0.012083729729056358
217,0.001,5.0,0.025109532108950998,0.011506292878860427,0.002720647870803312,0.08209347724914551,0.012767677195370197,0.013865158893167973
218,0.001,5.0,0.02826366089885273,0.011907819313027205,0.003271168244311646,0.0851326510310173,0.012771209701895714,0.014472287148237228
219,0.001,5.0,0.025270571241215352,0.011460650291654372,0.002761984213946327,0.07436981052160263,0.012236194685101509,0.012426723726093769
220,0.001,5.0,0.020727866449423375,0.010912676274235691,0.00196303803879287,0.06660491228103638,0.012376699596643448,0.01084564346820116
221,0.001,5.0,0.021397818330555193,0.011346964090461693,0.0020101708435123007,0.0873720720410347,0.01419126708060503,0.014636160805821419
222,0.001,5.0,0.02194775289465343,0.010944338327634239,0.0022006828991335725,0.0742599219083786,0.01222250610589981,0.012407482601702213
223,0.001,5.0,0.02378650745677371,0.010974585228869993,0.002562384421546613,0.08536206930875778,0.016460413113236427,0.013780332170426846
224,0.001,5.0,0.02364503258779164,0.011742641473369252,0.002380478177069416,0.06628913432359695,0.012701948173344135,0.010717436671257019
225,0.001,5.0,0.021241240113252593,0.011629725911564404,0.0019223028418397712,0.07831088453531265,0.012446174398064613,0.013172942213714123
226,0.001,5.0,0.02249052835207793,0.011692877753727859,0.0021595301279317466,0.07190029323101044,0.014606296084821224,0.011458799242973328
227,0.001,5.0,0.020880299890714306,0.01109837836045171,0.001956384276009856,0.0675630047917366,0.012394540943205357,0.011033693328499794
228,0.001,5.0,0.01848725526924095,0.010713700971175586,0.0015547108543556064,0.06912462413311005,0.012187274172902107,0.011387470178306103
229,0.001,5.0,0.02175293331064524,0.012955422408037608,0.0017595021880321925,0.07085894048213959,0.012810440734028816,0.011609699577093124
230,0.001,5.0,0.021843351183399078,0.011425798233117788,0.002083510618596788,0.07572313398122787,0.012916052713990211,0.012561416253447533
231,0.001,5.0,0.022342447371732806,0.010749926069571127,0.0023185043415475276,0.06874533742666245,0.012271309271454811,0.011294805444777012
232,0.001,5.0,0.01977639233753566,0.010857308058128241,0.0017838168461176177,0.06628869473934174,0.011941522359848022,0.010869434103369713
233,0.001,5.0,0.019579097478380127,0.010536150458539206,0.0018085894013394512,0.07629040628671646,0.011833013035356998,0.012891478836536407
234,0.001,5.0,0.02065862276621403,0.010769254077346094,0.001977873733267188,0.06932711601257324,0.011856678873300552,0.011494087986648083
235,0.001,5.0,0.020212878112591082,0.010782792225419995,0.0018860171661682188,0.06620936095714569,0.012325702235102654,0.010776732116937637
236,0.001,5.0,0.01820472189255299,0.010368360259059456,0.0015672723079220422,0.07061013579368591,0.012446541339159012,0.01163272000849247
237,0.001,5.0,0.02273471725563849,0.01303222556898911,0.0019404983050340125,0.06917727738618851,0.01387000735849142,0.011061454191803932
238,0.001,5.0,0.02166854956698033,0.012034292678318678,0.0019268514062728613,0.07126858085393906,0.011621820740401745,0.011929352767765522
239,0.001,5.0,0.019373069517314434,0.010704443023930635,0.0017337253197066247,0.06885161995887756,0.011462809517979622,0.011477762833237648
240,0.001,5.0,0.017779395945610538,0.010032077387516056,0.0015494637003528975,0.06673938035964966,0.011790813878178596,0.010989713482558727
241,0.001,5.0,0.019464152925197157,0.011706709005539455,0.0015514887899400727,0.06723056733608246,0.011798377148807049,0.011086438782513142
242,0.001,5.0,0.017282635484251282,0.009706751834000311,0.0015151767199107957,0.06760105490684509,0.012672152370214462,0.010985780507326126
243,0.001,5.0,0.018783903109931176,0.010255210116625793,0.0017057386031674763,0.07533959299325943,0.012149890884757042,0.012637940235435963
244,0.001,5.0,0.0219536850288991,0.011655018927769796,0.0020597332472642583,0.0698428601026535,0.012079646810889244,0.011552643030881882
245,0.001,5.0,0.020795315804500735,0.010552962776273489,0.0020484706094007817,0.07038875669240952,0.014811757020652294,0.01111540012061596
246,0.001,5.0,0.019529528224900845,0.010397672615644912,0.0018263711113362543,0.06714162230491638,0.011918235570192337,0.011044676415622234
247,0.001,5.0,0.01884163207104129,0.010351787156034862,0.001697969003280084,0.06919818371534348,0.01213384885340929,0.011412866413593292
248,0.001,5.0,0.018426059444825494,0.01028124431538726,0.0016289630345249129,0.06695734709501266,0.01144079677760601,0.011103309690952301
249,0.001,5.0,0.017536594412259517,0.010037901908940366,0.0014997384916510313,0.06291096657514572,0.011384743265807629,0.010305245406925678
250,0.001,5.0,0.017396804546156237,0.009916443850905184,0.0014960721657130748,0.06792692095041275,0.012361082248389721,0.011113167740404606
251,0.001,5.0,0.017784264854966633,0.010007191329233108,0.0015554147351893686,0.0665956512093544,0.011468205600976944,0.011025489307940006
252,0.001,5.0,0.01926245972994835,0.010077880109630285,0.001836915902282682,0.06561727821826935,0.011737479828298092,0.010775959119200706
253,0.001,5.0,0.01843165374931789,0.01036384531987771,0.0016135616780018373,0.061056043952703476,0.011704820208251476,0.009870244190096855
254,0.001,5.0,0.019269392299916473,0.010237621631653558,0.0018063541370323829,0.06576455384492874,0.012089603580534458,0.010734990239143372
255,0.001,5.0,0.01979080894060673,0.010020266459774106,0.001954108555500786,0.06594638526439667,0.012576128356158733,0.010674051009118557
256,0.001,5.0,0.01845275102964332,0.009707094680878424,0.0017491312840232445,0.07011264562606812,0.011213336139917374,0.011779862456023693
257,0.001,5.0,0.019413067268267754,0.009863017795367105,0.0019100099208674605,0.0654134601354599,0.011265264824032784,0.010829639621078968
258,0.001,5.0,0.01809827878230041,0.00995078047497138,0.0016294996509508741,0.06544994562864304,0.011804962530732155,0.010728997178375721
259,0.001,5.0,0.01782504484177597,0.009816633229474387,0.0016016822942953196,0.06514055281877518,0.011753914877772331,0.010677327401936054
260,0.001,5.0,0.01771648289755948,0.010205760695821336,0.0015021444151868983,0.06809761375188828,0.011810269206762314,0.011257468722760677
261,0.001,5.0,0.017437918352023248,0.009900065747299982,0.0015075704788849239,0.06786391139030457,0.011682209558784962,0.011236339807510376
262,0.001,5.0,0.016958618356335546,0.010273249774810768,0.0013370737283220214,0.06155472993850708,0.011194311082363129,0.01007208414375782
263,0.001,5.0,0.016539397544317668,0.0097433177213515,0.001359215913145172,0.06956011056900024,0.011268918402493,0.011658238247036934
264,0.001,5.0,0.018493020546532447,0.009681118607160545,0.0017623803766083814,0.062190793454647064,0.012461879290640354,0.009945782832801342
265,0.001,5.0,0.017695491262260946,0.010833293920563113,0.0013724394901204974,0.06754562258720398,0.013015976175665855,0.010905928909778595
266,0.001,5.0,0.018593638864976746,0.010062565756661276,0.0017062146366844254,0.06885942071676254,0.012456171214580536,0.011280650272965431
267,0.001,5.0,0.018828502135171045,0.010507634998629651,0.0016641734363210777,0.06756657361984253,0.01251849066466093,0.011009616777300835
268,0.001,5.0,0.017610328932923656,0.009945965552281949,0.001532872673124075,0.06410887092351913,0.011226464994251728,0.010576480999588966
269,0.001,5.0,0.0169106847456386,0.009463122362391121,0.001489512443978099,0.06633903086185455,0.011331736110150814,0.011001459322869778
270,0.001,5.0,0.01814037966992586,0.010054609963610288,0.0016171539262417824,0.0688691958785057,0.012336081825196743,0.011306622996926308
271,0.001,5.0,0.017424460350265427,0.01016141438946849,0.0014526092075562525,0.07100600004196167,0.012961427681148052,0.011608914472162724
272,0.001,5.0,0.019335149907537045,0.00992278774989949,0.0018824724360339104,0.07190611958503723,0.012308385223150253,0.011919546872377396
273,0.001,5.0,0.01959305409822733,0.010023180861026049,0.0019139745986209281,0.07417439669370651,0.012429422698915005,0.012348994612693787
274,0.001,5.0,0.017736224788090876,0.009780554934555003,0.0015911340127669035,0.060954898595809937,0.01114545576274395,0.009961888194084167
275,0.001,5.0,0.017438988471704144,0.00957651602314605,0.0015724945114925504,0.06431712955236435,0.011627555824816227,0.010537914000451565
276,0.001,5.0,0.017078848750961405,0.009472758208792056,0.0015212181437339995,0.07239681482315063,0.013120041228830814,0.01185535453259945
277,0.001,5.0,0.01794676897266219,0.00966539369114945,0.0016562750923537438,0.05963116139173508,0.010937503539025784,0.009738731198012829
278,0.001,5.0,0.016530400412457603,0.009414493947500182,0.0014231812486785553,0.06083930283784866,0.011793500743806362,0.009809160605072975
279,0.001,5.0,0.016590407088158593,0.009657193741370593,0.0013866426344330033,0.06586465239524841,0.013006416149437428,0.010571646504104137
280,0.001,5.0,0.01624157132520791,0.00960917109923978,0.0013264800673500905,0.06183180212974548,0.010673454962670803,0.010231669060885906
281,0.001,5.0,0.01699730684800494,0.01006135197296258,0.0013871909806414718,0.061882276087999344,0.010776638053357601,0.010221127420663834
282,0.001,5.0,0.01952751263255073,0.011213132751084143,0.0016628759706603183,0.07056700438261032,0.012389489449560642,0.01163550280034542
283,0.001,5.0,0.018246487323795597,0.009825899213131878,0.0016841175965964794,0.06261526793241501,0.013432539068162441,0.009836545214056969
284,0.001,5.0,0.018796023762514515,0.011271535088458368,0.0015048977445750948,0.06424856930971146,0.011229237541556358,0.01060386560857296
285,0.001,5.0,0.01615274165787043,0.009219910003124707,0.0013865663241895458,0.061734504997730255,0.01111723855137825,0.010123453103005886
286,0.001,5.0,0.016101790922543695,0.009331595648320453,0.0013540390664861807,0.062294475734233856,0.011562426574528217,0.010146410204470158
287,0.001,5.0,0.016390665914983518,0.009126846671044346,0.0014527638878432973,0.06614183634519577,0.01040309201925993,0.011147749610245228
288,0.001,5.0,0.018340921660344445,0.009274246659310113,0.0018133349949494004,0.07062821090221405,0.011106462217867374,0.01190434955060482
289,0.001,5.0,0.019734772132529367,0.009947820611658597,0.0019573903109337534,0.06512494385242462,0.011304594576358795,0.010764069855213165
290,0.001,5.0,0.01859667683921514,0.009337223375276212,0.0018518906642472552,0.06977768987417221,0.010866577737033367,0.011782222427427769
291,0.001,5.0,0.017268192533764146,0.009395402878703128,0.001574557950539935,0.062472328543663025,0.011234529316425323,0.01024756021797657
292,0.001,5.0,0.01622943333800762,0.00907082624372936,0.0014317214485227822,0.06175975129008293,0.01083347573876381,0.010185254737734795
293,0.001,5.0,0.01608466987888659,0.008836812016764475,0.00144957160509582,0.060896217823028564,0.010998948477208614,0.00997945386916399
294,0.001,5.0,0.0158958479521736,0.008931083709842736,0.001392952844335307,0.06034185364842415,0.010995831340551376,0.009869204834103584
295,0.001,5.0,0.015875451777490876,0.009384686562923654,0.001298153018128247,0.06325684487819672,0.01160750724375248,0.010329867713153362
296,0.001,5.0,0.019112544885325815,0.009213813595593937,0.001979746271841108,0.0680946484208107,0.011389300227165222,0.01134106982499361
297,0.001,5.0,0.01838946693967427,0.009038230809833734,0.0018702472049382426,0.06287062168121338,0.010808668099343777,0.01041239034384489
298,0.001,5.0,0.01567438407050025,0.009262770947609697,0.0012823226242025772,0.06381932646036148,0.014405547641217709,0.009882756508886814
299,0.001,5.0,0.016185134108508786,0.009038229923575156,0.0014293808490037918,0.05892588198184967,0.012171038426458836,0.009350968524813652
300,0.001,5.0,0.015165405528199288,0.008979040423348066,0.0012372729777839154,0.05977128446102142,0.010867813602089882,0.009780694730579853
301,0.001,5.0,0.015121695720740864,0.00877110570699217,0.0012701180286615367,0.0573817640542984,0.011388178914785385,0.009198716841638088
302,0.001,5.0,0.015819335656781352,0.009744799327886394,0.001214907298074855,0.057748373597860336,0.010610110126435757,0.009427652694284916
303,0.001,5.0,0.01508844520656332,0.008837658964518097,0.0012501572435271115,0.06358800828456879,0.01116214506328106,0.010485172271728516
304,0.001,5.0,0.016068483492539774,0.008689366371160554,0.0014758234066257795,0.06078919395804405,0.010548852384090424,0.01004806812852621
305,0.001,5.0,0.0159174544556487,0.008557551795797001,0.001471980512442608,0.06256122887134552,0.011517093516886234,0.010208827443420887
306,0.001,5.0,0.015004747141633303,0.00876399926886323,0.001248149603094545,0.060257285833358765,0.010304738767445087,0.00999050959944725
307,0.001,5.0,0.01440219436922381,0.008453742060209475,0.0011896904925965974,0.0614674910902977,0.010777764022350311,0.010137945413589478
308,0.001,5.0,0.01427747949116653,0.008468337867769503,0.0011618282709781442,0.06262623518705368,0.010894016362726688,0.010346443392336369
309,0.001,5.0,0.015699613298619946,0.008839503110897156,0.0013720220548190897,0.060133665800094604,0.011134111322462559,0.009799910709261894
310,0.001,5.0,0.015200689555175843,0.008946159486508658,0.0012509060156111035,0.0605606734752655,0.010369245894253254,0.01003828551620245
311,0.001,5.0,0.01649330430213482,0.009161657195598367,0.001466329432948823,0.05962717905640602,0.011166983284056187,0.009692039340734482
312,0.001,5.0,0.015300336263833507,0.009506289321448534,0.0011588093625651973,0.05758427083492279,0.01125554833561182,0.009265745058655739
313,0.001,5.0,0.014114036840657073,0.008420141361233207,0.0011387791075263053,0.058892134577035904,0.010604205541312695,0.009657585993409157
314,0.001,5.0,0.014582605882277411,0.009146796607021843,0.001087161809987118,0.05764683336019516,0.011534599587321281,0.00922244694083929
315,0.001,5.0,0.015125085629763143,0.008269470260148086,0.0013711230262302824,0.06323891878128052,0.01111994031816721,0.010423796251416206
316,0.001,5.0,0.01626068963519027,0.009116369487357235,0.0014288640325708735,0.06078756973147392,0.010284771211445332,0.010100560262799263
317,0.001,5.0,0.015024916328970463,0.008695184951648116,0.0012659462583777044,0.06138771399855614,0.011014599353075027,0.010074622929096222
318,0.001,5.0,0.014740861411536894,0.00860074594346506,0.0012280231101378318,0.05747027322649956,0.010406224988400936,0.009412809275090694
319,0.001,5.0,0.016489014900740114,0.009435710812648457,0.0014106608052257329,0.059916671365499496,0.011220800690352917,0.009739173576235771
320,0.001,5.0,0.017237013686568506,0.0088330794336094,0.0016807868528450208,0.06265462189912796,0.010636982508003712,0.010403526946902275
321,0.001,5.0,0.01588203852635718,0.008512004744261503,0.0014740067755713339,0.06268386542797089,0.011439947411417961,0.01024878304451704
322,0.001,5.0,0.015117362351907838,0.008496224977857163,0.001324227445894071,0.06200392171740532,0.010542284697294235,0.010292327031493187
323,0.001,5.0,0.014614248257731237,0.008331818205694999,0.0012564860348169122,0.060923997312784195,0.010762731544673443,0.010032253339886665
324,0.001,5.0,0.016200094438728788,0.010723370532955854,0.00109534477815032,0.05797035992145538,0.010544752702116966,0.009485121816396713
325,0.001,5.0,0.014584981145397309,0.008932347003851206,0.0011305268534699516,0.061752717941999435,0.010274450294673443,0.010295653715729713
326,0.001,5.0,0.01419257441715848,0.008070079744943687,0.001224498923552493,0.06452364474534988,0.012473177164793015,0.010410093702375889
327,0.001,5.0,0.014535944713580032,0.008904351777727566,0.0011263185991875588,0.06069560348987579,0.013149164617061615,0.009509287774562836
328,0.001,5.0,0.01443621507214923,0.008913778775041141,0.0011044872733163497,0.058995023369789124,0.010853936895728111,0.009628217667341232
329,0.001,5.0,0.015066485611661788,0.008677138503821145,0.001277869445226726,0.05701255053281784,0.01067447941750288,0.009267614223062992
330,0.001,5.0,0.013579158818409327,0.008238543283134218,0.00106812312620722,0.05940205603837967,0.010737363249063492,0.00973293837159872
331,0.001,5.0,0.014912762438818332,0.008312427401242236,0.0013200669970002867,0.0578669011592865,0.011075208894908428,0.009358338080346584
332,0.001,5.0,0.01414893240097069,0.008566923702376024,0.0011164017750190632,0.06273947656154633,0.012698609381914139,0.010008173063397408
333,0.001,5.0,0.01564717800506661,0.008519988499521729,0.0014254379089951755,0.06787491589784622,0.010102697648108006,0.011554443277418613
334,0.001,5.0,0.016887961210863243,0.008778098046839718,0.0016219726192855065,0.06310112029314041,0.01162895280867815,0.010294432751834393
335,0.001,5.0,0.017360113020385464,0.009096162040687857,0.0016527901827958563,0.06733446568250656,0.014821546152234077,0.010502583347260952
336,0.001,5.0,0.016099506403289495,0.008858490190769156,0.0014482032575253998,0.05820992961525917,0.010324391536414623,0.00957710761576891
337,0.001,5.0,0.015491492655729093,0.008048258932127107,0.001488646732703332,0.059150923043489456,0.012185849249362946,0.009393014945089817
338,0.001,5.0,0.015224070408411564,0.008163420355788643,0.0014121299985075189,0.05959971621632576,0.010161000303924084,0.009887742809951305
339,0.001,5.0,0.01603386040416456,0.008197640864959648,0.0015672439100941824,0.062330152839422226,0.01040320098400116,0.010385390371084213
340,0.001,5.0,0.015187867631715151,0.00795526388702133,0.0014465207556983637,0.06014719605445862,0.01009766198694706,0.010009907186031342
341,0.001,5.0,0.015061787765232785,0.008518349296683747,0.0013086876884523418,0.0637466162443161,0.013123158365488052,0.0101246926933527
342,0.001,5.0,0.016960733930670446,0.009291666131767054,0.0015338135361220807,0.06507059931755066,0.01020521204918623,0.010973077267408371
343,0.001,5.0,0.018729349508160544,0.008537561024328875,0.002038357668601337,0.05990423262119293,0.010440332815051079,0.009892779402434826
344,0.001,5.0,0.015958091514485497,0.009165167207679441,0.0013585848576058784,0.05732741579413414,0.010991114191710949,0.009267260320484638
345,0.001,5.0,0.016136145249249473,0.009218866531286509,0.001383455710545663,0.06066815182566643,0.011125471442937851,0.009908536449074745
346,0.001,5.0,0.015357821218429072,0.008223357212339197,0.0014268927963360424,0.06587810069322586,0.011433908715844154,0.010888839140534401
347,0.001,5.0,0.014111950362641965,0.00863115533044742,0.0010961590188315077,0.060694802552461624,0.011059030890464783,0.009927154518663883
348,0.001,5.0,0.014305075465310966,0.008284641009184622,0.0012040868731996706,0.056162234395742416,0.012110288254916668,0.00881038885563612
349,0.001,5.0,0.01401411582745852,0.008622837763640189,0.001078255613514733,0.05842236801981926,0.011226944625377655,0.009439084678888321
350,0.001,5.0,0.014351278678664276,0.008455601813752324,0.0011791353988941879,0.05513151362538338,0.011376372538506985,0.008751028217375278
351,0.001,5.0,0.01788084064760516,0.00851997705326686,0.001872172710605927,0.06987971812486649,0.010471961461007595,0.011881551705300808
352,0.001,5.0,0.01655238058658377,0.008188796590172475,0.0016727168131769905,0.06812314689159393,0.01026766374707222,0.011571097187697887
353,0.001,5.0,0.016109842146115917,0.00815648422576487,0.0015906715848212761,0.0615425780415535,0.01164195779711008,0.009980124421417713
354,0.001,5.0,0.01389686205995179,0.007657151939647813,0.0012479420270650617,0.0560203418135643,0.011276504024863243,0.008948767557740211
355,0.001,5.0,0.013171361969603647,0.007994612573736137,0.001035349860396837,0.05962356552481651,0.010772236622869968,0.009770265780389309
356,0.001,5.0,0.014031270548941628,0.00792952750869576,0.0012203485877703756,0.05910210311412811,0.010741235688328743,0.009672173298895359
357,0.001,5.0,0.015045055218281285,0.008319759155593572,0.0013450592035247433,0.055451538413763046,0.010609354823827744,0.00896843709051609
358,0.001,5.0,0.015023002220738319,0.00792746088137069,0.0014191083009204557,0.06146770715713501,0.010751700028777122,0.010143200866878033
359,0.001,5.0,0.01463597294904532,0.007679295696077808,0.001391335476880833,0.058739807456731796,0.01058422401547432,0.00963111687451601
360,0.001,5.0,0.012647826870482775,0.007402695783023392,0.0010490262122344106,0.056462060660123825,0.010201248340308666,0.009252162650227547
361,0.001,5.0,0.012287714879118627,0.007320442867855872,0.000993454393239752,0.056809648871421814,0.010302938520908356,0.009301342070102692
362,0.001,5.0,0.012407546502447898,0.007781355844570264,0.0009252381240648608,0.055941492319107056,0.012181230820715427,0.008752052672207355
363,0.001,5.0,0.014481458422397413,0.009124061753672938,0.001071479323605496,0.05625457689166069,0.010594606399536133,0.009131994098424911
364,0.001,5.0,0.013674791016045117,0.00802625679681378,0.0011297068164323367,0.05574699491262436,0.01049885619431734,0.009049627929925919
365,0.001,5.0,0.018756534033004316,0.008200024938090675,0.002111301791193264,0.06574832648038864,0.012599867768585682,0.010629692114889622
366,0.001,5.0,0.01595415799848495,0.007946822319119688,0.0016014671512699175,0.060851920396089554,0.01082881074398756,0.010004621930420399
367,0.001,5.0,0.013558590574370276,0.0076375652720490775,0.001184205087127104,0.06189747154712677,0.01169648952782154,0.01004019659012556
368,0.001,5.0,0.01318844816377086,0.007535800360323441,0.001130529583597015,0.0585324726998806,0.011074057780206203,0.00949168298393488
369,0.001,5.0,0.012270013291028238,0.007476417881046091,0.0009587190692282973,0.05554536357522011,0.010169446468353271,0.009075183421373367
370,0.001,5.0,0.012163965662400569,0.007957168667006397,0.0008413594088427001,0.05689114332199097,0.010864997282624245,0.0092052286490798
371,0.001,5.0,0.013678723420467108,0.007746588468791977,0.0011864269974701587,0.0596943236887455,0.011135406792163849,0.00971178337931633
372,0.001,5.0,0.013830253809329963,0.007890937346664647,0.001187863280891531,0.05903372913599014,0.011272186413407326,0.009552309289574623
373,0.001,5.0,0.013517817467330925,0.0076185046364703485,0.0011798625627923156,0.05886482074856758,0.01086055114865303,0.00960085354745388
374,0.001,5.0,0.014840029825967166,0.007897417639352141,0.001388522424554873,0.056269168853759766,0.01136922650039196,0.008979988284409046
375,0.001,5.0,0.014328379784860918,0.007919950989044963,0.0012816857647961906,0.0577259324491024,0.010159977711737156,0.00951319094747305
376,0.001,5.0,0.015218877473906163,0.007971880596972281,0.0014493993573611783,0.05877741798758507,0.01029093936085701,0.009697295725345612
377,0.001,5.0,0.01391638517980614,0.007652666419744492,0.0012527437272271322,0.058351486921310425,0.010556831955909729,0.00955893099308014
378,0.001,5.0,0.015929813256427165,0.008010497481952752,0.001583863179304547,0.06060786545276642,0.01158673781901598,0.009804225526750088
379,0.001,5.0,0.013994024345471014,0.007948312104769772,0.0012091424751786454,0.06032012030482292,0.01139830518513918,0.009784363210201263
380,0.001,5.0,0.01399922049454143,0.007762535032065165,0.0012473371123985176,0.05507563799619675,0.010745189152657986,0.008866089396178722
381,0.001,5.0,0.01308194475789224,0.007395888438388225,0.0011372112578922702,0.05491960793733597,0.010960510931909084,0.008791819214820862
382,0.001,5.0,0.015084137313909108,0.008048168496198712,0.0014071937654197455,0.057042647153139114,0.010746917687356472,0.009259145706892014
383,0.001,5.0,0.013360823775010725,0.007354697753344813,0.0012012252062108487,0.05557279661297798,0.009798150509595871,0.009154928848147392
384,0.001,5.0,0.012425818630764562,0.007201548365335311,0.0010448540636007824,0.05484723299741745,0.01004005130380392,0.008961436338722706
385,0.001,5.0,0.012137131645314155,0.007403828872127398,0.0009466605467511522,0.05555298924446106,0.010274210944771767,0.009055755101144314
386,0.001,5.0,0.012284140643333235,0.00786176681398384,0.0008844747752582114,0.05649839714169502,0.010430204682052135,0.009213638491928577
387,0.001,5.0,0.011940688045034486,0.007461227371447509,0.0008958921272067293,0.05604015290737152,0.01124333031475544,0.008959365077316761
388,0.001,5.0,0.01396986990866642,0.007880577126577977,0.001217858544776156,0.054784975945949554,0.010161696933209896,0.008924655616283417
389,0.001,5.0,0.013434674816146012,0.007426021921057855,0.0012017305895325639,0.057804279029369354,0.01022188737988472,0.009516478516161442
390,0.001,5.0,0.015176092379636342,0.009317686082795262,0.0011716812770182809,0.06386293470859528,0.01594279333949089,0.009584029205143452
391,0.001,5.0,0.0151657564865966,0.009110796993838684,0.001210991875268519,0.058658894151449203,0.01076651643961668,0.00957847572863102
392,0.001,5.0,0.012982331201313965,0.007276035582406386,0.0011412591350475146,0.05869773030281067,0.010344764217734337,0.009670592844486237
393,0.001,5.0,0.014394255655427133,0.007272317742688521,0.0014243875911849882,0.055729907006025314,0.009912493638694286,0.00916348211467266
394,0.001,5.0,0.013948901826816221,0.007259885555193309,0.0013378032749789136,0.06134549155831337,0.011360496282577515,0.009996999055147171
395,0.001,5.0,0.013535582505527043,0.007362648544292296,0.001234586799382082,0.052088767290115356,0.01076456904411316,0.00826483964920044
396,0.001,5.0,0.012699968151507838,0.007332176555909457,0.0010735582965876787,0.057629428803920746,0.0097299600020051,0.009579894132912159
397,0.001,5.0,0.014073963397212567,0.007671797610518913,0.0012804331809973283,0.06363357603549957,0.009768140502274036,0.010773086920380592
398,0.001,5.0,0.014574220794583521,0.007259002511179255,0.0014630436593095861,0.058501098304986954,0.011093598790466785,0.009481499902904034
399,0.001,5.0,0.012393052043813852,0.0074486069741749,0.0009888889992819918,0.057428110390901566,0.010501820594072342,0.009385257959365845
400,0.001,5.0,0.014570917092984723,0.009343884502267164,0.0010454065218988445,0.05507998913526535,0.011731845326721668,0.008669628761708736
401,0.001,5.0,0.012446569248793586,0.008041256933563178,0.0008810624450204834,0.05500675365328789,0.010645340196788311,0.008872282691299915
402,0.001,5.0,0.011172642420616842,0.006906595952328174,0.0008532092831428013,0.054622530937194824,0.01071831677109003,0.008780842646956444
403,0.001,5.0,0.012060399873242263,0.007278168018186285,0.0009564463961719264,0.05634591728448868,0.010400556027889252,0.00918907206505537
404,0.001,5.0,0.014299715718915385,0.006977465980115437,0.0014644499432535903,0.06375883519649506,0.01171736791729927,0.010408293455839157
405,0.001,5.0,0.014996553380643167,0.008077341124355313,0.001383842430978773,0.05899094045162201,0.011086912825703621,0.009580804966390133
406,0.001,5.0,0.016204333233256495,0.007431966583094289,0.0017544733596995712,0.05651211366057396,0.010206270962953568,0.009261168539524078
407,0.001,5.0,0.015030746798842184,0.008308819990845458,0.0013443853803760102,0.0595264695584774,0.01147815678268671,0.009609662927687168
408,0.001,5.0,0.014485920058383096,0.007552754163982407,0.0013866331935259363,0.05669322982430458,0.010290645062923431,0.009280516766011715
409,0.001,5.0,0.014131342676738578,0.00713908028668694,0.0013984525332137222,0.05574694648385048,0.010169226676225662,0.009115544147789478
410,0.001,5.0,0.012537006949705462,0.0072133895310182725,0.0010647234702182392,0.05794529244303703,0.01079361978918314,0.009430334903299809
411,0.001,5.0,0.011988864806030066,0.007134465290413749,0.0009708798982413305,0.057235803455114365,0.010580339469015598,0.009331093169748783
412,0.001,5.0,0.012155001201937276,0.00687504812864767,0.0010559906086493884,0.056427963078022,0.010034209117293358,0.00927875004708767
413,0.001,5.0,0.01121633699644477,0.006753633850284161,0.0008925406267911556,0.06010155379772186,0.015316693112254143,0.008956972509622574
414,0.001,5.0,0.013030476417512663,0.008139284800798181,0.0009782383004353652,0.055595461279153824,0.0108043747022748,0.008958217687904835
415,0.001,5.0,0.012174644252105106,0.007045643989958109,0.0010258000693283975,0.055303603410720825,0.01013786531984806,0.009033148176968098
416,0.001,5.0,0.011153888768486438,0.006821107201939148,0.0008665563148115912,0.0616055391728878,0.014150463044643402,0.00949101522564888
417,0.001,5.0,0.013512224499737062,0.007385776550959676,0.0012252896013970097,0.058678627014160156,0.0114677045494318,0.009442184120416641
418,0.001,5.0,0.014205688896078256,0.007298128987332025,0.001381511968981114,0.06163043901324272,0.011991336941719055,0.009927820414304733
419,0.001,5.0,0.014270947975737433,0.007203400412934923,0.0014135094994168367,0.05193377286195755,0.010893630795180798,0.00820802804082632
420,0.001,5.0,0.01196074496293741,0.007290936593386916,0.0009339616724079655,0.05437054485082626,0.010370437987148762,0.0088000213727355
421,0.001,5.0,0.012611722032870016,0.007540343892610361,0.0010142756453264624,0.055092886090278625,0.010216673836112022,0.008975242264568806
422,0.001,5.0,0.011746043835075633,0.0070370796677326,0.000941792820324941,0.055714815855026245,0.009754689410328865,0.009192025288939476
423,0.001,5.0,0.011367943197969467,0.006492256975522445,0.0009751372309702058,0.05361025407910347,0.01037917286157608,0.008646216243505478
424,0.001,5.0,0.012179061109500547,0.006847111403100913,0.001066389933018194,0.05962187051773071,0.01158972643315792,0.009606429375708103
425,0.001,5.0,0.01387553773219547,0.008016672443538424,0.0011717730817655402,0.05632550269365311,0.011823637410998344,0.008900373242795467
426,0.001,5.0,0.013166369930390389,0.008128670329648641,0.0010075399317898818,0.054925598204135895,0.010815707966685295,0.00882197730243206
427,0.001,5.0,0.013246478242499212,0.0072848794966815945,0.0011923197476613905,0.056135084480047226,0.010900765657424927,0.00904686376452446
428,0.001,5.0,0.012847996361914181,0.007650172435528328,0.001039564781334071,0.056008532643318176,0.010162398219108582,0.009169226512312889
429,0.001,5.0,0.01399477057519459,0.007080986051850261,0.0013827568900230671,0.05435308441519737,0.010598885826766491,0.008750839158892632
430,0.001,5.0,0.013064998126919232,0.007183123102051115,0.0011763749888256912,0.05531890690326691,0.010340086184442043,0.008995763957500458
431,0.001,5.0,0.013264186485039612,0.007043896325593514,0.001244058043906285,0.05616180598735809,0.010941879823803902,0.009043985977768898
432,0.001,5.0,0.013626000588579525,0.006747783807617041,0.0013756433186391669,0.06112173572182655,0.010672171600162983,0.010089913383126259
433,0.001,5.0,0.013093638173755138,0.006868497400935139,0.001245028157192733,0.053202807903289795,0.010245351120829582,0.008591491729021072
434,0.001,5.0,0.011912527313876537,0.006651324542960332,0.001052240555685374,0.05356879532337189,0.009658657014369965,0.008782027289271355
435,0.001,5.0,0.01264591674290357,0.0067883862873479245,0.00117150608322493,0.05302656069397926,0.011146385222673416,0.008376034907996655
436,0.001,5.0,0.011342036718082043,0.006757331313565373,0.0009169410904794331,0.05427597463130951,0.00976894237101078,0.00890140701085329
437,0.001,5.0,0.011436265292427233,0.0064288112109587075,0.0010014908076564392,0.05280349403619766,0.010492324829101562,0.00846223346889019
438,0.001,5.0,0.011257316857095688,0.006685505553539242,0.0009143622639033222,0.05500478297472,0.011007129214704037,0.008799530565738678
439,0.001,5.0,0.014009359097408672,0.008309977722444361,0.0011398762937695269,0.05714154243469238,0.012581986375153065,0.008911911398172379
440,0.001,5.0,0.01329669613210905,0.007749121155469648,0.0011095149863150813,0.05182913690805435,0.009632306173443794,0.008439365774393082
441,0.001,5.0,0.013729783120535074,0.008077484022285189,0.0011304598414309083,0.05479975417256355,0.009765110909938812,0.009006928652524948
442,0.001,5.0,0.013242271473451007,0.007624905023183073,0.0011234732866737872,0.05771006643772125,0.011321880854666233,0.009277637116611004
443,0.001,5.0,0.011383389723637411,0.006970889626010772,0.0008825000352977265,0.0539855994284153,0.00988497119396925,0.008820125833153725
444,0.001,5.0,0.010933766472003153,0.006651543215998719,0.0008564446583360193,0.053424172103405,0.010289875790476799,0.00862685963511467
445,0.001,5.0,0.011101393990458982,0.006598618084324464,0.000900555212396167,0.05231703445315361,0.009756457060575485,0.008512115105986595
446,0.001,5.0,0.01188475168460319,0.006978782502213313,0.000981193800051246,0.05330239236354828,0.010383935645222664,0.008583690971136093
447,0.001,5.0,0.012949553017895068,0.0067347693482353805,0.001242956719286139,0.05737398564815521,0.010837921872735023,0.009307213127613068
448,0.001,5.0,0.012626686719276251,0.00719494539343061,0.0010863482621648619,0.05490583926439285,0.010641198605298996,0.008852927945554256
449,0.001,5.0,0.010600943749229754,0.006614965176390064,0.0007971957506191346,0.05370569974184036,0.010410801507532597,0.008658980019390583
450,0.001,5.0,0.010570839558157229,0.0069973778144847,0.000714692333149874,0.056230176240205765,0.01052788645029068,0.009140457957983017
451,0.001,5.0,0.011448871674797228,0.007120035641315964,0.0008657672142069186,0.05303401127457619,0.009863187558948994,0.008634164929389954
452,0.001,5.0,0.010995198657075244,0.0061615343400908094,0.0009667328709075528,0.05219614505767822,0.010666790418326855,0.008305870927870274
453,0.001,5.0,0.01306020651733683,0.007111100284683127,0.0011898212570456727,0.056628547608852386,0.011248111724853516,0.009076086804270744
454,0.001,5.0,0.012849762314750303,0.006753631371764406,0.001219226176955647,0.05738518014550209,0.009990413673222065,0.009478953666985035
455,0.001,5.0,0.011614238633023154,0.006777919678678436,0.0009672637735944122,0.05925661325454712,0.010314486920833588,0.009788425639271736
456,0.001,5.0,0.011449093419697976,0.00670622787888973,0.0009485731134191155,0.05461385101079941,0.010115670040249825,0.008899635635316372
457,0.001,5.0,0.011115178766269837,0.006827634316118014,0.0008575088736946664,0.05466263368725777,0.010546811856329441,0.008823164738714695
458,0.001,5.0,0.010790867685911155,0.0063812993917494055,0.0008819136691595157,0.05340778827667236,0.01070479117333889,0.008540598675608635
459,0.001,5.0,0.010743300115028697,0.006646829416915294,0.0008192941445046135,0.054761528968811035,0.010028259828686714,0.008946654386818409
460,0.001,5.0,0.011426199993659411,0.006591250038435382,0.0009669900098214707,0.054055966436862946,0.010299144312739372,0.008751364424824715
461,0.001,5.0,0.010844486164710215,0.006528684253534002,0.0008631603878682419,0.05226960405707359,0.009708904661238194,0.00851214025169611
462,0.001,5.0,0.01036248070698592,0.006178952753543854,0.0008367055908761799,0.05436959117650986,0.010145404376089573,0.008844837546348572
463,0.001,5.0,0.01201620164717878,0.006507583788686221,0.0011017235848421773,0.06261425465345383,0.0107699204236269,0.010368866845965385
464,0.001,5.0,0.010864154856291509,0.006510700264404859,0.0008706909354640952,0.052263133227825165,0.010146694257855415,0.00842328742146492
465,0.001,5.0,0.011381592916985673,0.0065870812132714255,0.0009589023538865149,0.061327703297138214,0.011680817231535912,0.00992937758564949
466,0.001,5.0,0.011981601195950662,0.0067683673358612485,0.0010426467746466159,0.054880693554878235,0.010378975421190262,0.00890034344047308
467,0.001,5.0,0.011010143470259444,0.006223728298209608,0.0009572830543132318,0.052672214806079865,0.010258800350129604,0.008482682518661022
468,0.001,5.0,0.011182371271593917,0.006363438600073418,0.000963786538998266,0.05475888401269913,0.010648996569216251,0.00882197730243206
469,0.001,5.0,0.011652029525007932,0.006947932937633126,0.0009408193253611605,0.05969671159982681,0.01018649060279131,0.0099020441994071
470,0.001,5.0,0.011917422675798017,0.0064149491203528254,0.0011004946915613067,0.07352891564369202,0.013019813224673271,0.012101820670068264
471,0.001,5.0,0.01741640675332277,0.0071529552580848815,0.0020526903268370416,0.06726424396038055,0.010910934768617153,0.01127066183835268
472,0.001,5.0,0.012787551183493869,0.006588036164401039,0.0012399029895483005,0.060124047100543976,0.011026469990611076,0.009819515980780125
473,0.001,5.0,0.013210923440994756,0.006496249367633174,0.0013429348248117153,0.055577412247657776,0.011118384078145027,0.008891805075109005
474,0.001,5.0,0.012002497505877287,0.006399643547352283,0.0011205707616623371,0.06333757936954498,0.010652211494743824,0.010537073016166687
475,0.001,5.0,0.01465875023014603,0.0072563393116598165,0.0014804821262406486,0.056326158344745636,0.010567760095000267,0.009151679463684559
476,0.001,5.0,0.012608262800401258,0.006500788438584535,0.0012214948787474104,0.05692931264638901,0.010613393038511276,0.009263183921575546
477,0.001,5.0,0.012722916660770293,0.0064250631708531614,0.001259570717886691,0.05849691480398178,0.010802140459418297,0.009538955055177212
478,0.001,5.0,0.014031428227862042,0.007454748152785243,0.0013153359928588953,0.05367518216371536,0.010194329544901848,0.008696170523762703
479,0.001,5.0,0.013088630001631475,0.00637165768702905,0.0013433944756886171,0.05472412332892418,0.010618030093610287,0.008821218274533749
480,0.001,5.0,0.012880056105073421,0.0064321840181946754,0.0012895744350258141,0.05494387447834015,0.010255484841763973,0.00893767736852169
481,0.001,5.0,0.01379430357126459,0.006647701296324451,0.0014293204350847631,0.055495306849479675,0.009826641529798508,0.009133732877671719
482,0.0005,5.0,0.00996228083667736,0.005815955284502237,0.0008292651299627558,0.05177358537912369,0.010074453428387642,0.008339826948940754
483,0.0005,5.0,0.008730168589541027,0.005642441889992164,0.0006175453224474745,0.05110977590084076,0.009690901264548302,0.008283775299787521
484,0.0005,5.0,0.008820619238840957,0.005840658360431271,0.0005959921944586019,0.05068899318575859,0.010164275765419006,0.008104943670332432
485,0.0005,5.0,0.008789070611519198,0.005698638048113113,0.0006180865231961493,0.05118633806705475,0.009826285764575005,0.008272010833024979
486,0.0005,5.0,0.008756906785551579,0.005673971845798435,0.0006165869774356965,0.05168081074953079,0.010117827914655209,0.008312596008181572
487,0.0005,5.0,0.00881122384640959,0.005969131091279128,0.0005684185776889565,0.05185738950967789,0.010426157154142857,0.00828624702990055
488,0.0005,5.0,0.00860464261964925,0.005725357831726151,0.0005758569572090862,0.0516807958483696,0.010012212209403515,0.008333716541528702
489,0.0005,5.0,0.008342669285353153,0.005541773708236795,0.0005601790983365067,0.05235785245895386,0.010031740181148052,0.008465222083032131
490,0.0005,5.0,0.008806515875602923,0.005699811717345109,0.0006213408496771608,0.05280546844005585,0.010201813653111458,0.008520731702446938
491,0.0005,5.0,0.00860416988331464,0.005530389153488701,0.0006147561568556534,0.05160348862409592,0.010376238264143467,0.00824545044451952
492,0.0005,5.0,0.008710047395359124,0.005766286326932811,0.0005887522185671955,0.052220668643713,0.010154224932193756,0.008413288742303848
493,0.0005,5.0,0.008489934261888266,0.0057511593200146194,0.0005477549932566622,0.05186352878808975,0.010185063816606998,0.008335692808032036
494,0.0005,5.0,0.008399260650959707,0.005547647544693562,0.0005703226328947612,0.05051626265048981,0.010171482339501381,0.008068956434726715
495,0.0005,5.0,0.008796207096067167,0.005556731458543049,0.0006478951263782238,0.05449333414435387,0.010405227541923523,0.008817621506750584
496,0.0005,5.0,0.009010086827460797,0.005938009618060483,0.0006144154383124964,0.052507467567920685,0.01028408668935299,0.008444676175713539
497,0.0005,5.0,0.008530273177330532,0.005569658046888728,0.0005921230129446954,0.051909830421209335,0.010041806846857071,0.008373605087399483
498,0.0005,5.0,0.008411240298300982,0.0056165112708244595,0.0005589458066219043,0.0523473359644413,0.010027606040239334,0.008463946171104908
499,0.0005,5.0,0.008402625459336465,0.005622633282215365,0.0005559984419960529,0.052323535084724426,0.010255529545247555,0.008413600735366344
500,0.0005,5.0,0.008873186479773252,0.005879736843428785,0.000598689935530626,0.05286243185400963,0.010282221250236034,0.008516041561961174
501,0.0005,5.0,0.008808452335576858,0.006010056383186771,0.0005596791931067503,0.05295515060424805,0.011232039891183376,0.008344622328877449
502,0.0005,5.0,0.00903290442581619,0.00608447918878688,0.0005896850526633282,0.052160754799842834,0.010469233617186546,0.008338304236531258
503,0.0005,5.0,0.008399768942786802,0.005503519723612455,0.0005792498348220702,0.0541597455739975,0.010529870167374611,0.008725975640118122
504,0.0005,5.0,0.008586818863066935,0.005828369491463227,0.0005516898705654087,0.05306445434689522,0.010978651233017445,0.0084171611815691
505,0.0005,5.0,0.008754733784665023,0.005809765008668746,0.0005889937568891553,0.05120218172669411,0.010029488243162632,0.008234539069235325
506,0.0005,5.0,0.008293844143589657,0.005491343582229268,0.0005605001070146118,0.05173363909125328,0.010118362493813038,0.008323055692017078
507,0.0005,5.0,0.008195816779569272,0.005385217722505331,0.0005621198159191877,0.05527687817811966,0.011301114223897457,0.00879515241831541
508,0.0005,5.0,0.008834739095501361,0.005510991352850631,0.0006647495367008471,0.05161527171730995,0.009948025457561016,0.008333449251949787
509,0.0005,5.0,0.0089890637525147,0.005825777928675374,0.0006326571446768339,0.057730913162231445,0.01113935373723507,0.00931831169873476
510,0.0005,5.0,0.009099095594137907,0.005772711138331121,0.000665276893414557,0.052847422659397125,0.010584333911538124,0.00845261849462986
511,0.0005,5.0,0.008248301102749763,0.005526684930608157,0.0005443232197825226,0.051930446177721024,0.010207190178334713,0.008344651199877262
512,0.0005,5.0,0.008276221237235492,0.005410815919599225,0.0005730810695357861,0.053616128861904144,0.010659179650247097,0.008591389283537865
513,0.0005,5.0,0.008600025047217645,0.00570466251848566,0.0005790725173879295,0.052468426525592804,0.010465560480952263,0.008400573395192623
514,0.0005,5.0,0.00857619798531936,0.0056420789520827035,0.0005868238062717982,0.05225829780101776,0.010010568425059319,0.008449545130133629
515,0.0005,5.0,0.008169831805712274,0.005486763330296644,0.0005366136770575277,0.050940513610839844,0.01007215678691864,0.008173671551048756
516,0.0005,5.0,0.008154028207964955,0.0054323711064493945,0.0005443314233073784,0.051584623754024506,0.010583982802927494,0.008200128562748432
517,0.0005,5.0,0.009686411748970709,0.006742337643499336,0.0005888148237230076,0.054108504205942154,0.011076501570641994,0.008606400340795517
518,0.0005,5.0,0.009863927074137234,0.0065242404628905555,0.0006679373186817693,0.05176325514912605,0.01120089739561081,0.008112471550703049
519,0.0005,5.0,0.008932078001840461,0.005811195122078061,0.0006241765720093803,0.05415625870227814,0.010343360714614391,0.008762579411268234
520,0.0005,5.0,0.00893907870856985,0.005769231882427008,0.0006339693781844671,0.05193566530942917,0.010957442224025726,0.008195644244551659
521,0.0005,5.0,0.00833483980668168,0.005565871206683016,0.0005537937329556312,0.05264711752533913,0.010516338981688023,0.008426155894994736
522,0.0005,5.0,0.008374041427047021,0.005562710065034128,0.0005622662570057137,0.05229688063263893,0.010461527854204178,0.00836707092821598
523,0.0005,5.0,0.008581331630627955,0.005681513620901012,0.0005799636043863552,0.05255848169326782,0.010578155517578125,0.00839606486260891
524,0.0005,5.0,0.008502846508617363,0.005562248027643129,0.0005881196946927136,0.05197299271821976,0.01040999498218298,0.00831259973347187
525,0.0005,5.0,0.00823671730505603,0.0055240973034092495,0.0005425240181671877,0.05372385308146477,0.010916647501289845,0.00856144167482853
526,0.0005,5.0,0.008359902943935125,0.0056118462760482105,0.0005496113294465167,0.053341373801231384,0.010433519259095192,0.008581571280956268
527,0.0005,5.0,0.008465099103388286,0.005571900927011044,0.0005786396373408816,0.05199477821588516,0.010539822280406952,0.008290991187095642
528,0.0005,5.0,0.008267989412190454,0.005323762584838175,0.0005888453658459889,0.05266886204481125,0.01025460846722126,0.008482851088047028
529,0.0005,5.0,0.008586320920937484,0.005872150545098608,0.0005428340575177103,0.0522036999464035,0.01032521016895771,0.008375698700547218
530,0.0005,5.0,0.008853344922705043,0.005522965130606486,0.0006660759353244136,0.049428924918174744,0.010221624746918678,0.007841460406780243
531,0.0005,5.0,0.009096978953288447,0.005451948847621679,0.0007290060344647857,0.05013903230428696,0.010193917900323868,0.007989022880792618
532,0.0005,5.0,0.00846030940151503,0.005544696667892558,0.000583122553859627,0.052921511232852936,0.010551889427006245,0.008473924361169338
533,0.0005,5.0,0.009020086437944443,0.005485333276972655,0.0007069506353863906,0.05183988809585571,0.010301217436790466,0.00830773450434208
534,0.0005,5.0,0.009580284206857604,0.005388543276386636,0.000838348196045826,0.05064433068037033,0.010299911722540855,0.008068883791565895
535,0.0005,5.0,0.00832849305363432,0.005416245229782597,0.0005824495719054774,0.051228754222393036,0.010160314850509167,0.008213687688112259
536,0.0005,5.0,0.00828787109123603,0.005353357590314361,0.0005869026851630019,0.05325274169445038,0.010196032002568245,0.008611341938376427
537,0.0005,5.0,0.008977414153876805,0.005719966499225026,0.000651489530179289,0.05148662254214287,0.010262914001941681,0.008244741708040237
538,0.0005,5.0,0.009046220896585334,0.005606668295278665,0.0006879105151916344,0.05165167897939682,0.010502463206648827,0.008229843340814114
539,0.0005,5.0,0.00939336656442573,0.005273442399958449,0.0008239848173088244,0.05644291266798973,0.011261668987572193,0.009036248549818993
540,0.0005,5.0,0.009238110494709784,0.005509623093530536,0.0007456974858688491,0.05168634653091431,0.010509676299989223,0.008235333487391472
541,0.0005,5.0,0.00826633248418089,0.005318672696669255,0.0005895319665151258,0.051004063338041306,0.010161287151277065,0.008168554864823818
542,0.0005,5.0,0.00845488790242422,0.0054917563534071364,0.0005926263205061156,0.05128834396600723,0.009990673512220383,0.008259533904492855
543,0.0005,5.0,0.008415328894531535,0.005404405562477487,0.0006021846549570441,0.05292180925607681,0.011330395005643368,0.008318282663822174
544,0.0005,5.0,0.00828675885174063,0.005438460607922847,0.0005696596391874575,0.05233122408390045,0.010472065769135952,0.008371831849217415
545,0.0005,5.0,0.009372273069475927,0.005723791106814338,0.0007296963960998842,0.054546602070331573,0.010858019813895226,0.008737715892493725
546,0.0005,5.0,0.008857987055014218,0.005572782412561919,0.0006570409393809255,0.052608903497457504,0.010551434010267258,0.008411494083702564
547,0.0005,5.0,0.00813648831700125,0.005372233531107345,0.0005528509603708141,0.05263696610927582,0.010461447760462761,0.008435103110969067
548,0.0005,5.0,0.008110476747876214,0.0054009956938605155,0.0005418962231957384,0.05220793932676315,0.011070236563682556,0.00822754018008709
549,0.0005,5.0,0.009317706128762614,0.006591330687966078,0.0005452750765177752,0.052779197692871094,0.01087340246886015,0.008381159044802189
550,0.0005,5.0,0.00944943589368655,0.005761649399515121,0.0007375573040917516,0.05164613574743271,0.010427508503198624,0.008243725635111332
551,0.0005,5.0,0.008481975764997544,0.005361480300404852,0.0006240990750807067,0.05386584997177124,0.010625852271914482,0.008647998794913292
552,0.0005,5.0,0.007864151367797487,0.005263396944370001,0.0005201508972658626,0.05328701436519623,0.010719426907598972,0.008513517677783966
553,0.0005,5.0,0.00834020336849555,0.005493331753138092,0.0005693743324598238,0.05302341654896736,0.010558366775512695,0.008493009954690933
554,0.0005,5.0,0.008117387987553112,0.005287650634624785,0.0005659474634505327,0.052629098296165466,0.011004338040947914,0.008324951864778996
555,0.0005,5.0,0.008383704724931908,0.0054637538794908794,0.0005839901690882059,0.049794428050518036,0.010442005470395088,0.007870485074818134
556,0.0005,5.0,0.008114110272858412,0.005185857388911949,0.0005856505961292573,0.0519031397998333,0.010350699536502361,0.008310487493872643
557,0.0005,5.0,0.008074746091639804,0.005263372211747112,0.0005622747872445372,0.052970658987760544,0.010795523412525654,0.008435027673840523
558,0.0005,5.0,0.008208505869392426,0.005384298785018825,0.0005648414179074368,0.05346782132983208,0.011020686477422714,0.008489427156746387
559,0.0005,5.0,0.008267249972108872,0.005452176353203193,0.0005630147155194033,0.052468303591012955,0.010093663819134235,0.008474928326904774
560,0.0005,5.0,0.007948801942890691,0.005165744062152601,0.0005566115780252844,0.05509703606367111,0.01051838044077158,0.008915731683373451
561,0.0005,5.0,0.00896157337833316,0.0054474862540260915,0.0007028174220449141,0.05350252985954285,0.010693708434700966,0.008561763912439346
562,0.0005,5.0,0.008171414453235845,0.005332682965203158,0.0005677463167587355,0.05108572170138359,0.011065755039453506,0.008003992959856987
563,0.0005,5.0,0.0080308762168692,0.005347959032552617,0.0005365834372388499,0.05021209269762039,0.01086444966495037,0.007869528606534004
564,0.0005,5.0,0.008886889704773504,0.005521592747930798,0.0006730593769105091,0.05711160600185394,0.010499492287635803,0.009322422556579113
565,0.0005,5.0,0.00829408118020623,0.005186644671935468,0.0006214872992131859,0.05227629095315933,0.010811375454068184,0.008292983286082745
566,0.0005,5.0,0.007910085541586722,0.005120807139563465,0.0005578556747716521,0.05121150612831116,0.010181160643696785,0.00820606853812933
567,0.0005,5.0,0.007733465863331672,0.005085086243437423,0.000529675915341584,0.05449898540973663,0.011198274791240692,0.008660142309963703
568,0.0005,5.0,0.008101656980391952,0.005163973764396242,0.0005875366398193423,0.05128593370318413,0.010446567088365555,0.0081678731366992
569,0.0005,5.0,0.008300680674672607,0.005165597423911095,0.0006270166542831689,0.05224611610174179,0.011132664978504181,0.008222689852118492
570,0.0005,5.0,0.009245686458363649,0.005876909025133618,0.0006737554560400426,0.05266185477375984,0.010335031896829605,0.008465364575386047
571,0.0005,5.0,0.00861281140016452,0.005210575377268176,0.0006804472227926336,0.052693191915750504,0.010095237754285336,0.008519590832293034
572,0.00025,5.0,0.008006618651110799,0.005550196101408332,0.0004912845381054908,0.05220119282603264,0.010317377746105194,0.008376763202250004
573,0.00025,5.0,0.007479144530671258,0.005132650723680854,0.0004692987638390473,0.05262665078043938,0.011300411075353622,0.008265247568488121
574,0.00025,5.0,0.007495452980360677,0.005084749649188692,0.0004821406703652634,0.05149538815021515,0.010334879159927368,0.008232101798057556
575,0.00025,5.0,0.007142935594123217,0.0049144889626111235,0.0004456893150364199,0.05194756016135216,0.010342061519622803,0.008321099914610386
576,0.00025,5.0,0.007389419907403569,0.00515318134679429,0.00044724770592555646,0.05189092457294464,0.010288191959261894,0.00832054577767849
577,0.00025,5.0,0.0071736609473103475,0.00499089919556413,0.00043655235429234323,0.0512247160077095,0.010321052744984627,0.00818073283880949
578,0.00025,5.0,0.007061586685238346,0.004857632121251476,0.0004407909103564077,0.05133095383644104,0.010214608162641525,0.008223269134759903
579,0.00025,5.0,0.007308528796138782,0.004980211870955123,0.0004656633949883643,0.05168395861983299,0.01025735680013895,0.008285320363938808
580,0.00025,5.0,0.007200265678787424,0.004902515823261872,0.00045954996218619445,0.05184663459658623,0.010455661453306675,0.008278194814920425
581,0.00025,5.0,0.007198483931020864,0.004943058037409379,0.0004510851849185964,0.051383718848228455,0.01076604425907135,0.008123534731566906
582,0.00025,5.0,0.007488633648702695,0.005208118330507028,0.0004561030495566346,0.050823792815208435,0.010409907437860966,0.008082777261734009
583,0.00025,5.0,0.007300900761038065,0.00498385816031406,0.0004634085306597333,0.05046829581260681,0.010362023487687111,0.008021255023777485
584,0.00025,5.0,0.007119126873271119,0.004843434514177423,0.00045513846975330625,0.05042582377791405,0.010247968137264252,0.008035571314394474
585,0.00025,5.0,0.00712510880323187,0.004882744888985349,0.00044847278097163767,0.05075247958302498,0.01018264889717102,0.008113966323435307
586,0.00025,5.0,0.007253892704724304,0.004966084946758083,0.0004575615514054774,0.05156625807285309,0.010604288429021835,0.00819239392876625
587,0.00025,5.0,0.007132259302682454,0.0048615952593184285,0.0004541327972190395,0.05066661164164543,0.010287162847816944,0.008075890131294727
588,0.00025,5.0,0.007517847157413921,0.005119789192723411,0.0004796115841130696,0.05164797604084015,0.01076209731400013,0.008177176117897034
589,0.00025,5.0,0.007478976291754554,0.005013689180956253,0.0004930574167144275,0.0500454381108284,0.010339239612221718,0.007941240444779396
590,0.00025,5.0,0.007300250945732959,0.005106099362995836,0.00043883029701969315,0.05094226449728012,0.01050732284784317,0.00808698870241642
591,0.00025,5.0,0.007152425485753244,0.004929695736556765,0.00044454594946376257,0.05043594911694527,0.010242867283523083,0.008038615807890892
592,0.00025,5.0,0.007172563856828117,0.004931238115644983,0.0004482651467344934,0.05131060257554054,0.01031149085611105,0.008199822157621384
593,0.00025,5.0,0.007186401800643052,0.004835837430530979,0.0004701128665117487,0.051862869411706924,0.010987833142280579,0.008175007067620754
594,0.00025,5.0,0.007267035964515901,0.0049369073953599695,0.000466025723595052,0.05184677615761757,0.011129301972687244,0.008143494836986065
595,0.00025,5.0,0.007177777948879426,0.004987798597393257,0.00043799586109666814,0.050923388451337814,0.011045146733522415,0.007975648157298565
596,0.00025,5.0,0.007526589887997796,0.005052249713410293,0.000494868028908968,0.051065243780612946,0.010437683202326298,0.008125511929392815
597,0.00025,5.0,0.007155614078886086,0.004858032867853199,0.0004595162369491112,0.050961099565029144,0.01072516106069088,0.008047187700867653
598,0.00025,5.0,0.007103034745781652,0.004814049491899148,0.0004577970520908674,0.05008043721318245,0.01035782415419817,0.007944522425532341
599,0.00025,5.0,0.0070726226549595594,0.004826708047109987,0.0004491829210066146,0.05049878731369972,0.010410246439278126,0.00801770854741335
600,0.00025,5.0,0.007105542196621818,0.00488784916759018,0.00044353859360149553,0.05073709413409233,0.010356695391237736,0.008076080121099949
601,0.00025,5.0,0.00711206741811287,0.004833238717589167,0.0004557657277121419,0.05175761133432388,0.010651967488229275,0.008221128955483437
602,0.00025,5.0,0.00736214917513632,0.004964358770408698,0.00047955808470085743,0.05152449011802673,0.010359704494476318,0.008232956752181053
603,0.00025,5.0,0.007179502976096926,0.0047196770469928465,0.0004919651931437153,0.050813499838113785,0.010825898498296738,0.00799752026796341
604,0.00025,5.0,0.007222943939268589,0.004861032079544759,0.00047238236631176643,0.05174233764410019,0.010233995504677296,0.008301668800413609
605,0.00025,5.0,0.007293109489124148,0.0048115671417045015,0.0004963084647897631,0.050007324665784836,0.010442987084388733,0.007912867702543736
606,0.00025,5.0,0.007340855205491666,0.004952586913150886,0.0004776536455122574,0.05104321613907814,0.010320411063730717,0.008144561201334
607,0.00025,5.0,0.007350831690634932,0.0049098684159558145,0.00048819266357308914,0.050570134073495865,0.010319237597286701,0.008050179108977318
608,0.00025,5.0,0.0070448276932321245,0.0048226188312494945,0.00044444176620022665,0.05045182257890701,0.01042837742716074,0.0080046895891428
609,0.00025,5.0,0.007219582255328855,0.0048771956372224996,0.0004684773410835694,0.049616891890764236,0.010355723090469837,0.007852233946323395
610,0.00025,5.0,0.006990501987597634,0.004791540161315952,0.00043979236966885265,0.04994869977235794,0.010312708094716072,0.007927197962999344
611,0.00025,5.0,0.007323026409252516,0.004887896522338833,0.0004870259651779047,0.05193014070391655,0.010630045086145401,0.00826001912355423
612,0.00025,5.0,0.00732145226380277,0.004764740002311526,0.0005113424455386496,0.05136632174253464,0.010772532783448696,0.008118757978081703
613,0.000125,5.0,0.0068808677681391275,0.0047624179447490365,0.00042368993707632104,0.05032919719815254,0.010175730101764202,0.008030693046748638
614,0.000125,5.0,0.006820988067756256,0.004690575920375845,0.0004260824287250157,0.0501767098903656,0.010287229903042316,0.007977896369993687
615,0.000125,5.0,0.006747567966099708,0.0046543277154165895,0.0004186480397155749,0.050750743597745895,0.010444696061313152,0.008061209693551064
616,0.000125,5.0,0.006672619834482189,0.004638409955547222,0.000406841968088561,0.050067827105522156,0.010374290868639946,0.007938707247376442
617,0.000125,5.0,0.006743426817739683,0.004650385569660894,0.0004186082636982563,0.05020884424448013,0.010398643091320992,0.007962039671838284
618,0.000125,5.0,0.006764913803987926,0.004602416429758793,0.00043249946282876114,0.05012441799044609,0.01040522288531065,0.007943838834762573
619,0.000125,5.0,0.006808279562861689,0.004780958023583216,0.0004054643110477275,0.0502748116850853,0.010359740816056728,0.007983013987541199
620,0.000125,5.0,0.0067508480091008445,0.004696706001977286,0.0004108284033023782,0.05034933239221573,0.010461466386914253,0.007977573201060295
621,0.000125,5.0,0.006719073205585441,0.004634730236214255,0.0004168685972540369,0.05075985938310623,0.010484835132956505,0.008055005222558975
622,0.000125,5.0,0.006678446150955654,0.004621915999920138,0.000411306033305253,0.050417929887771606,0.010369332507252693,0.008009719662368298
623,0.000125,5.0,0.00673460252132387,0.0047016080108381085,0.00040659890791791824,0.05105682089924812,0.010431020520627499,0.00812515988945961
624,0.000125,5.0,0.006897999311707193,0.004711018199281347,0.0004373962301836019,0.050579044967889786,0.010447350330650806,0.00802633911371231
625,0.000125,5.0,0.006852409877483884,0.004681943314931085,0.0004340933096940599,0.051073674112558365,0.01043696328997612,0.008127341978251934
626,0.000125,5.0,0.0069104702617492405,0.004846294594538067,0.0004128351386997008,0.05074726417660713,0.01031827088445425,0.008085798472166061
627,0.000125,5.0,0.006938343191699636,0.004825264200448028,0.0004226157991891547,0.05028769373893738,0.010522808879613876,0.0079529769718647
628,0.000125,5.0,0.0070334259766123945,0.00481446326950625,0.0004437925470542283,0.05040670558810234,0.010413934476673603,0.007998554036021233
629,0.000125,5.0,0.006774688695347117,0.004669237776749557,0.0004210901867237783,0.05043693631887436,0.010439477860927582,0.00799949187785387
630,0.000125,5.0,0.0068135918118059635,0.004693809652610893,0.0004239564295858145,0.050968095660209656,0.010560103692114353,0.008081598207354546
631,0.000125,5.0,0.006856454581382775,0.004772703542614416,0.0004167502113212381,0.0511290580034256,0.010679354891180992,0.008089940994977951
632,0.000125,5.0,0.006685827115190125,0.004636199799396338,0.0004099254710449567,0.04998350515961647,0.010365081019699574,0.007923685014247894
633,0.000125,5.0,0.006763620324613106,0.004692362816703897,0.0004142515118151242,0.05071832984685898,0.010641181841492653,0.008015429601073265
634,0.000125,5.0,0.006865847450230391,0.004693115332854852,0.00043454640939260923,0.051002081483602524,0.010476752184331417,0.008105065673589706
635,0.000125,5.0,0.006791833773135177,0.004669568467614872,0.0004244530648593941,0.05077831447124481,0.010512217879295349,0.008053218945860863
636,0.000125,5.0,0.0067906804953611665,0.004681999975394818,0.0004217361058709362,0.05028849095106125,0.010450845584273338,0.007967528887093067
637,0.000125,5.0,0.006784144180616544,0.004719485363532458,0.0004129317577838177,0.05033956095576286,0.010304742492735386,0.00800696387887001
638,0.000125,5.0,0.006675682075682187,0.004609453428025928,0.0004132457200490359,0.050695981830358505,0.010513801127672195,0.008036436513066292
639,0.000125,5.0,0.006856344061933698,0.00470023361154862,0.0004312220844440162,0.05048408731818199,0.010432573966681957,0.008010302670300007
640,0.000125,5.0,0.006750157313241112,0.004662233765327161,0.0004175847148402564,0.05055639520287514,0.010398170910775661,0.008031644858419895
641,0.000125,5.0,0.006670630732250791,0.004586543790214966,0.00041681737920659927,0.050844501703977585,0.010668780654668808,0.008035143837332726
642,0.000125,5.0,0.006681652604452064,0.0045987963939325945,0.0004165712396629275,0.051017750054597855,0.010430444031953812,0.008117461577057838
643,0.000125,5.0,0.006654488974280896,0.004578799801698375,0.0004151378168664392,0.04996601864695549,0.010329852811992168,0.00792723335325718
644,0.000125,5.0,0.006697642924864927,0.004570677763812484,0.0004253930185974065,0.05125764012336731,0.010465863160789013,0.00815835501998663
645,0.000125,5.0,0.006720923075091935,0.004653090160460242,0.00041356659118807124,0.051137376576662064,0.010451648384332657,0.008137146010994911
646,0.000125,5.0,0.006776328191101071,0.004669764710049476,0.00042131269912070205,0.050088465213775635,0.010384531691670418,0.007940786890685558
647,0.000125,5.0,0.006635473004632419,0.004566671713555772,0.0004137602499535968,0.050715334713459015,0.010503962635993958,0.008042274042963982
648,0.000125,5.0,0.006658901918619391,0.004585965724301434,0.0004145872212135263,0.0506393127143383,0.010483629070222378,0.008031136356294155
649,0.000125,5.0,0.006847941151429568,0.0047241612262423,0.0004247559991199523,0.05085960030555725,0.010507811792194843,0.008070358075201511
650,0.000125,5.0,0.007808748985670747,0.005746751088618992,0.00041239955199642045,0.050263211131095886,0.010299252346158028,0.007992791943252087
