time,dxb,dxr,xb,xr,y,u,tracking_error_m,tracking_error_mm
0.0,0.0,0.0,0.0,0.455427,0.455427,0.47542709591052523,-0.13735199999999992,-137.35199999999992
0.02,-0.021825376376705508,0.1342964293166009,-0.0002382119568436888,0.4568789014217104,0.4566406894648667,0.49542718738989605,-0.13613831053513326,-136.13831053513326
0.04,-0.054145547549143636,0.34063300449869116,-0.0010353835169046328,0.4618339976761393,0.4607986141592347,0.5154273006973071,-0.13198038584076527,-131.98038584076528
0.06,-0.08765187170971578,0.5671066253773889,-0.0025042029910918254,0.4711925172933438,0.468688314302252,0.5354273080876024,-0.12409068569774795,-124.09068569774794
0.08,-0.11571400644498275,0.7759737654584873,-0.004597413459881658,0.48495482385116034,0.48035741039127866,0.5554273104773172,-0.11242158960872128,-112.42158960872129
0.1,-0.1344530801428092,0.9442567800339123,-0.007162937483929383,0.5025152344201966,0.49535229693626726,0.5754273110772484,-0.09742670306373269,-97.42670306373269
0.12,-0.14241056660942358,1.0621053429043217,-0.009996115335666031,0.5229438639124318,0.5129477485767657,0.595427311182551,-0.07983125142323422,-79.83125142323422
0.14,-0.13999066395635817,1.129875094768618,-0.01288277722870584,0.5452213558407181,0.5323385786120123,0.6154273111928119,-0.060440421387987664,-60.44042138798766
0.16,-0.12882676928905368,1.1547459241224067,-0.015630182876258863,0.5684093680354905,0.5527791851592316,0.6101275586270186,-0.03999981484076831,-39.99981484076831
0.18,-0.08357545143121115,0.9776158996616742,-0.01778416688702046,0.5899175334060975,0.5721333665190771,0.590127558630388,-0.020645633480922854,-20.645633480922854
0.2,-0.0049343816661739925,0.590239685762262,-0.018658494169576413,0.6055588790423513,0.5869003848727748,0.5701275586302247,-0.005878615127225095,-5.878615127225095
0.22,0.08479633502554973,0.11474563174705965,-0.017815953150188555,0.6123887469295644,0.5945727937793758,0.5721064369010105,0.0017937937793758296,1.7937937793758296
0.24,0.14462475601599312,-0.20683537774253669,-0.01547634981648468,0.6112363759584432,0.5957600261419584,0.5920922058575542,0.0029810261419584982,2.9810261419584982
0.26,0.1562969541002267,-0.2592863531021634,-0.012445404159626453,0.6064699223730988,0.5940245182134724,0.6024175595226373,0.0012455182134724074,1.2455182134724074
0.28,0.1453065603396283,-0.1879040973173849,-0.00942350681886425,0.6019783426587865,0.5925548358399222,0.6004436549665021,-0.00022416416007775553,-0.22416416007775553
0.3,0.13434387130356873,-0.1255233648353098,-0.006623603576748716,0.5988377068086645,0.5922141032319158,0.5939171891379359,-0.0005648967680841332,-0.5648967680841332
0.32,0.12945654017292574,-0.10848140026686126,-0.003978824458862058,0.5964725771821947,0.5924937527233326,0.5886994391585516,-0.0002852472766673442,-0.2852472766673442
0.34,0.12702130895673658,-0.11567905058485506,-0.001404748970678056,0.5941913251759383,0.5927865762052602,0.5859486801649096,7.57620526026237e-06,0.00757620526026237
0.36,0.12284637261033482,-0.1217774303945176,0.0011031825673206543,0.5917761913220108,0.5928793738893314,0.5844613252211789,0.00010037388933148428,0.10037388933148428
0.38,0.11562141615785371,-0.11793664508773594,0.003495673162309635,0.5893450758879507,0.5928407490502603,0.5831049476595908,6.174905026035127e-05,0.06174905026035127
0.4,0.1060604220869551,-0.10718389120231198,0.005718783566023711,0.5870669043833018,0.5927856879493255,0.5815784583459775,6.687949325567821e-06,0.006687949325567821
0.42,0.09520298088900181,-0.09454569867379181,0.00773656931433289,0.5850275682447691,0.592764137559102,0.5800800815693331,-1.486244089798916e-05,-0.01486244089798916
0.44,0.08362278043895532,-0.08234680580389986,0.00952907943028234,0.5832401916503805,0.5927692710806629,0.5788427553701668,-9.728919337037567e-06,-0.009728919337037567
0.46,0.07149221839404984,-0.07053300844777244,0.011083593791608275,0.5816964520193669,0.5927800458109752,0.5779510100365728,1.0458109752642386e-06,0.0010458109752642386
0.48,0.05888578217977003,-0.05844729729255471,0.012389773606674846,0.5803956385281154,0.5927854121347902,0.5773805839389257,6.412134790245716e-06,0.006412134790245716
0.5,0.04594822088341266,-0.04584500268835834,0.013439505059514922,0.5793459060218443,0.5927854110813593,0.5770849863861235,6.411081359347648e-06,0.006411081359347648
0.52,0.032897248719231165,-0.032940286014050635,0.014228359335734853,0.5785554076311394,0.5927837669668743,0.5770372832807524,4.7669668743477445e-06,0.0047669668743477445
0.54,0.01996682957962559,-0.020093691552197424,0.014756461343721813,0.5780263650110965,0.5927828263548183,0.5772278249500884,3.826354818325939e-06,0.003826354818325939
0.56,0.007368401944837233,-0.0075966830947469255,0.015028401905630175,0.5777544286543338,0.592782830559964,0.5776490719973512,3.830559964002056e-06,0.003830559964002056
0.58,-0.00471641242259857,0.004361991802513732,0.015052705297880907,0.5777304434588548,0.5927831487567358,0.5782870163744345,4.148756735822268e-06,0.004148756735822268
0.6,-0.016128913124732303,0.015646944441456867,0.014841303453270564,0.5779419993929193,0.59278330284619,0.579121118305054,4.302846190018528e-06,0.004302846190018528
0.62,-0.02672772245871391,0.026134812585178135,0.014409136423457761,0.5783740676339401,0.5927832040573978,0.5801274442349912,4.204057397871885e-06,0.004204057397871885
0.64,-0.03638849842963465,0.03570553892493589,0.01377380894935501,0.5790091507883952,0.5927829597377502,0.5812809896300574,3.959737750247605e-06,0.003959737750247605
0.66,-0.04500631869826244,0.04425137039510796,0.012955223867812945,0.5798274477705716,0.5927826716383845,0.5825564155056728,3.671638384550313e-06,0.003671638384550313
0.68,-0.05249772018235466,0.05168591487051222,0.01197517082079806,0.5808072018609567,0.5927823726817547,0.5839280494262649,3.372681754765239e-06,0.003372681754765239
0.7000000000000001,-0.05880137357036819,0.05794705235579567,0.010856888290989134,0.581925166037061,0.5927820543280502,0.5853699434952737,3.054328050255961e-06,0.003054328050255961
0.72,-0.063877764923576,0.06299569212734779,0.009624622569401194,0.5831570824274188,0.59278170499682,0.5868562024209719,2.7049968200909547e-06,0.0027049968200909547
0.74,-0.06770847486851628,0.06681372687082154,0.008303197328202389,0.5844781278400826,0.592781325168285,0.5883614474584167,2.325168285022272e-06,0.002325168285022272
0.76,-0.07029532091207313,0.06940265634692544,0.0069175990188226335,0.5858633249900704,0.592780924008893,0.5898612563665567,1.924008893094964e-06,0.001924008893094964
0.78,-0.07165935195442708,0.07078271016826276,0.0054925809379227294,0.5872879311611172,0.5927805120990399,0.5913325199873619,1.5120990399797307e-06,0.0015120990399797307
0.8,-0.07183961980819831,0.07099188909933929,0.004052289734007577,0.588727808146086,0.5927800978800937,0.5927537288106098,1.0978800937255784e-06,0.0010978800937255784
0.8200000000000001,-0.07089170606035933,0.07008463603776649,0.0026199190814514724,0.5901597686872292,0.5927796877686806,0.5941052158786978,6.877686806738836e-07,0.0006877686806738836
0.84,-0.06888603932562454,0.06813017128497512,0.0012173950805753654,0.5915618922757092,0.5927792873562846,0.5953693667855036,2.873562846561484e-07,0.0002873562846561484
0.86,-0.06590605680802653,0.06521063487022527,-0.00013490296600845303,0.5929138050421054,0.592778902076097,0.5965307938085841,-9.792390298635212e-08,-9.792390298635212e-05
0.88,-0.062046257485620204,0.061419139387763,-0.0014183837651984138,0.5941969209417731,0.5927785371765747,0.5975764682540015,-4.6282342525127973e-07,-0.00046282342525127973
0.9,-0.05741018375106999,0.056857775724711956,-0.0026164454362568998,0.5953946428782183,0.5927781974419614,0.598495808298709,-8.025580385817577e-07,-0.0008025580385817577
0.92,-0.05210836353668957,0.05163558814987734,-0.0037146359953081566,0.5964925229880299,0.5927778869927217,0.5992807231032204,-1.1130072782306044e-06,-0.0011130072782306044
0.9400000000000001,-0.04625624468150491,0.045866538545933366,-0.004700772451982646,0.5974783816815646,0.592777609229582,0.5999256155390607,-1.3907704179416669e-06,-0.001390770417941667
0.96,-0.03997215366448603,0.039667489290200475,-0.005565018690635771,0.5983423855406769,0.5927773668500411,0.600427346102424,-1.6331499588240206e-06,-0.0016331499588240206
0.98,-0.03337530977997949,0.033156237994195426,-0.006299922943210552,0.5990770848139876,0.592777161870777,0.6007851605610867,-1.8381292229419088e-06,-0.0018381292229419088
1.0,-0.02658392340847404,0.02644963479576834,-0.006900416259931946,0.5996774118972155,0.5927769956372835,0.6010005841038111,-2.004362716467867e-06,-0.002004362716467867
1.02,-0.01971340398874577,0.01966180822774799,-0.0073637739279082655,0.6001406427587065,0.5927768688307983,0.6010772851773091,-2.131169201669003e-06,-0.002131169201669003
1.04,-0.012874700128867711,0.0129025215504317,-0.007689542269203389,0.6004663237538537,0.5927767814846503,0.6010209126030238,-2.2185153496501187e-06,-0.0022185153496501187
1.06,-0.006172791111788922,0.006275678212898761,-0.007879433667768575,0.6006561666815403,0.5927767330137718,0.6008389098531782,-2.266986228183221e-06,-0.002266986228183221
1.08,0.0002946542020850762,-0.00012200781719862164,-0.007937193027892381,0.6007139152829337,0.5927767222550413,0.6005403105296355,-2.2777449586453002e-06,-0.0022777449586453002
1.1,0.006438438429972826,-0.006202164222256279,-0.00786843915373409,0.6006451866687617,0.5927767475150275,0.6001355191662583,-2.2524849724314677e-06,-0.0022524849724314677
1.12,0.012178807455916374,-0.011885725712497575,-0.007680484758349699,0.6004572913813433,0.5927768066229936,0.5996360814905517,-2.193377006354247e-06,-0.002193377006354247
1.1400000000000001,0.017446227143489423,-0.01710370674397943,-0.007382138960857544,0.6001590359490451,0.5927768969881875,0.599054448239536,-2.1030118124709674e-06,-0.0021030118124709674
1.16,0.022181962495563257,-0.02179777904696767,-0.006983496212923415,0.5997605118736472,0.5927770156607238,0.5984037365260327,-1.9843392761176304e-06,-0.0019843392761176304
1.18,0.026338459986840257,-0.025920654613343252,-0.006495715612702252,0.5992728750078619,0.5927771593951596,0.5976974925945844,-1.8406048403196706e-06,-0.0018406048403196706
1.2,0.029879536824371167,-0.02943627778329372,-0.005930794518820168,0.5987081192344638,0.5927773247156436,0.5969494595956315,-1.6752843563505593e-06,-0.0016752843563505593
1.22,0.032780383712506134,-0.032319832856735786,-0.005301340272745469,0.59807884825422,0.5927775079814745,0.5961733537489026,-1.4920185253952667e-06,-0.0014920185253952667
1.24,0.03502739027939461,-0.03455757620890321,-0.004620343679490625,0.5973980491314694,0.5927777054519788,0.5953826519695219,-1.2945480211135063e-06,-0.0012945480211135063
1.26,0.036617804633573336,-0.036146504181864714,-0.0039009576891312512,0.5966788710388566,0.5927779133497254,0.5945903937000298,-1.0866502745399131e-06,-0.0010866502745399131
1.28,0.037559240537966554,-0.037093870028034104,-0.0031562844707670092,0.5959344123919531,0.5927781279211861,0.5938089993348992,-8.720788138294466e-07,-0.0008720788138294466
1.3,0.03786904739751673,-0.0374165648792939,-0.0023991737823340136,0.5951775192763674,0.5927783454940334,0.5930501072479398,-6.545059665352682e-07,-0.0006545059665352682
1.32,0.03757355964436426,-0.03714037909516055,-0.0016420352204448993,0.5944205977507936,0.5927785625303487,0.5923244310440264,-4.3746965128210746e-07,-0.00043746965128210746
1.34,0.03670724316526186,-0.03629916139986156,-0.0008966665906873601,0.5936754422658022,0.5927787756751148,0.5916416382614442,-2.2432488511192616e-07,-0.00022432488511192616
1.36,0.03531175714952839,-0.03493389395177671,-0.00017410027711948096,0.5929530820765846,0.5927789817994651,0.5910102513564554,-1.8200534857015782e-08,-1.8200534857015782e-05
1.3800000000000001,0.03343495014689968,-0.033091701903241955,0.0005155308834193179,0.5922636471548561,0.5927791780382754,0.590437571413471,1.7803827545570527e-07,0.00017803827545570527
1.4000000000000001,0.031129809222727234,-0.030824816113982578,0.0011631070947325994,0.5916162547270594,0.5927793618217919,0.5899296246482881,3.618217919720834e-07,0.0003618217919720834
1.42,0.02845338089690541,-0.02818950749050897,0.001760613712056408,0.5910189171890394,0.5927795309010958,0.5894911314133844,5.309010958631788e-07,0.0005309010958631788
1.44,0.025465682070656026,-0.02524501095464915,0.002301211590010569,0.5904784717773035,0.5927796833673141,0.5891254970780481,6.833673141803942e-07,0.0006833673141803942
1.46,0.0222286184031788,-0.022052456317716018,0.0027792856453369846,0.590000532019247,0.592779817664584,0.5888348238462372,8.176645840407559e-07,0.0008176645840407559
1.48,0.018804926622631446,-0.0186738223769356,0.0031904719525735776,0.589589460644305,0.5927799325968786,0.5886199422950953,9.32596878611136e-07,0.000932596878611136
1.5,0.015257156069719446,-0.015170929383863996,0.003531664009579644,0.5892483633193085,0.5927800273288881,0.5884804611698125,1.0273288881812448e-06,0.0010273288881812448
1.52,0.011646703406210768,-0.011604483689419354,0.0038009991029457086,0.5889791022782935,0.5927801013812393,0.5884148337583539,1.1013812393212419e-06,0.0011013812393212419
1.54,0.008032912904997969,-0.008033186876058807,0.003997825967487392,0.5887823286529155,0.5927801546204029,0.5884204389939481,1.1546204029544427e-06,0.0011546204029544427
1.56,0.004472253103986024,-0.004512920075615767,0.004122655166550533,0.5886575320771623,0.5927801872437128,0.5884936752951426,1.1872437128968016e-06,0.0011872437128968016
1.58,0.0010175788843760358,-0.0010960124721011155,0.004177093818682112,0.5886031059412865,0.5927801997599687,0.5886300650529772,1.1997599687063598e-06,0.0011997599687063598
1.6,-0.0022825137440363186,0.00216939876690736,0.004163766459912943,0.5886164265062283,0.5927801929661412,0.5888243676120453,1.1929661412057868e-06,0.0011929661412057868
1.62,-0.005384234671593657,0.005239911668380781,0.004086223958637104,0.5886939439621031,0.5927801679207402,0.5890706985661283,1.1679207402304215e-06,0.0011679207402304215
1.6400000000000001,-0.008249044852667864,0.008077302058662639,0.003948842491642946,0.5888312834227752,0.5927801259144182,0.5893626531982398,1.1259144182540481e-06,0.0011259144182540481
1.6600000000000001,-0.010843997694442109,0.010648863661018915,0.0037567146456085653,0.5890233537928009,0.5927800684384095,0.5896934319373344,1.0684384095238642e-06,0.0010684384095238642
1.68,-0.01314197647133808,0.01292764544403635,0.0035155347292197435,0.5892644624221807,0.5927799971514004,0.5900559657775873,9.971514004503135e-07,0.0009971514004503135
1.7,-0.015121829195691494,0.014892587592201245,0.003231480368397679,0.5895484334770282,0.5927799138454259,0.5904430397080028,9.138454259982609e-07,0.0009138454259982609
1.72,-0.01676840390232337,0.016528558981619312,0.0029110924127879623,0.5898687279985823,0.5927798204113702,0.5908474123274313,8.20411370283658e-07,0.000820411370283658
1.74,-0.018072488710313306,0.017826300436120324,0.00256115510791505,0.590218563696714,0.5927797188046291,0.5912619299695935,7.18804629151748e-07,0.000718804629151748
1.76,-0.019030662293663125,0.018782279296364113,0.0021885783868468575,0.590591032624615,0.5927796110114618,0.5916796338308024,6.11011461870703e-07,0.000611011461870703
1.78,-0.0196450615104794,0.01939846194289485,0.0018002840107326275,0.5909792150057899,0.5927794990165225,0.5920938587765632,4.990165225482457e-07,0.0004990165225482457
1.8,-0.019923073898077015,0.01968201186520835,0.0014030971422929013,0.5913762876297243,0.5927793847720172,0.5924983226981153,3.847720172478475e-07,0.0003847720172478475
1.82,-0.019876963531735625,0.01964492165412768,0.0010036447735430826,0.591775625395346,0.5927792701688891,0.592887205492931,2.701688891493248e-07,0.0002701688891493248
1.84,-0.019523439363819506,0.01930358791099618,0.0006082622521226518,0.592170894758257,0.5927791570103796,0.5932552169505443,1.5701037969773068e-07,0.00015701037969773068
1.86,-0.018883175606387748,0.018678338512953196,0.00022290896303267874,0.5925561380252274,0.5927790469882601,0.5935976530333724,4.698826017168756e-08,4.698826017168756e-05
1.8800000000000001,-0.017980293995787044,0.0177929219500923,-0.0001469059721967399,0.5929258476341693,0.5927789416619726,0.5939104402482067,-5.833802729782178e-08,-5.833802729782178e-05
1.9000000000000001,-0.01684181788624861,0.01667396856204162,-0.0004961873154896313,0.5932750297563517,0.5927788424408621,0.5941901680045674,-1.5755913784776254e-07,-0.00015755913784776254
1.92,-0.0154971080676517,0.015350433454235368,-0.0008205061870785431,0.5935992567567018,0.5927787505696233,0.5944341090484756,-2.4943037668645474e-07,-0.00024943037668645474
1.94,-0.013977289999232645,0.013853030677400291,-0.0011160411275003244,0.5938947082445314,0.5927786671170311,0.5946402282415358,-3.3288296885647384e-07,-0.00033288296885647384
1.96,-0.012314681806566141,0.012213667916760151,-0.001379607670027279,0.5941582006379951,0.5927785929679678,0.5948071801235634,-4.0703203219027984e-07,-0.00040703203219027984
1.98,-0.010542231916147782,0.01046489047364263,-0.0016086765296226555,0.5943872053483313,0.5927785288187086,0.5949342958500751,-4.711812913171798e-07,-0.0004711812913171798
2.0,-0.008692974613913051,0.008639342743909317,-0.0018013806866332529,0.5945798558620116,0.5927784751753783,0.5950215602323554,-5.248246216504882e-07,-0.0005248246216504882
2.02,-0.006799511125968882,0.0067692547203441755,-0.0019565118027295185,0.5947349441581763,0.5927784323554468,0.595069579726101,-5.676445531399565e-07,-0.0005676445531399565
2.04,-0.004893523047302839,0.004885960284823021,-0.002073506551225399,0.5948519070433154,0.59277840049209,0.5950795423139598,-5.995079099818668e-07,-0.0005995079099818668
2.06,-0.003005324103523721,0.0030194532271852204,-0.0021524235723277985,0.594930803113535,0.5927783795412072,0.5950531703068928,-6.204587927882699e-07,-0.0006204587927882699
2.08,-0.0011634553381395518,0.0011979860467987713,-0.002193911874876756,0.5949722811657306,0.5927783692908539,0.5949926671490935,-6.307091460211467e-07,-0.0006307091460211467
2.1,0.0006056721099152451,-0.0005522843230196806,-0.0021991715988719353,0.5949775409716969,0.5927783693728249,0.5949006593510898,-6.306271750355918e-07,-0.0006306271750355918
2.12,0.002278083420731769,-0.002207600662933462,-0.0021699081269955746,0.5949482874030951,0.5927783792760996,0.5947801346960667,-6.207239003908072e-07,-0.0006207239003908072
2.14,0.0038324934324482918,-0.0037468572222443264,-0.0021082805882132573,0.5948866789500631,0.5927783983618499,0.5946343778660471,-6.016381500772994e-07,-0.0006016381500772994
2.16,0.005250505576208653,-0.0051517977426494,-0.002016845832446654,0.5947952717121452,0.5927784258796985,0.5944669046181764,-5.741203014109075e-07,-0.0005741203014109075
2.18,0.006516755991609058,-0.006407159316613953,-0.0018984989726424338,0.5946769599575562,0.5927784609849138,0.5942813956081906,-5.390150861206422e-07,-0.0005390150861206422
2.2,0.007619003281792991,-0.007500762511305492,-0.0017564115899554424,0.5945349143461803,0.5927785027562249,0.5940816309095284,-4.972437750438985e-07,-0.0004972437750438985
2.22,0.008548165191636592,-0.008423549004865638,-0.001593968680116492,0.5943725188940692,0.5927785502139526,0.5938714262139716,-4.497860472962856e-07,-0.0004497860472962856
2.24,0.009298304256115664,-0.009169568738148559,-0.0014147053854813938,0.5941933077236354,0.592778602338154,0.5936545716248814,-3.9766184589673514e-07,-0.00039766184589673514
2.2600000000000002,0.009866565159991292,-0.009735919272678473,-0.0012222445090670341,0.5940009025955668,0.5927786580864998,0.5934347738687243,-3.4191350017920286e-07,-0.00034191350017920286
2.2800000000000002,0.010253067167095842,-0.010122640657630022,-0.0010202357455440549,0.5937989521571625,0.5927787164116184,0.5932156026566263,-2.835883815555107e-07,-0.0002835883815555107
2.3000000000000003,0.010460755511821573,-0.0103325696387091,-0.0008122974912785309,0.5935910737689423,0.5927787762776637,0.5930004418268977,-2.23722336212262e-07,-0.000223722336212262
2.32,0.010495216092782589,-0.010371157486355642,-0.0006019620128014866,0.593380798688686,0.5927788366758845,0.5927924457938958,-1.6332411545416647e-07,-0.00016332411545416647
2.34,0.010364458166236212,-0.010246256076274829,-0.00039262466230937515,0.5931715213013143,0.592778896639005,0.5925945017199526,-1.0336099498520213e-07,-0.00010336099498520213
2.36,0.010078670003705215,-0.00996787712159497,-0.00018749773177265724,0.592966452986021,0.5927789552542484,0.5924091977174194,-4.474575154844729e-08,-4.474575154844729e-05
2.38,0.009649952654512295,-0.009547929632335528,1.0430564226511507e-05,0.5927685811106437,0.5927790116748702,0.5922387972787198,1.1674870292743833e-08,1.1674870292743833e-05
2.4,0.00909203704149486,-0.00899994076693833,0.0001984315908936862,0.592580633539199,0.5927790651300927,0.5920852200255846,6.51300927634324e-08,6.51300927634324e-05
2.42,0.008419989619854462,-0.008338765244243262,0.0003740659997911386,0.5924050489335749,0.5927791149333661,0.5919500287656009,1.1493336615764349e-07,0.00011493336615764349
2.44,0.007649911749320393,-0.007580288407886826,0.0005352074626761129,0.5922439530262334,0.5927791604889096,0.5918344227466055,1.6048890960629336e-07,0.00016048890960629336
2.46,0.006798637773620886,-0.006741127882469833,0.0006800603574921207,0.5920991409390239,0.5927792012965161,0.5917392369082156,2.0129651612244004e-07,0.00020129651612244004
2.48,0.005883436575070955,-0.005838338539412735,0.0008071714293300903,0.5919720655253004,0.5927792369546304,0.5916649468463293,2.3695463047257448e-07,0.00023695463047257448
2.5,0.004921721082665864,-0.004889125205756351,0.0009154355419221617,0.5918638316198165,0.5927792671617387,0.5916116791313585,2.671617387317582e-07,0.0002671617387317582
2.52,0.003930769867268813,-0.003910567210154259,0.001004095721600786,0.591775195994529,0.5927792917161298,0.5915792265553509,2.9171612980771755e-07,0.00029171612980771755
2.54,0.002927464565171345,-0.0029193584735409672,0.001072737774618449,0.591706572739497,0.5927793105141155,0.5915670678272333,3.105141155312907e-07,0.0003105141155312907
2.56,0.0019280464401878472,-0.0019315664272485655,0.0011212798294139882,0.5916580437173949,0.592779323546809,0.5915743911899156,3.2354680901125477e-07,0.00032354680901125477
2.58,0.0009478949328876052,-0.0009624125856757537,0.0011499572171368901,0.59162937367845,0.5927793308955869,0.5916001213977827,3.3089558693077947e-07,0.00033089558693077947
2.6,1.3305625109483188e-06,-2.6077123999268537e-05,0.0011593031559813576,0.5916200295703873,0.5927793327263686,0.5916429494684801,3.327263686792037e-07,0.0003327263686792037
2.62,-0.0008985559490204409,0.0008644706786111733,0.0011501257472920122,0.5916292035355674,0.5927793292828594,0.5917013646085915,3.292828594236852e-07,0.0003292828594236852
2.64,-0.001740046962377173,0.0016976147646730055,0.0011234818238063703,0.5916558390551095,0.5927793208789159,0.5917736877085332,3.208789159936387e-07,0.0003208789159936387
2.66,-0.002512912744125795,0.0024632065188470165,0.0010806482127851107,0.591698659677411,0.5927793078901961,0.5918581058073982,3.078901961162117e-07,0.0003078901961162117
2.68,-0.003208497443252578,0.0031526504901839836,0.001023090989294679,0.5917561997559627,0.5927792907452574,0.591952706942926,2.9074525742522894e-07,0.00029074525742522894
2.7,-0.003819776304523903,0.0037589616865436604,0.0009524332978402168,0.5918268366184288,0.5927792699162691,0.5920555148246286,2.699162691133239e-07,0.0002699162691133239
2.72,-0.0043413846463138395,0.004276794951051155,0.0008704223143268441,0.5919088235951774,0.5927792459095043,0.5921645227985692,2.459095043150228e-07,0.0002459095043150228
2.74,-0.004769619544400472,0.004702447340154237,0.0007788959055029182,0.5920003233502672,0.5927792192557702,0.5922777266095599,2.1925577020631692e-07,0.00021925577020631692
2.7600000000000002,-0.005102415542039163,0.005033834798161774,0.0006797495202652774,0.5920994409806618,0.5927791905009271,0.5923931555096859,1.905009271441216e-07,0.0001905009271441216
2.7800000000000002,-0.005339296046188213,0.005270444759904347,0.0005749038172302235,0.5922042563794114,0.5927791601966417,0.592508901310026,1.6019664172972625e-07,0.00016019664172972625
2.8000000000000003,-0.005481302366641239,0.005413266607401823,0.000466273496618202,0.5923128553948862,0.5927791288915044,0.5926231450244364,1.2889150446948605e-07,0.00012889150446948605
2.82,-0.005530902606658117,0.0054647021567237886,0.0003557377626455544,0.5924233593599896,0.5927790971226351,0.5927341808090596,9.7122635156488e-08,9.7122635156488e-05
2.84,-0.005491882818618787,0.005428458554840088,0.00024511279618668735,0.5925339526116931,0.5927790654078797,0.5928404369579903,6.540787977904472e-08,6.540787977904472e-05
2.86,-0.005369222995473932,0.005309426122944494,0.00013612656741399803,0.5926429076712793,0.5927790342386933,0.5929404937732244,3.423869332497276e-08,3.423869332497276e-05
2.88,-0.0051689605782144765,0.005113543792206521,3.039626539923755e-05,0.5927486078083855,0.5927790040737847,0.5930330981846642,4.07378475397735e-09,4.07378475397735e-06
2.9,-0.004898044221835041,0.004847654840558935,-7.059143277790038e-05,0.592849566766364,0.5927789753335861,0.593117175052741,-2.4666413800389364e-08,-2.4666413800389364e-05
2.92,-0.0045641805787594025,0.004519355656713131,-0.0001654970860877217,0.5929444454816776,0.5927789483955899,0.5931918351412242,-5.1604410078454066e-08,-5.1604410078454066e-05
2.94,-0.004175676831375763,0.004136840231744543,-0.00025314209455119287,0.5930320656851372,0.592778923590586,0.5932563798002541,-7.640941390718581e-08,-7.640941390718581e-05
2.96,-0.003741281636765015,0.0037087430117788145,-0.00033251912709172243,0.5931114203269044,0.5927789011998127,0.5933103024489622,-9.880018725372253e-08,-9.880018725372253e-05
2.98,-0.003270027040103929,0.003243982641156773,-0.0004027993665132769,0.5931816808195323,0.5927788814530189,0.5933532869924443,-1.185469810094375e-07,-0.0001185469810094375
3.0,-0.0027710737719669476,0.002751608986550025,-0.00046333661575255654,0.5932422011431777,0.5927788645274251,0.5933852033490268,-1.3547257482482422e-07,-0.00013547257482482422
3.02,-0.002253562172919721,0.002240655663730884,-0.0005136683562772491,0.5932925189038303,0.5927788505475531,0.5934061003000374,-1.4945244686259684e-07,-0.00014945244686259684
3.04,-0.0017264707903930088,0.0017200000930328585,-0.0005535138925055602,0.5933323534783919,0.5927788395858863,0.5934161959056046,-1.6041411365907976e-07,-0.00016041411365907976
3.06,-0.0011984844724380883,0.001198232892524853,-0.0005827697549180746,0.5933616014192263,0.5927788316643082,0.5934158657558773,-1.6833569171925689e-07,-0.00016833569171925689
3.08,-0.000677873544972396,0.0006835381831078458,-0.000601502568724638,0.5933803293249819,0.5927788267562573,0.5934056293475141,-1.7324374268490317e-07,-0.00017324374268490317
3.1,-0.0001723854081713272,0.00018358613211244545,-0.0006099396242309216,0.5933887644137609,0.5927788247895299,0.593386134890174,-1.752104700214474e-07,-0.0001752104700214474
3.12,0.0003108503717426103,-0.00029456119424597915,-0.0006084574092072486,0.5933872830588661,0.5927788256496589,0.5933581428571979,-1.7435034105339753e-07,-0.00017435034105339753
3.14,0.0007654026624011045,-0.0007445298592583249,-0.000597568382472804,0.5933763975662534,0.5927788291837806,0.5933225085987055,-1.70816219391412e-07,-0.000170816219391412
3.16,0.001185604507023208,-0.0011606994147239647,-0.0005779062815357977,0.5933567414864471,0.5927788352049114,0.5932801643342809,-1.647950885752536e-07,-0.0001647950885752536
3.18,0.0015666037167089142,-0.0015382532958376771,-0.0005502102655227823,0.593329053762067,0.5927788434965442,0.5932321008363822,-1.5650345575046742e-07,-0.00015650345575046742
3.2,0.0019043982724707975,-0.0018732142051955947,-0.0005153081979155554,0.5932941620153941,0.5927788538174785,0.5931793491051358,-1.461825214210677e-07,-0.0001461825214210677
3.22,0.0021958567348222546,-0.00216246467508574,-0.00047409937199263067,0.5932529652787887,0.5927788659067961,0.5931229623204413,-1.3409320387403056e-07,-0.00013409320387403056
3.24,0.0024387240825914924,-0.0024037532189549182,-0.0004275369756118986,0.5932064164645106,0.5927788794888986,0.5930639983389029,-1.2051110132027532e-07,-0.00012051110132027532
3.2600000000000002,0.002631613608830796,-0.00259568668714083,-0.000376610581397617,0.5931555048599247,0.5927788942785271,0.5930035029813964,-1.057214727984146e-07,-0.0001057214727984146
3.2800000000000002,0.00277398568797238,-0.0027377096266629763,-0.0003223289338861587,0.5931012389195681,0.592778909985682,0.5929424943326702,-9.00143179993762e-08,-9.00143179993762e-05
3.3000000000000003,0.002866114392732655,-0.0028300716077227506,-0.00026570328716112555,0.5930446296075365,0.5927789263203753,0.5928819482476604,-7.367962462367927e-08,-7.367962462367927e-05
3.3200000000000003,0.0029090430803161427,-0.002873783619629311,-0.00020773152542393966,0.5929866745225726,0.5927789429971486,0.5928227852307967,-5.7002851328036286e-08,-5.7002851328036286e-05
3.34,0.002904530184101417,-0.002870564754825722,-0.00014938327527985393,0.5929283430145764,0.5927789597392966,0.5927658588249951,-4.026070332674436e-08,-4.026070332674436e-05
3.36,0.0028549865385967266,-0.002822780490794763,-9.15861927680197e-05,0.5928705624755145,0.5927789762827465,0.5927119456167494,-2.3717253494481838e-08,-2.3717253494481838e-05
3.38,0.0027634056318734945,-0.002733373945998707,-3.521358083165976e-05,0.5928142059603813,0.5927789923795496,0.5926617369333393,-7.620450381828903e-09,-7.620450381828903e-06
3.4,0.002633288221064345,-0.002605791527402257,1.8926535485331263e-05,0.5927600812654632,0.5927790078009485,0.5926158322779943,7.800948553793319e-09,7.800948553793319e-06
3.42,0.0024685627635653296,-0.0024439044048887304,7.010077782059441e-05,0.5927089215621739,0.5927790223399945,0.5925747345195976,2.2339994520947926e-08,2.2339994520947926e-05
3.44,0.0022735031100483694,-0.0022519272417200753,0.00011765815805212833,0.5926613776556436,0.5927790358136957,0.5925388468252875,3.5813695786757194e-08,3.5813695786757194e-05
3.46,0.0020526448767531624,-0.0020343355827026066,0.0001610361561669299,0.5926180119085199,0.5927790480646868,0.592508471297762,4.80646868972201e-08,4.80646868972201e-05
3.48,0.0018107018651654094,-0.0017957832534358786,0.00019976511992120336,0.5925792938424951,0.5927790589624163,0.5924838092544378,5.896241639380406e-08,5.896241639380406e-05
3.5,0.001552483828929807,-0.0015410210569388738,0.0002334710005383253,0.5925455974033187,0.592779068403857,0.592464963063091,6.84038570231138e-08,6.84038570231138e-05
3.52,0.0012828168027597675,-0.0012748179704393792,0.00026187646391281384,0.592517199849842,0.5927790763137548,0.5924519394285999,7.631375487093806e-08,7.631375487093806e-05
3.54,0.0010064671082470333,-0.0010018859467746388,0.00028480044015166944,0.5924942822042778,0.5927790826444295,0.5924446540079951,8.264442952210516e-08,8.264442952210516e-05
3.56,0.000728070039173967,-0.0007268093141292731,0.00030215619551569005,0.5924769311796426,0.5927790873751583,0.592442937216377,8.737515833079357e-08,8.737515833079357e-05
3.58,0.00045206410657461227,-0.0004539796472591284,0.0003139480296975583,0.5924651424814703,0.5927790905111678,0.5924465410744953,9.051116789393632e-08,9.051116789393632e-05
3.6,0.00018263159372988724,-0.00018753685495598305,0.0003202667177127699,0.5924588253645608,0.5927790920822736,0.5924551469398962,9.208227369494892e-08,9.208227369494892e-05
3.62,-7.635396401339811e-05,6.868290493411422e-05,0.0003212838293544431,0.5924578083118472,0.5927790921412017,0.5924683739576274,9.214120177958307e-08,9.214120177958307e-05
3.64,-0.00032137289798606083,0.00031119200845353134,0.0003172450700916537,0.5924618456915454,0.592779090761637,0.5924857880633057,9.076163709487162e-08,9.076163709487162e-05
3.66,-0.0005492967856672859,0.0005368885088370412,0.0003084627954387676,0.5924706252406023,0.5927790880360411,0.5925069113710356,8.803604112372909e-08,8.803604112372909e-05
3.68,-0.0007574178903190232,0.0007430854383740915,0.00029530785620077334,0.592483776217085,0.5927790840732858,0.5925312317809387,8.407328588866392e-08,8.407328588866392e-05
3.7,-0.0009434705938246024,0.0009275321992223695,0.0002782009346590014,0.592500878061488,0.592779078996147,0.5925582126457476,7.89961470681888e-08,7.89961470681888e-05
3.72,-0.0011056448838038246,0.001088428100100458,0.00025760353179630525,0.5925214694069096,0.5927790729387059,0.5925873023429605,7.293870596392082e-08,7.293870596392082e-05
3.74,-0.0012425920768777132,0.001224428215475637,0.0002340087631992017,0.5925450572805032,0.5927790660437025,0.5926179436080831,6.60437025068461e-08,6.60437025068461e-05
3.7600000000000002,-0.001353423071953852,0.0013346418548030314,0.00020793211647818916,0.5925711263434051,0.5927790584598833,0.5926495824953052,5.8459883378603195e-08,5.8459883378603195e-05
3.7800000000000002,-0.0014376995292548767,0.0014186240301112818,0.000179902316106699,0.5925991480232825,0.5927790503393892,0.592681676844404,5.0339389212616936e-08,5.0339389212616936e-05
3.8000000000000003,-0.001495418461540221,0.0014763604003622532,0.0001504524327076628,0.592628589402509,0.5927790418352166,0.5927137041463165,4.183521662426415e-08,4.183521662426415e-05
3.8200000000000003,-0.0015269908026096513,0.0015082462490201287,0.00012011136324766025,0.5926589217355439,0.5927790330987915,0.5927451687144859,3.3098791596408716e-08,3.3098791596408716e-05
3.84,-0.001533214584114595,0.0015150601166511457,8.939579658093742e-05,0.5926896284811072,0.5927790242776881,0.5927756080845177,2.4277688193130587e-08,2.4277688193130587e-05
3.86,-0.00151524340459952,0.001497932763146359,5.8802765577709894e-05,0.5927202127479414,0.5927790155135191,0.5928045985804882,1.551351913597898e-08,1.551351913597898e-05
3.88,-0.001474550914278172,0.0014583121734568216,2.8802872937668846e-05,0.5927502040670862,0.592779006940024,0.592831760002318,6.940023999923994e-09,6.940023999923994e-06
3.9,-0.0014128920654623567,0.0013979253473643816,-1.6573700373223588e-07,0.5927791644183769,0.5927789986813732,0.5928567594045165,-1.3186267633358284e-09,-1.3186267633358284e-06
3.92,-0.001332261891919928,0.0013187376271712736,-2.7702603358739815e-05,0.5928066934540647,0.592778990850706,0.5928793139522756,-9.149293989096918e-09,-9.149293989096918e-06
3.94,-0.001234852581318835,0.001222910318563919,-5.344932887352098e-05,0.5928324328777854,0.5927789835489119,0.592899192855905,-1.6451088047375606e-08,-1.6451088047375606e-05
3.96,-0.0011230095937717621,0.0011127573490115061,-7.709308865547302e-05,0.5928560699523187,0.5927789768636632,0.5929162183989686,-2.313633673534099e-08,-2.313633673534099e-05
3.98,-0.0009991875572439302,0.000990701686571338,-9.8369255767926e-05,0.5928773401244687,0.5927789708687008,0.5929302660887946,-2.913129915071977e-08,-2.913129915071977e-05
4.0,-0.0008659066379860247,0.0008592322098701644,-0.00011706314635396252,0.5928960287697266,0.5927789656233726,0.5929412639703253,-3.4376627322529885e-08,-3.4376627322529885e-05
4.0200000000000005,-0.0007257100423236906,0.0007208616790164157,-0.00013301090053776873,0.5929119720729569,0.5927789611724191,0.5929491911552555,-3.8827580817191176e-08,-3.8827580817191176e-05
4.04,-0.0005811232561092616,0.0005780864078799297,-0.00014609952801500868,0.5929250570740122,0.5927789575459972,0.5929540756281119,-4.2454002757708054e-08,-4.2454002757708054e-05
4.0600000000000005,-0.00043461557118140703,0.0004333481821916507,-0.00015626615883181875,0.5929352209187613,0.5927789547599295,0.5929559913991164,-4.5240070467578164e-08,-4.5240070467578164e-05
4.08,-0.00028856438543423124,0.0002889989059928766,-0.0001634965502374441,0.5929424493664023,0.5927789528161649,0.5929550550804132,-4.718383506130408e-08,-4.718383506130408e-05
4.1,-0.00014522269586303427,0.00014726839260736924,-0.00016782290957564634,0.5929467746130085,0.5927789517034329,0.5929514219674614,-4.829656707894259e-08,-4.829656707894259e-05
4.12,-6.6901335378233284e-06,1.0235646842993162e-05,-0.0001693211008779007,0.5929482724989492,0.5927789513980714,0.5929452817110529,-4.860192859279522e-08,-4.860192859279522e-05
4.14,0.00012511218295419013,-0.00012019608637192647,-0.0001681073090854298,0.592947059174092,0.5927789518650065,0.5929368536675892,-4.8134993435589024e-08,-4.8134993435589024e-05
4.16,0.0002484627721885957,-0.00024232030397763893,-0.0001643342406302574,0.5929432872994924,0.5927789530588622,0.5929263820159217,-4.6941137754608064e-08,-4.6941137754608064e-05
4.18,0.00036185676200284345,-0.000354644126364434,-0.00015818694244488975,0.5929371418676201,0.5927789549251753,0.5929141307283663,-4.507482465054835e-08,-4.507482465054835e-05
4.2,0.0004640186494462295,-0.00045590101779069414,-0.00014987832336635365,0.5929288357250588,0.5927789574016925,0.592900378481439,-4.2598307437025085e-08,-4.2598307437025085e-05
4.22,0.0005539108575771667,-0.0005450593526927783,-0.00013964446239478605,0.5929186048821193,0.5927789604197246,0.5928854135885602,-3.958027539052722e-08,-3.958027539052722e-05
4.24,0.0006307381631693865,-0.0006213268994850196,-0.0001277397874206252,0.5929067036929551,0.5927789639055344,0.5928695290326239,-3.609446552754747e-08,-3.609446552754747e-05
4.26,0.0006939481300290984,-0.000684151353264717,-0.00011443220592760768,0.5928933999876619,0.5927789677817342,0.5928530176708673,-3.221826572197273e-08,-3.221826572197273e-05
4.28,0.0007432277382539709,-0.000733217104161632,-9.999826590586635e-05,0.592878970234578,0.5927789719686721,0.5928361676782836,-2.80313278144817e-08,-2.80313278144817e-05
4.3,0.0007784964496003743,-0.000768438477263711,-8.471842087907737e-05,0.5928636948066631,0.592778976385784,0.5928192582887577,-2.3614215916012427e-08,-2.3614215916012427e-05
4.32,0.0007998959928596783,-0.0007899497237224828,-6.887246768133137e-05,0.5928478534205759,0.5927789809528946,0.592802555885643,-1.9047105337399728e-08,-1.9047105337399728e-05
4.34,0.0008077771901742192,-0.0007980920790382484,-5.27352195418794e-05,0.5928317208109887,0.5927789855914468,0.5927863104854125,-1.4408553128397728e-08,-1.4408553128397728e-05
4.36,0.0008026841755424119,-0.0007933982349603852,-3.657247028349391e-05,0.5928155626959295,0.592778990225646,0.5927707526497853,-9.77435399285298e-09,-9.77435399285298e-06
4.38,0.0007853363800556235,-0.0007765745945604863,-2.0637298151295752e-05,0.5927996320816564,0.5927789947835052,0.5927560908533056,-5.21649479168218e-09,-5.21649479168218e-06
4.4,0.0007566086747128331,-0.0007484816962812779,-5.1667501037161445e-06,0.5927841659478813,0.5927789991977775,0.5927425093249283,-8.02222399620689e-10,-8.02222399620689e-07
4.42,0.0007175100710757887,-0.0007101132022078183,9.621060544615784e-06,0.5927693823462267,0.5927790034067713,0.592730166373823,3.4067713094998453e-09,3.4067713094998453e-06
4.44,0.000669161382789607,-0.0006625738489320909,2.3529418301210074e-05,0.5927554779367353,0.5927790073550365,0.5927191932016206,7.3550365797814266e-09,7.3550365797814266e-06
4.46,0.0006127722472610841,-0.00060705675563133,3.6385014720255286e-05,0.5927426259792011,0.5927790109939214,0.5927096931956063,1.0993921439883536e-08,1.0993921439883536e-05
4.48,0.0005496178970598731,-0.0005448204745710505,4.803949381409784e-05,0.59273097478818,0.5927790142819941,0.5927017416901341,1.4281994142884002e-08,1.4281994142884002e-05
4.5,0.00048101605530914693,-0.00047716615435522414,5.8370532455737784e-05,0.5927206466528773,0.592779017185333,0.5926953861768722,1.718533304551073e-08,1.718533304551073e-05
4.5200000000000005,0.00040830430893668,-0.00040541516624381657,6.728246188069352e-05,0.5927117372158032,0.5927790196776839,0.5926906469384959,1.9677683926744294e-08,1.9677683926744294e-05
4.54,0.00033281828871056796,-0.00033088751909060576,7.470644324475504e-05,0.5927043152972464,0.5927790217404912,0.5926875180750233,2.1740491296107223e-08,2.1740491296107223e-05
4.5600000000000005,0.00025587095624735046,-0.00025488136045792587,8.060021650291294e-05,0.5926984231463043,0.5927790233628072,0.5926859688874546,2.336280724435369e-08,2.336280724435369e-05
4.58,0.00017873326608353057,-0.00017865382964910026,8.49474475722034e-05,0.5926940770935154,0.5927790245410876,0.5926859455795253,2.4541087606522183e-08,2.4541087606522183e-05
4.6000000000000005,0.00010261643626308103,-0.00010340349427861995,8.775670376849447e-05,0.5926912685751123,0.5927790252788808,0.592687373235374,2.527888087744401e-08,2.527888087744401e-05
4.62,2.8656024303908012e-05,-3.0254565833054414e-05,8.906009181908724e-05,0.592689965494604,0.592779025586423,0.5926901580286765,2.558642309136161e-08,2.558642309136161e-05
4.64,-4.21020324024024e-05,3.975694748392655e-05,8.891159631811696e-05,0.592690113883831,0.592779025480149,0.5926941896174323,2.5480149101753113e-08,2.5480149101753113e-05
4.66,-0.00010871329119321871,0.0001056950305509119,8.738515929072443e-05,0.5926916398228396,0.5927790249821303,0.5926993436779252,2.4982130364392674e-08,2.4982130364392674e-05
4.68,-0.00017034451159358976,0.0001667333115853431,8.45725435592165e-05,0.5926944515758934,0.5927790241194526,0.5927054845315008,2.4119452657345164e-08,2.4119452657345164e-05
4.7,-0.00022628115129086357,0.00022216252797990776,8.058102386672341e-05,0.5926984418996805,0.5927790229235472,0.5927124678186797,2.292354728261614e-08,2.292354728261614e-05
4.72,-0.00027593264295566744,0.0002713957992872551,7.553095022877227e-05,0.5927034904792576,0.5927790214294864,0.592720143176578,2.142948640759812e-08,2.142948640759812e-05
4.74,-0.0003188354791567871,0.0003139717332492076,6.955322778009858e-05,0.5927094664474772,0.5927790196752574,0.592728356877785,1.9675257423301673e-08,1.9675257423301673e-05
4.76,-0.0003546541654618762,0.00034955542349823787,6.27867565010827e-05,0.5927162309445259,0.5927790177010269,0.5927369543914669,1.7701026977512413e-08,1.7701026977512413e-05
4.78,-0.000383180132034866,0.0003779374273307212,5.53758726928805e-05,0.592723639675715,0.5927790155484078,0.592745782830635,1.5548407894527827e-08,1.5548407894527827e-05
4.8,-0.0004043287214083868,0.0003990308391501607,4.746783197754744e-05,0.5927315454277616,0.5927790132597391,0.5927546932530693,1.325973919552581e-08,1.325973919552581e-05
4.82,-0.0004181343942747384,0.0004128665991265379,3.9210370990105416e-05,0.5927398005064011,0.5927790108773912,0.5927635427872672,1.0877391209973553e-08,1.0877391209973553e-05
4.84,-0.00042474431590577844,0.0004195871972467735,3.0749381869789316e-05,0.5927482590612334,0.5927790084431032,0.592772196558922,8.443103216571046e-09,8.443103216571046e-06
4.86,-0.0004244105030154488,0.0004194389499869722,2.2226730217614864e-05,0.592756779267147,0.5927790059973645,0.5927805293977633,5.997364604937161e-09,5.997364604937161e-06
4.88,-0.00041748072444225404,0.00041276304037607403,1.3778243439226123e-05,0.5927652253354063,0.5927790035788455,0.5927884273089988,3.5788455532426156e-09,3.5788455532426156e-06
4.9,-0.00040438835890033165,0.00039998552205222637,5.5318924092389796e-06,0.5927734693314749,0.5927790012238842,0.592795788698041,1.2238842161949037e-09,1.2238842161949037e-06
4.92,-0.00038564141926655804,0.0003816064941339903,-2.393814750162142e-06,0.5927813927807859,0.5927789989660357,0.5928025253416213,-1.0339642475543087e-09,-1.0339642475543087e-06
4.94,-0.0003618109555368898,0.00035818865652936793,-9.891212215649287e-06,0.5927888880479031,0.5927789968356875,0.5928085631026556,-3.164312478709519e-09,-3.164312478709519e-06
4.96,-0.0003335190477764538,0.0003303454544818507,-1.68646190234047e-05,0.5927958594787639,0.5927789948597405,0.5928138423903911,-5.140259440317152e-09,-5.140259440317152e-06
4.98,-0.00030142659638743297,0.000298729017457422,-2.3231238534310653e-05,0.5928022242998975,0.5927789930613632,0.5928183183711969,-6.938636776254725e-09,-6.938636776254725e-06
5.0,-0.0002662211098958256,0.0002640180902759859,-2.892181278283095e-05,0.5928079132725973,0.5927789914598145,0.5928183183711969,-8.540185447714066e-09,-8.540185447714066e-06
