run_label,target,kernel,acquisition,seed,total_evaluations,initial_points,bo_iterations,total_wall_time_s,mean_iteration_time_s,mean_simulation_time_s,mean_gp_fit_time_s,mean_acquisition_time_s,best_target_error_mm,best_peak_y_true,best_max_abs_xr_true,best_residual_margin_mm,best_feasible_abs,benchmark,kernel_label,acquisition_label,budget,gp_alpha
kernel_Matern32_target0550_seed2026,0.55,matern32,pi,2026,100,20,80,54.125470800092444,0.5411612369911745,0.43644473599269984,0.0993417140096426,0.005263769996818155,0.09372475740665465,0.5500937247574067,0.4865658759652536,13.43412403474642,True,kernel,Matern 3/2,PI,100,1e-08
kernel_Matern32_target0550_seed2027,0.55,matern32,pi,2027,100,20,80,49.438208899926394,0.4942983970092609,0.38822228100150824,0.10083486399846152,0.005134572014212608,0.07181187984894866,0.5499281881201511,0.47815993473379675,21.840065266203247,True,kernel,Matern 3/2,PI,100,1e-08
kernel_Matern52_target0550_seed2026,0.55,matern,pi,2026,100,20,80,55.77995419991203,0.5577230529929511,0.4422741549974307,0.1094823110010475,0.005856562985572964,0.013178931852264597,0.5499868210681478,0.49310323693803393,6.896763061966071,True,kernel,Matern 5/2,PI,100,1e-08
kernel_Matern52_target0550_seed2027,0.55,matern,pi,2027,100,20,80,56.229519800050184,0.5622105810022913,0.4383949319878593,0.11781635699095204,0.005887729001697153,0.14932999889638587,0.5498506700011037,0.48078820762010127,19.21179237989873,True,kernel,Matern 5/2,PI,100,1e-08
kernel_RBF_target0550_seed2026,0.55,rbf,pi,2026,100,20,80,63.0533966999501,0.6304466639878228,0.4561530430149287,0.16956237000878902,0.004619645995553583,0.14029498527523554,0.5501402949852753,0.48834598604042395,11.654013959576048,True,kernel,RBF,PI,100,1e-08
kernel_RBF_target0550_seed2027,0.55,rbf,pi,2027,100,20,80,60.29470620001666,0.602854979983531,0.45584450498921797,0.14199922400526702,0.004898717005271464,0.00716860727612012,0.5500071686072762,0.4897370841606225,10.262915839377495,True,kernel,RBF,PI,100,1e-08
kernel_Matern32_target0600_seed2026,0.6,matern32,pi,2026,100,20,80,56.73303949995898,0.5672413469920866,0.4413995279930532,0.12015760600799695,0.005571097007486969,0.4943135123394171,0.6004943135123394,0.4735772176411102,26.422782358889783,True,kernel,Matern 3/2,PI,100,1e-08
kernel_Matern32_target0600_seed2027,0.6,matern32,pi,2027,100,20,80,54.783975899918005,0.5477492640074343,0.4244459449895658,0.11770943800453097,0.0054805120127275585,0.05248528989376666,0.5999475147101062,0.49348703457899484,6.512965421005157,True,kernel,Matern 3/2,PI,100,1e-08
kernel_Matern52_target0600_seed2026,0.6,matern,pi,2026,100,20,80,59.92661729990505,0.5991774669988081,0.45917169699911026,0.13381105300504714,0.006077459009829909,0.058645359522713214,0.6000586453595227,0.48327383521447703,16.72616478552297,True,kernel,Matern 5/2,PI,100,1e-08
kernel_Matern52_target0600_seed2027,0.6,matern,pi,2027,100,20,80,59.67962309997529,0.596710043004714,0.4636806620005518,0.12680034500313922,0.006114889993332326,0.05145191207889255,0.5999485480879211,0.4786333278269924,21.366672173007583,True,kernel,Matern 5/2,PI,100,1e-08
kernel_RBF_target0600_seed2026,0.6,rbf,pi,2026,100,20,80,61.32916580000892,0.6131921369838529,0.4895856719953008,0.11860415600473061,0.004881657003425062,0.6136102416632871,0.6006136102416633,0.48953833851585754,10.461661484142459,True,kernel,RBF,PI,100,1e-08
kernel_RBF_target0600_seed2027,0.6,rbf,pi,2027,100,20,80,68.02115100016817,0.6801137660047971,0.49742443399270997,0.1773885780083947,0.005173839018680155,0.15800632512208423,0.5998419936748779,0.47711884770106855,22.88115229893145,True,kernel,RBF,PI,100,1e-08
kernel_Matern32_target0650_seed2026,0.65,matern32,pi,2026,100,20,80,61.52604029979557,0.6151698459801264,0.4753110590041615,0.13345431599067525,0.006280663996003568,4.74511902950403,0.645254880970496,0.49871795385705175,1.2820461429482455,True,kernel,Matern 3/2,PI,100,1e-08
kernel_Matern32_target0650_seed2027,0.65,matern32,pi,2027,100,20,80,59.303598599974066,0.592951361995656,0.4820515829930082,0.10478103001834825,0.005988658992573619,0.3645731713365352,0.6503645731713366,0.4933586965957417,6.641303404258281,True,kernel,Matern 3/2,PI,100,1e-08
kernel_Matern52_target0650_seed2026,0.65,matern,pi,2026,100,20,80,55.88637789990753,0.5587844770075754,0.42407817400060593,0.12851249299943446,0.006078788989689201,0.2864082469692386,0.6497135917530308,0.49570689348336605,4.293106516633949,True,kernel,Matern 5/2,PI,100,1e-08
kernel_Matern52_target0650_seed2027,0.65,matern,pi,2027,100,20,80,55.25656749983318,0.5524737249873578,0.4332961230003275,0.11266596800182015,0.00638717700028792,0.0900145665150287,0.650090014566515,0.496547367679545,3.452632320455007,True,kernel,Matern 5/2,PI,100,1e-08
kernel_RBF_target0650_seed2026,0.65,rbf,pi,2026,100,20,80,65.06665439996868,0.6505778729938902,0.45946500401478263,0.1862267809920013,0.004761727000586688,0.0784489717036152,0.6500784489717036,0.49352370475338486,6.476295246615138,True,kernel,RBF,PI,100,1e-08
kernel_RBF_target0650_seed2027,0.65,rbf,pi,2027,100,20,80,66.30826060008258,0.6629956729989499,0.48575509199872613,0.17238688500598073,0.004739032001234591,0.42091752909045876,0.6495790824709096,0.49568556548731496,4.31443451268504,True,kernel,RBF,PI,100,1e-08
kernel_Matern32_target0700_seed2026,0.7,matern32,pi,2026,100,20,80,53.62803189991973,0.5361917619989254,0.4039421980152838,0.12653255301062016,0.00560223100008443,54.517785532068984,0.645482214467931,0.49920518646224704,0.7948135377529586,True,kernel,Matern 3/2,PI,100,1e-08
kernel_Matern32_target0700_seed2027,0.7,matern32,pi,2027,100,20,80,55.4600325000938,0.5545171529892832,0.4380303470068611,0.11072070099646225,0.0056490510096773505,40.84194131349705,0.6591580586865029,0.4993204807548021,0.6795192451978793,True,kernel,Matern 3/2,PI,100,1e-08
kernel_Matern52_target0700_seed2026,0.7,matern,pi,2026,100,20,80,58.25235189986415,0.5824221780057997,0.4340133449807763,0.141821069996804,0.006466819995548576,41.586233818360576,0.6584137661816394,0.49927314050227006,0.726859497729937,True,kernel,Matern 5/2,PI,100,1e-08
kernel_Matern52_target0700_seed2027,0.7,matern,pi,2027,100,20,80,56.303127699997276,0.5629454059945419,0.4361729960190132,0.12048958398867399,0.0061631089937873185,32.610770868412466,0.6673892291315875,0.4997349657626518,0.265034237348194,True,kernel,Matern 5/2,PI,100,1e-08
kernel_RBF_target0700_seed2026,0.7,rbf,pi,2026,100,20,80,61.19015079992823,0.6118188470089808,0.43624841099139305,0.17071644000476227,0.0047413000068627295,37.52700269075615,0.6624729973092438,0.49916916873259726,0.8308312674027429,True,kernel,RBF,PI,100,1e-08
kernel_RBF_target0700_seed2027,0.7,rbf,pi,2027,100,20,80,62.76795020001009,0.6275875469995662,0.4423194509814493,0.18045864599756897,0.004694590989965945,41.512219956397864,0.6584877800436021,0.49827433678281413,1.7256632171858688,True,kernel,RBF,PI,100,1e-08
kernel_Matern32_target0750_seed2026,0.75,matern32,pi,2026,100,20,80,57.870905400021,0.5786208729911596,0.44791827199282125,0.12474284402560443,0.0058434809884056445,96.20725040339151,0.6537927495966085,0.4990632309490472,0.9367690509528015,True,kernel,Matern 3/2,PI,100,1e-08
kernel_Matern32_target0750_seed2027,0.75,matern32,pi,2027,100,20,80,48.981115699978545,0.4897190580144525,0.37107244598912076,0.11295646501006558,0.005573974987491966,73.08534240321396,0.676914657596786,0.49994012588828807,0.0598741117119328,True,kernel,Matern 3/2,PI,100,1e-08
kernel_Matern52_target0750_seed2026,0.75,matern,pi,2026,100,20,80,55.82193960016593,0.558138871002011,0.4133472749963403,0.13862924200715498,0.00604626998770982,114.20937494200744,0.6357906250579926,0.497272421912026,2.7275780879740252,True,kernel,Matern 5/2,PI,100,1e-08
kernel_Matern52_target0750_seed2027,0.75,matern,pi,2027,100,20,80,54.433198699960485,0.5442433040007018,0.4112164669949561,0.12688459699973464,0.006030445992946625,90.28375867372051,0.6597162413262795,0.49988324174500387,0.1167582549961299,True,kernel,Matern 5/2,PI,100,1e-08
kernel_RBF_target0750_seed2026,0.75,rbf,pi,2026,100,20,80,60.27392100007273,0.6026455799909308,0.4305573900043964,0.16730896900640801,0.004664280998986215,93.05349587845157,0.6569465041215484,0.4997459773522488,0.2540226477512064,True,kernel,RBF,PI,100,1e-08
kernel_RBF_target0750_seed2027,0.75,rbf,pi,2027,100,20,80,57.498371799942106,0.5748935289750807,0.43854535000864414,0.13090045099845157,0.0053331089904531835,79.6503154324143,0.6703496845675857,0.49877840533828754,1.2215946617124551,True,kernel,RBF,PI,100,1e-08
