epoch,train_loss,train_peak_y_loss,train_max_abs_xr_loss,val_loss,val_peak_y_loss,val_max_abs_xr_loss
1,0.7592458163990694,0.7108587657704073,0.8076328687808093,0.3736444115638733,0.3712191879749298,0.3760696053504944
2,0.3720991690369213,0.2891176640987396,0.45508064636412787,0.20747597515583038,0.24344047904014587,0.1715114265680313
3,0.2376769325312446,0.20352949333541534,0.27182437873938503,0.17966602742671967,0.21372799575328827,0.14560404419898987
4,0.19541362673044205,0.17404161481296315,0.216785636237439,0.14014483988285065,0.17529208958148956,0.10499759018421173
5,0.17294211729484446,0.15517985382500818,0.19070438470910578,0.120304174721241,0.15334035456180573,0.08726798743009567
6,0.15935697187395656,0.15158814323299072,0.16712579350261128,0.11145825684070587,0.14205127954483032,0.08086524158716202
7,0.13419286293141983,0.13177293276085572,0.1366128003334298,0.10125979781150818,0.13086701929569244,0.07165256142616272
8,0.1154330973239506,0.11926372217781403,0.11160247159354827,0.0876338928937912,0.11867047101259232,0.05659731850028038
9,0.10427262371077257,0.10810179920757518,0.10044344821396996,0.08623076230287552,0.11309205740690231,0.05936948582530022
10,0.0925277509890935,0.09596383144312046,0.08909166823415195,0.07464446872472763,0.09869176894426346,0.050597190856933594
11,0.0885916823411689,0.09436405932202059,0.08281930820906863,0.07063562422990799,0.09252674877643585,0.048744503408670425
12,0.07826650405631345,0.08252715516616316,0.0740058576578603,0.06716413050889969,0.09237153828144073,0.04195671156048775
13,0.07201830078573788,0.07756490523324293,0.06647169600953073,0.062290675938129425,0.08436036109924316,0.04022098705172539
14,0.06756961772985318,0.07265785161186666,0.06248138384783969,0.05523628368973732,0.07088755816221237,0.03958500921726227
15,0.06187610656899564,0.06567262660931139,0.058079589706133396,0.051055144518613815,0.06579922884702682,0.036311063915491104
16,0.05575515264097382,0.0572622514275067,0.05424805434749407,0.05006476491689682,0.061221733689308167,0.03890778869390488
17,0.053109150379896164,0.05530323745573268,0.05091506166054922,0.04313424602150917,0.05569475516676903,0.030573731288313866
18,0.04739548539852395,0.04891124291016775,0.04587972810601487,0.044767703860998154,0.05531187355518341,0.034223541617393494
19,0.04388729406192022,0.04641229856540175,0.04136228818884667,0.03771727904677391,0.0468018613755703,0.028632689267396927
20,0.043357827645890856,0.0434452849714195,0.04327036944382331,0.039672303944826126,0.04422316327691078,0.03512144833803177
21,0.0399049728670541,0.03887511965106515,0.04093482685001457,0.03425602987408638,0.040326934307813644,0.028185125440359116
22,0.037728311932262254,0.03840470215415254,0.03705192269647822,0.03230789303779602,0.0367230549454689,0.02789272926747799
23,0.03540308609166566,0.03509892468505046,0.03570724716957878,0.03166214004158974,0.036760326474905014,0.02656395174562931
24,0.033253322574583924,0.03277007983449627,0.03373656569815734,0.031670622527599335,0.03502111881971359,0.028320128098130226
25,0.030668838442686724,0.03132115523604786,0.030016521758892956,0.029085149988532066,0.033494602888822556,0.024675695225596428
26,0.030947617967339122,0.0320431510643924,0.029852085418122655,0.02741549350321293,0.030481480062007904,0.024349506944417953
27,0.02823055283549954,0.02896498592899126,0.027496119468089414,0.025722362101078033,0.029223032295703888,0.02222168631851673
28,0.028540735516478035,0.030182284686495277,0.026899187277783367,0.025947241112589836,0.028976453468203545,0.02291802316904068
29,0.02672642403665711,0.027605550199308816,0.02584729716181755,0.028203247115015984,0.03193593770265579,0.024470556527376175
30,0.028844427865217712,0.02730089267167975,0.030387963661376166,0.02703765220940113,0.02806360274553299,0.026011699810624123
31,0.02723212370320278,0.025513827910318095,0.028950419496087468,0.02451685443520546,0.026127517223358154,0.022906193509697914
32,0.02572539130992749,0.024231238455018577,0.027219543014379108,0.02356536313891411,0.025743013247847557,0.02138771302998066
33,0.02420541671488215,0.02313835875076406,0.02527247473378392,0.023429062217473984,0.025721607729792595,0.021136516705155373
34,0.02479765618986943,0.023693628992666218,0.025901683277505284,0.02367722988128662,0.026270831003785133,0.021083630621433258
35,0.02254102740655927,0.023018017849501443,0.022064036689698696,0.022259928286075592,0.02347434312105179,0.021045511588454247
36,0.022810364251627642,0.021645804374095273,0.02397492484134786,0.021985623985528946,0.023325661197304726,0.020645588636398315
37,0.021808637744363618,0.021952368154683533,0.021664905361831188,0.022738847881555557,0.026305904611945152,0.019171787425875664
38,0.020628540447967893,0.02256018898504622,0.0186968912534854,0.021537024527788162,0.024230342358350754,0.01884370483458042
39,0.01987172948086963,0.021754952531088802,0.017988505554111564,0.020775945857167244,0.02207471989095211,0.01947716809809208
40,0.018579692908507937,0.019060349256238517,0.01809903565684662,0.021742558106780052,0.02379443496465683,0.019690684974193573
41,0.018000950982027194,0.01934080713373773,0.016661094775532976,0.019900821149349213,0.02111947350203991,0.01868216134607792
42,0.01786328896003611,0.019401936244000408,0.01632464222390862,0.02067490667104721,0.022918621078133583,0.01843119226396084
43,0.017597216263632563,0.019031262901775977,0.016163169050260502,0.022207088768482208,0.026121914386749268,0.018292265012860298
44,0.017315561499665764,0.018753771889297402,0.015877350562197322,0.019475918263196945,0.021338442340493202,0.01761339232325554
45,0.016366739702575347,0.017794406096286634,0.014939072815810932,0.018990950658917427,0.02005835250020027,0.017923550680279732
46,0.016999421586446902,0.018038695952033296,0.015960147604346275,0.019800884649157524,0.019909465685486794,0.019692303612828255
47,0.017382225733907783,0.017438636216170648,0.017325814429889706,0.022818297147750854,0.02416977845132351,0.02146681770682335
48,0.016948580358396557,0.017300994135439396,0.01659616767702734,0.01843845285475254,0.019613977521657944,0.017262931913137436
49,0.01595451606108862,0.017074159565655625,0.014834873378276825,0.018008533865213394,0.01867206022143364,0.01734500750899315
50,0.01499983503976289,0.01608163329279598,0.013918036430635872,0.019025539979338646,0.020609211176633835,0.017441872507333755
51,0.014633066294824375,0.01566315543673494,0.013602977070738287,0.019854392856359482,0.02133159711956978,0.018377192318439484
52,0.01436136060339563,0.015840145622325295,0.01288257577620885,0.018412623554468155,0.01961379684507847,0.017211446538567543
53,0.014217559522127403,0.015151264995117398,0.013283853364341399,0.017980238422751427,0.01933758147060871,0.016622891649603844
54,0.014003761742702302,0.015152787597959532,0.012854734983514337,0.017960822209715843,0.019202986732125282,0.016718655824661255
55,0.013245990417678566,0.014393466675434919,0.012098513762740529,0.019182618707418442,0.02013183757662773,0.018233397975564003
56,0.013628986088887733,0.015452794840230662,0.011805177337544806,0.018542278558015823,0.019782865419983864,0.017301686108112335
57,0.014512402991599897,0.015518936958602247,0.013505868723287302,0.018720898777246475,0.0207228884100914,0.01671891286969185
58,0.012762949582846725,0.014550853931509396,0.0109750455354943,0.01749713532626629,0.01830996386706829,0.016684306785464287
59,0.012167863164316206,0.013426974360995433,0.01090875152936753,0.01651754602789879,0.01780926249921322,0.015225832350552082
60,0.012298024067764772,0.013564735787975438,0.011031312155811226,0.01723261922597885,0.018957888707518578,0.015507346019148827
61,0.011811058091766694,0.013493854771642125,0.010128261877552551,0.017526065930724144,0.01887667365372181,0.016175461933016777
62,0.011907643693334916,0.013426626731148538,0.010388660436386572,0.017652761191129684,0.019071154296398163,0.016234371811151505
63,0.011627579463974518,0.013163940159275252,0.010091218741281945,0.018340714275836945,0.019443849101662636,0.017237581312656403
64,0.011518425499910818,0.013116304735269617,0.009920545881066252,0.015769725665450096,0.017295492812991142,0.014243954792618752
65,0.011978806955192019,0.013937954544363654,0.010019659653634709,0.01917869783937931,0.021622763946652412,0.016734635457396507
66,0.011997131411643588,0.014483828179757385,0.009510434095692985,0.016751229763031006,0.01796025037765503,0.015542207285761833
67,0.01120078399339143,0.012940739528002107,0.009460828239646028,0.01705474592745304,0.018230656161904335,0.015878835693001747
68,0.01072008181911181,0.012286107987165451,0.009154056554988903,0.01681569032371044,0.018629688769578934,0.015001692809164524
69,0.010476267102229245,0.012312140233595581,0.008640393642160822,0.017158858478069305,0.018885184079408646,0.01543253194540739
70,0.010225445771699442,0.01201085968162207,0.008440031423507369,0.016409950330853462,0.017273088917136192,0.015546812675893307
71,0.010804041042266524,0.013251460047767442,0.008356622228508486,0.016892006620764732,0.01744171604514122,0.016342295333743095
72,0.01178615408785203,0.014618736404158613,0.008953571785241365,0.01912814751267433,0.022277401760220528,0.015978893265128136
73,0.010725555256666505,0.013192298027741559,0.008258812595158815,0.01620877906680107,0.018269164487719536,0.014148392714560032
74,0.01123933935099665,0.014085139120545457,0.008393539184266153,0.016715198755264282,0.01823105290532112,0.015199347399175167
75,0.009879766634720214,0.012058404767337967,0.007701128885588225,0.016705024987459183,0.018437616527080536,0.014972429722547531
76,0.009429984890362796,0.011264319367268506,0.0075956500299713195,0.01569128781557083,0.017110401764512062,0.014272177591919899
77,0.008946992429521154,0.010724185582469492,0.0071697990574380935,0.016531696543097496,0.017811132594943047,0.015252259559929371
78,0.008983697632656377,0.010816862614934935,0.0071505324038512565,0.017052073031663895,0.01744978502392769,0.01665435917675495
79,0.00878136309192461,0.010615863399032284,0.006946862558834255,0.01651610992848873,0.017548291012644768,0.015483926981687546
80,0.009261048618046677,0.01125439242733752,0.007267704096567982,0.016481850296258926,0.01702687330543995,0.01593683287501335
81,0.008862479781622397,0.010895101627444519,0.006829858017975793,0.01676166243851185,0.019413206726312637,0.014110119082033634
82,0.009438427932122174,0.011513944550910416,0.007362911696819698,0.015628311783075333,0.017222164198756218,0.014034460298717022
83,0.008696423706543796,0.010179122909903526,0.007213724475792225,0.015930620953440666,0.017141086980700493,0.014720153994858265
84,0.008783044320914675,0.010602717835675268,0.00696337003918255,0.015278060920536518,0.01638665795326233,0.014169463887810707
85,0.008713089148787892,0.010830946978839004,0.006595231346128618,0.015351277776062489,0.01674005016684532,0.013962501659989357
86,0.008425354108433513,0.010235730695593007,0.006614977384314817,0.01698366366326809,0.01841793768107891,0.01554939430207014
87,0.008544386309735915,0.011219136334736557,0.005869636476478156,0.016145160421729088,0.016808541491627693,0.015481778420507908
88,0.00843503950711559,0.010259063613107976,0.006611015455906882,0.015662781894207,0.016748199239373207,0.014577364549040794
89,0.00821020280230133,0.009738115539007327,0.006682289901244289,0.015130819752812386,0.015981895849108696,0.01427974458783865
90,0.008153408176868278,0.009534794426358798,0.006772022351951283,0.015966303646564484,0.015894941985607147,0.01603766903281212
91,0.0077443234074641674,0.009267090518465814,0.006221556255374761,0.01595272123813629,0.017015546560287476,0.014889895915985107
92,0.007786715745597202,0.009112311581916669,0.0064611196627511695,0.01730526052415371,0.01936141587793827,0.015249102376401424
93,0.007810769027427715,0.009843585875761859,0.005777951959958848,0.015320736914873123,0.016599951311945915,0.014041523449122906
94,0.007994932971675606,0.01046989967717844,0.00551996604703805,0.015663200989365578,0.01644902676343918,0.014877377077937126
95,0.007594927734531024,0.009355353657156229,0.005834501387332292,0.014169148169457912,0.014760649763047695,0.013577649369835854
96,0.007491283173508504,0.009386356783044688,0.005596209536580478,0.014624162577092648,0.01514576654881239,0.014102558605372906
97,0.007197857943966109,0.008729410522124347,0.005666305064497625,0.014781896956264973,0.016210105270147324,0.013353685848414898
98,0.007044879774398664,0.008766971912015887,0.005322787143728312,0.015022767707705498,0.016361571848392487,0.013683962635695934
99,0.006936759633176467,0.00869044110945919,0.005183078403420308,0.01453638169914484,0.015512252226471901,0.013560512103140354
100,0.006999958703732666,0.009131092550780843,0.004868825144298813,0.01513174269348383,0.01634165085852146,0.013921832665801048
101,0.006692264817983788,0.008451662348199855,0.0049328672124401615,0.01496113557368517,0.01657320372760296,0.013349066488444805
102,0.006813759148559149,0.008505386546911561,0.005122132174780264,0.015304994769394398,0.015805311501026154,0.014804675243794918
103,0.006938038297983653,0.008710917030625483,0.005165159784476547,0.014722823165357113,0.015553208068013191,0.013892438262701035
104,0.0065238362671259575,0.008240320007590687,0.00480735266362043,0.014113207347691059,0.014458379708230495,0.013768034987151623
105,0.006541893790092538,0.008337998749030864,0.004745788502452128,0.014963916502892971,0.016382792964577675,0.013545037247240543
106,0.0069842926664825744,0.00939700023873764,0.00457158503944383,0.016688823699951172,0.01980932615697384,0.013568317517638206
107,0.007052903118378976,0.009042627753361183,0.005063178414917167,0.014915848150849342,0.01662214659154415,0.013209549710154533
108,0.0068767808843404055,0.008827686460469575,0.0049258751438601926,0.015627052634954453,0.01711519993841648,0.014138903468847275
109,0.007046677829588161,0.008617828107055496,0.005475527456249385,0.014626576565206051,0.015446322970092297,0.01380682922899723
110,0.006434806649956633,0.008336163701160866,0.00453344958505648,0.014119166880846024,0.01565402001142502,0.012584314681589603
111,0.006335331017480177,0.00792445258840042,0.004746209378080333,0.013470861129462719,0.014011964201927185,0.012929758988320827
112,0.006317113087896039,0.007933820666307035,0.004700405057519674,0.013467309065163136,0.014317107386887074,0.012617508880794048
113,0.006321497727185488,0.007888811448698534,0.00475418395088876,0.014792867936193943,0.01609211228787899,0.013493622653186321
114,0.006256553084206055,0.007919639499638887,0.004593466846820186,0.013362301513552666,0.01389829907566309,0.012826303020119667
115,0.006122619529966922,0.0072738994323812865,0.004971339463201516,0.014098367653787136,0.01480040978640318,0.013396328315138817
116,0.005963492590714903,0.007319797638475019,0.004607186762287337,0.014575514011085033,0.015407088212668896,0.013743942603468895
117,0.005964350133367321,0.00786862856544116,0.0040600711397607535,0.015272198244929314,0.016141001135110855,0.014403398148715496
118,0.006738397196921355,0.0092076794244349,0.0042691150926710926,0.014511934481561184,0.014752481132745743,0.014271389693021774
119,0.005753141266348607,0.0069497146041077726,0.004556567640975118,0.014035632833838463,0.014700156636536121,0.01337110809981823
120,0.00550618178813773,0.006836876341634814,0.004175487193552887,0.014585286378860474,0.014362040907144547,0.0148085318505764
121,0.005902656093787621,0.0075214557650992095,0.004283855943118825,0.015446706674993038,0.016347892582416534,0.014545521698892117
122,0.005582451697110254,0.006853170912055408,0.0043117321945507735,0.01628517173230648,0.017160499468445778,0.015409845858812332
123,0.005927307462758001,0.00709983435295084,0.004754780764308046,0.015256577171385288,0.016584856435656548,0.013928300701081753
124,0.006058783229330883,0.007959865595159285,0.004157700623823877,0.014978533610701561,0.01519100833684206,0.014766058884561062
125,0.005670666776816635,0.006545832901097396,0.0047955008442787566,0.013678701594471931,0.0142924003303051,0.013065004721283913
126,0.005356952246716794,0.006505534052848816,0.004208370454280692,0.013473554514348507,0.014300188049674034,0.012646917253732681
127,0.005340608494246707,0.006731042802772101,0.00395017522661125,0.015019070357084274,0.01575096696615219,0.014287170022726059
128,0.005108302541296272,0.006237927413381198,0.003978677559643984,0.01450700405985117,0.015029354952275753,0.013984651304781437
129,0.005047607235610485,0.006050471038393238,0.004044743487611413,0.014085233211517334,0.015418829396367073,0.012751637026667595
130,0.005352236097678542,0.00669279638403917,0.004011675468919908,0.014265129342675209,0.015544025227427483,0.01298623438924551
131,0.005067932529046255,0.00632162464727812,0.0038142408490838375,0.014224226586520672,0.015086229890584946,0.0133622195571661
132,0.0047283883014803425,0.0060722281718078785,0.0033845484311528064,0.013650444336235523,0.015332451090216637,0.01196843571960926
133,0.004855331307386651,0.006222662461154601,0.003488000304273823,0.0137500474229455,0.01542041078209877,0.012079684063792229
134,0.004902579917517655,0.0060369717505048305,0.0037681883310570438,0.014120552688837051,0.015859687700867653,0.012381416745483875
135,0.004640616517623558,0.005725164103376514,0.0035560687812154785,0.014305712655186653,0.015123890712857246,0.013487533666193485
136,0.0045849279336193025,0.0056550370474510335,0.0035148190800100565,0.013696042820811272,0.014942586421966553,0.012449497357010841
137,0.004678044057286838,0.005870882065638024,0.003485206268070375,0.013921122997999191,0.015589059330523014,0.01225318294018507
138,0.00468397226787227,0.006016509497866911,0.0033514354761470765,0.013746554031968117,0.01515857595950365,0.012334532104432583
139,0.004558191018398194,0.005798414103029405,0.00331796779680778,0.014649690128862858,0.015865372493863106,0.013434009626507759
140,0.00461536247338004,0.005737145540907103,0.003493579392157057,0.01436697505414486,0.01569349132478237,0.013040461577475071
141,0.0044369597179705605,0.005840919035322526,0.0030330002088757124,0.013727515935897827,0.015763483941555023,0.011691545136272907
142,0.004394445691586417,0.0054532992311150715,0.0033355924328241277,0.014468997716903687,0.01567070558667183,0.013267290778458118
143,0.0052076641004532576,0.006910562857656795,0.003504765617168125,0.013319531455636024,0.0147239426150918,0.011915120296180248
144,0.004637535620371208,0.006130136302946245,0.0031449348967084114,0.014113197103142738,0.016157370060682297,0.012069019488990307
145,0.004240035271162496,0.005331908229409772,0.003148162429330542,0.014106059446930885,0.015828656032681465,0.01238346192985773
146,0.004255931482047719,0.005448084639604478,0.0030637782834032003,0.014079534448683262,0.015511191450059414,0.01264787744730711
147,0.004224376369486837,0.005044899113914546,0.0034038538168020107,0.013131882064044476,0.014295895583927631,0.011967867612838745
148,0.00430752568439964,0.0053627010270514905,0.0032523501773967464,0.014745023101568222,0.015849584713578224,0.013640458695590496
149,0.004112126798752476,0.005217371029121911,0.0030068824999034405,0.014710307121276855,0.016227412968873978,0.01319319847971201
150,0.0047676014056538835,0.005750069257748478,0.0037851334987756085,0.01378206629306078,0.01577913761138916,0.011784996837377548
151,0.0045245502226273805,0.005847460713566226,0.003201639800168136,0.014132841490209103,0.016700036823749542,0.011565645225346088
152,0.004485444124678478,0.00583156113348463,0.003139326917281484,0.015048947185277939,0.015827424824237823,0.014270465821027756
153,0.004202383255366893,0.004896015860140324,0.003508750321891378,0.01572582684457302,0.017651723697781563,0.013799930922687054
154,0.00442221512853661,0.005773712271440993,0.00307071817737511,0.012964317575097084,0.01466482225805521,0.011263813823461533
155,0.004192774334703298,0.005404239520430565,0.002981309361262795,0.012960732914507389,0.013690298423171043,0.012231169268488884
156,0.004006839247749132,0.005221594700261074,0.002792083719909629,0.014151912182569504,0.015699222683906555,0.012604602612555027
157,0.004179700537968208,0.005479302764048471,0.002880098476238987,0.013355388306081295,0.015450632199645042,0.011260141618549824
158,0.004262681735460372,0.005199721247396048,0.0033256421413491756,0.014046060852706432,0.01417976152151823,0.013912362046539783
159,0.004247392582542756,0.004734307835700319,0.0037604774868882753,0.016545845195651054,0.015250291675329208,0.0178414024412632
160,0.004469850552542245,0.004904423641753109,0.004035277579746702,0.013084262609481812,0.014206438325345516,0.011962085962295532
161,0.004152918604257352,0.0052884402821826585,0.0030173966524136417,0.012993906624615192,0.014555045403540134,0.011432768777012825
162,0.003971365636543316,0.005062576246393078,0.0028801552732201185,0.01397302933037281,0.015799231827259064,0.012146828696131706
163,0.0036772815510630608,0.004789813024484936,0.0025647500502493452,0.013235610909759998,0.014989298768341541,0.011481923051178455
164,0.0035014842116438292,0.00451619056163027,0.002486777731546146,0.013378044590353966,0.014764701947569847,0.011991390027105808
165,0.003596071824979256,0.004561503280830734,0.002630640211624696,0.013744157738983631,0.015913108363747597,0.011575205251574516
166,0.0039196060559548,0.005180603673900752,0.0026586083147455662,0.013869422487914562,0.014304490759968758,0.01343435700982809
167,0.0036508175407481544,0.004321268026936142,0.002980366999776486,0.013859794475138187,0.014516258612275124,0.013203333131968975
168,0.005449127173051238,0.008285141817074926,0.00261311255641939,0.015385161153972149,0.019747702404856682,0.011022617109119892
169,0.006965682074865874,0.01091574678909691,0.003015617627705283,0.014802024699747562,0.01621190644800663,0.013392140157520771
170,0.004255972172626678,0.005786870387108887,0.0027250737937934257,0.012751605361700058,0.014901666902005672,0.010601541958749294
171,0.003681694732650238,0.0046488294816192455,0.002714560127488392,0.013514581136405468,0.015108480118215084,0.011920684948563576
172,0.003312290070907158,0.004209319266545422,0.0024152608204852134,0.013292515650391579,0.015159397386014462,0.011425633914768696
173,0.0031214700669378917,0.003916883731589597,0.0023260561831514627,0.013563699088990688,0.01524941623210907,0.011877981945872307
174,0.0035358203150441542,0.004810897003421012,0.0022607435581876952,0.01310851238667965,0.014433780685067177,0.011783244088292122
175,0.004751767970018965,0.007272117935559329,0.0022314181756776046,0.0158352293074131,0.02023831382393837,0.011432146653532982
176,0.004918018985977944,0.007310061770326951,0.002525976092061576,0.014710293151438236,0.01781867817044258,0.01160191185772419
177,0.0037643061950802803,0.004728988922365448,0.0027996235979063544,0.013374182395637035,0.015413876622915268,0.011334489099681377
178,0.0036130286205340832,0.004612228134647012,0.0026138291269650355,0.014123606495559216,0.01632014662027359,0.01192706823348999
179,0.0032633326755946174,0.004276766263715485,0.0022498989916023087,0.012504756450653076,0.01452920027077198,0.010480312630534172
180,0.003118328325559988,0.0037197339868939973,0.002516922493026975,0.012954466976225376,0.015228799544274807,0.010680130682885647
181,0.0030788203824640196,0.003779812394093503,0.002377828302354935,0.013310142792761326,0.015507349744439125,0.011112933978438377
182,0.0030937142231885124,0.004003051243832006,0.0021843771751531784,0.013528691604733467,0.015371263958513737,0.011686120182275772
183,0.0027837699607891194,0.0034725420889170733,0.002094997736789724,0.013148823752999306,0.014807036146521568,0.011490611359477043
184,0.002765900708789773,0.0034220175379339386,0.002109783934429288,0.013383389450609684,0.016058534383773804,0.010708245448768139
185,0.0027384451480911057,0.003365049905636731,0.0021118403289138396,0.013481088913977146,0.016474030911922455,0.010488146916031837
186,0.0028471700737581532,0.0036541387192247543,0.0020402012570925497,0.0129423588514328,0.015425809659063816,0.010458904318511486
187,0.002914641155203914,0.003586651312242098,0.0022426308954463284,0.013527539558708668,0.015113940462470055,0.011941139586269855
188,0.002961035071433905,0.003908183685887386,0.002013886539155946,0.013582379557192326,0.01694215089082718,0.010222608223557472
189,0.0036570950315388687,0.005204425227609189,0.0021097649792757105,0.013084882870316505,0.015425299294292927,0.010744468308985233
190,0.002701249021543738,0.003224006313008859,0.0021784915999673747,0.01306257862597704,0.015625618398189545,0.010499539785087109
191,0.002968907404197928,0.0038069571121869717,0.002130857778384405,0.013735335320234299,0.01663065329194069,0.010840014554560184
192,0.002860543318092823,0.0037616819198078967,0.0019594048122491907,0.013051200658082962,0.015275867655873299,0.010826533660292625
193,0.0026188531328978784,0.0030673681758344173,0.002170337987241938,0.013075003400444984,0.014820319600403309,0.011329686269164085
194,0.0024784063331454117,0.0030565572464290786,0.0019002554404056247,0.01333416998386383,0.015920519828796387,0.0107478192076087
195,0.0023849178721909135,0.0029557519660824362,0.0018140835865565082,0.012780923396348953,0.015039024874567986,0.010522819124162197
196,0.0028067242271979063,0.0035324089831727393,0.0020810392589363106,0.012895573861896992,0.014964967966079712,0.010826182551681995
197,0.0025091082515085444,0.003124974072253441,0.001893242444459568,0.012596710585057735,0.015030345879495144,0.010163074359297752
198,0.002459899159422254,0.0029819294851382867,0.0019378688131623408,0.013253643177449703,0.014806801453232765,0.01170048676431179
199,0.0025376848575166043,0.0030555750024231043,0.0020197948290254265,0.014033603481948376,0.01592208258807659,0.012145125307142735
200,0.0025708624435698286,0.0030374338864074912,0.0021042910555158466,0.013319915160536766,0.016550255939364433,0.010089575313031673
201,0.002525343840448734,0.0030109751010861468,0.002039712600355201,0.013685569167137146,0.016345620155334473,0.01102551817893982
202,0.0025174045483307805,0.003055828856304288,0.0019789802882929936,0.012777379713952541,0.014958552084863186,0.010596207343041897
203,0.00240098952096613,0.00275357037453967,0.0020484086605446305,0.012904682196676731,0.01551576517522335,0.010293602012097836
204,0.002301016103421502,0.0027478749192703295,0.001854157095829792,0.012796234339475632,0.015261047519743443,0.010331420227885246
205,0.0023537709459881574,0.0029255429433439582,0.0017819989041206153,0.013042735867202282,0.016211573034524918,0.009873898699879646
206,0.0027388066382092588,0.0035630572066806697,0.0019145561450654093,0.013171287253499031,0.015343546867370605,0.010999027639627457
207,0.0025922851157648597,0.003016601494677803,0.002167968839571318,0.014198565855622292,0.015904178842902184,0.012492951937019825
208,0.0025471474030329022,0.0031695976812282905,0.001924697049509953,0.013231848366558552,0.015980197116732597,0.010483499616384506
209,0.0026341557762969065,0.0034448923474615987,0.0018234193249715164,0.013818053528666496,0.016634663566946983,0.01100144349038601
210,0.002248819759937332,0.002790207029594218,0.0017074323807130842,0.013052266091108322,0.015115014277398586,0.010989516042172909
211,0.0024691321681637097,0.003120146650711403,0.0018181177061598968,0.013652163557708263,0.016988378018140793,0.010315950959920883
212,0.0023072147604954593,0.002777264412382946,0.0018371650332804112,0.01442671101540327,0.016577469184994698,0.012275954708456993
213,0.002734706600141876,0.003119318752878291,0.0023500944405575007,0.012739304453134537,0.015347105450928211,0.010131504386663437
214,0.002738983931896441,0.0026444830890635356,0.0028334848500569075,0.013329223729670048,0.015971990302205086,0.01068645529448986
215,0.0021676405689076464,0.0024580214008250658,0.001877259647966746,0.01303902268409729,0.015802882611751556,0.010275167413055897
216,0.002166307538145167,0.0024577958769548464,0.0018748190897681257,0.012811661697924137,0.01598549447953701,0.009637830778956413
217,0.002385158057543723,0.002752381144091487,0.0020179349436041188,0.013652005232870579,0.01609797403216362,0.011206033639609814
218,0.002139956786242478,0.002497215536149109,0.0017826981116634082,0.012578713707625866,0.015181430615484715,0.009975996799767017
219,0.002119320540634148,0.0024839513113393504,0.0017546897151452653,0.011885267682373524,0.014854641631245613,0.008915895596146584
220,0.0020625289419994633,0.002361034796408871,0.0017640230396543356,0.013168356381356716,0.01565912552177906,0.010677588172256947
221,0.0019350159050458495,0.0022555122850462794,0.0016145196311888011,0.012900791130959988,0.015731725841760635,0.010069857351481915
222,0.001870680511381258,0.0021417237653890077,0.0015996372642214684,0.01264141220599413,0.015442977659404278,0.00983984675258398
223,0.001943357679171159,0.0022603537928422585,0.0016263616065878201,0.012100079096853733,0.01513472106307745,0.009065436199307442
224,0.0019746161723399863,0.002272014595184694,0.00167721784536672,0.012710255570709705,0.015516192652285099,0.009904316626489162
225,0.001940092893646044,0.0023282206247505896,0.0015519651317256777,0.012097936123609543,0.014591491781175137,0.009604382328689098
226,0.001982701846453197,0.0023292038548628196,0.0016361998791313346,0.01348103303462267,0.016326339915394783,0.01063572708517313
227,0.0019853753859505933,0.002223433235057575,0.0017473174135803299,0.012630804441869259,0.015685953199863434,0.009575651958584785
228,0.001945861307082369,0.0021415758357547663,0.0017501467715620117,0.012231101281940937,0.015038099139928818,0.009424107149243355
229,0.0018157903995255336,0.0020719424218815915,0.0015596382333623135,0.012061799876391888,0.014935570769011974,0.009188028983771801
230,0.0019485285533044267,0.002187540919026908,0.0017095162081258262,0.013021555729210377,0.016060825437307358,0.009982285089790821
231,0.001924286606748972,0.002211551695569035,0.001637021401513587,0.012564850971102715,0.016134511679410934,0.00899518933147192
232,0.0018344585585188778,0.0021838193574427243,0.0014850976945394103,0.012984653003513813,0.01605619303882122,0.00991311389952898
233,0.0017406271962339386,0.0020133842481300235,0.0014678701991215348,0.01308492012321949,0.015104134567081928,0.011065703816711903
234,0.002035781754838193,0.0019092469147461303,0.002162316588082296,0.011945315636694431,0.01489544752985239,0.008995183743536472
235,0.0019690522526883904,0.002030648585573277,0.0019074559814351447,0.013289238326251507,0.016510475426912308,0.010068000294268131
236,0.002123400938751943,0.002307127065518323,0.0019396748119855627,0.0131055423989892,0.01570146344602108,0.010509624145925045
237,0.0019412163186215742,0.0020914552527863312,0.001790977405000697,0.012642157264053822,0.015464484691619873,0.00981983169913292
238,0.0018681920688215863,0.002249824581667781,0.0014865595970631523,0.013643290847539902,0.016658343374729156,0.010628238320350647
239,0.0016942717929315917,0.001900317393900717,0.0014882261440267459,0.0138136837631464,0.016299769282341003,0.011327598243951797
240,0.0018935255048906103,0.0021924447227159843,0.0015946062562494155,0.013284903019666672,0.01700356788933277,0.009566239081323147
241,0.002137781956287868,0.0025647405726725563,0.0017108233741429798,0.013831223361194134,0.017014937475323677,0.010647513903677464
242,0.0023525586105225716,0.002590748269165702,0.002114368794376359,0.01391320489346981,0.01801575906574726,0.009810651652514935
243,0.0018077348804046564,0.0021037764655535713,0.0015116932199281804,0.013195114210247993,0.016550859436392784,0.009839372709393501
244,0.0018433923148276174,0.002056508876301129,0.0016302756882984849,0.013731791637837887,0.01676439493894577,0.010699191130697727
245,0.0022617583300041802,0.002882559975499616,0.0016409567119005848,0.012188040651381016,0.01548262219876051,0.008893457241356373
246,0.002134625122005887,0.0022617721765795175,0.0020074781359118573,0.013089918531477451,0.016092995181679726,0.010086840018630028
247,0.002107995904653388,0.0022073805140440956,0.00200861125417492,0.014255577698349953,0.017943942919373512,0.010567212477326393
248,0.0022330982473624103,0.0027598454137606654,0.0017063511288998758,0.01319199800491333,0.014934835955500603,0.011449161916971207
249,0.0018613178433631273,0.00198433140758425,0.0017383042894139448,0.012383116409182549,0.015803560614585876,0.00896267406642437
250,0.0017681486137649592,0.002079923890585847,0.0014563733300961116,0.013043907471001148,0.016535034403204918,0.00955277867615223
251,0.0018559343948522035,0.0020269249250893205,0.001684943850919166,0.012755174189805984,0.016396138817071915,0.009114209562540054
252,0.0017145553275066264,0.0018555416232522797,0.001573568963281372,0.0127975819632411,0.01640607975423336,0.009189083240926266
253,0.0016688301762127701,0.0017598742304150673,0.0015777861117385328,0.013442639261484146,0.01623365469276905,0.010651624761521816
254,0.0017406722558114458,0.0019124859759091016,0.0015688584877780693,0.013347301632165909,0.01716378889977932,0.009530815295875072
255,0.0019654675304670542,0.002467540626907173,0.0014633945162024569,0.011528445407748222,0.014210297726094723,0.008846593089401722
256,0.001543569748344667,0.0017287870423923083,0.0013583524679929456,0.012727392837405205,0.015964390709996223,0.00949039589613676
257,0.0015003456364331,0.0016945614787640378,0.0013061297187746009,0.01205329317599535,0.014777449890971184,0.009329134598374367
258,0.0015624018235351233,0.0017242331694647232,0.001400570385158062,0.012501529417932034,0.015762703493237495,0.009240357205271721
259,0.001444926324492211,0.001640559989027679,0.001249292553813361,0.013769368641078472,0.01593589223921299,0.011602840386331081
260,0.0017301751684178324,0.001720693301382091,0.0017396571107811348,0.01229593064635992,0.015028751455247402,0.009563108906149864
261,0.0018342692911734477,0.0019610624568646446,0.0017074761015143903,0.012841458432376385,0.015914369374513626,0.009768548421561718
262,0.0016835563240901513,0.0018477924921385506,0.0015193202690330938,0.012608901597559452,0.01601291634142399,0.009204884059727192
263,0.0017459642772069748,0.0020733107744223054,0.0014186178005355246,0.012770161963999271,0.015963949263095856,0.009576370008289814
264,0.0018098984488888698,0.0018901447080733145,0.0017296520801370636,0.012989639304578304,0.015929466113448143,0.010049811564385891
265,0.0016484158250558026,0.0017276734442395322,0.0015691581887521727,0.012485005892813206,0.015528524294495583,0.00944148562848568
266,0.001529133043197148,0.0018505697850795353,0.0012076963629464015,0.013124403543770313,0.016736872494220734,0.009511932730674744
267,0.002129058134468163,0.002304466598776772,0.0019536496975513943,0.012888479977846146,0.016105733811855316,0.009671228006482124
268,0.002018210752045407,0.002043972524595173,0.0019924490548232023,0.012539070099592209,0.015683893114328384,0.009394245222210884
269,0.0016746102619970985,0.0017137577798327103,0.001635462641442085,0.012321213260293007,0.01490714866667986,0.00973527692258358
270,0.001561630770618863,0.001605555391185643,0.001517706156900043,0.012539755553007126,0.01625632308423519,0.008823188953101635
271,0.0015894701731774736,0.0015794226475169554,0.0015995176509022713,0.012933486141264439,0.016318468376994133,0.00954850111156702
272,0.00129915531450773,0.0013890297987553127,0.0012092808131402468,0.012429190799593925,0.016166826710104942,0.008691554889082909
273,0.001352653417544549,0.0015150027466006577,0.0011903040491126698,0.012058922089636326,0.015647241845726967,0.00847060326486826
274,0.0014203430687570397,0.0015778508865931893,0.00126283525776885,0.012321164831519127,0.01593664102256298,0.008705687709152699
275,0.001416063042330172,0.0014449226642575335,0.001387203502578332,0.012923378497362137,0.01584283448755741,0.010003922507166862
276,0.0015036324518458808,0.0016505663036642706,0.0013566986753550522,0.012476086616516113,0.015331631526350975,0.009620542638003826
277,0.0015937885036692023,0.001742229314164861,0.0014453476555097628,0.012334804981946945,0.01568559743463993,0.00898401066660881
278,0.0014831735204686137,0.0015324905706459984,0.0014338564292034682,0.011835682205855846,0.01530677080154419,0.008364592678844929
279,0.0014819145435467362,0.0014896718682447338,0.0014741572291206788,0.013811146840453148,0.0169632900506258,0.010659003630280495
280,0.0017006488256704282,0.0018699964378303027,0.0015313012203585137,0.013192164711654186,0.015986096113920212,0.010398232378065586
281,0.0014833267538479583,0.0014188307720948668,0.00154782272875309,0.012147149071097374,0.016145993024110794,0.008148306980729103
282,0.0014840740066788653,0.0017259082900743712,0.001242239709587439,0.012816531583666801,0.01656455732882023,0.009068506769835949
283,0.0014057902324780384,0.0016942010603516416,0.0011173794183003552,0.012861980125308037,0.016877567395567894,0.00884639099240303
284,0.0015278066960437333,0.0018346376497955883,0.00122097584843526,0.012037469074130058,0.01517696026712656,0.008897978812456131
285,0.0014102094813578708,0.0015072199611869804,0.0013131990083767211,0.0126981595531106,0.01602477766573429,0.009371542371809483
286,0.0014733524123371085,0.001600881603628616,0.0013458232313175412,0.013097202405333519,0.01676461659371853,0.00942978821694851
287,0.0014708116102744551,0.0015303690623327652,0.001411254158216145,0.011863021180033684,0.015044835396111012,0.00868120789527893
288,0.001325522652169799,0.0014429752858739126,0.0012080699568340445,0.0128303999081254,0.016557414084672928,0.009103382006287575
289,0.0017176737515803646,0.0014787041719126351,0.0019566432490725726,0.012111304327845573,0.015362388454377651,0.008860218338668346
290,0.001926517764599446,0.001610579530653708,0.0022424559848492637,0.012185401283204556,0.015656597912311554,0.008714205585420132
291,0.0019321657772011617,0.002159946142723236,0.0017043854904306285,0.011772658675909042,0.014529339037835598,0.009015976451337337
292,0.0015723508207456155,0.001596319252926418,0.0015483823098132714,0.012941659428179264,0.016074946150183678,0.009808375500142574
293,0.001636905362829566,0.0015778820139958577,0.0016959286568795934,0.012815888971090317,0.016569452360272408,0.009062322787940502
294,0.0014447013690026805,0.0014219928587622503,0.0014674098518512705,0.01229702215641737,0.015868404880166054,0.00872564036399126
295,0.0014654114321969887,0.0016275527578888133,0.0013032700825373039,0.013278212398290634,0.016602104529738426,0.009954319335520267
296,0.0014924621688859427,0.001713291700819836,0.0012716325958642889,0.011675024405121803,0.01503830961883068,0.0083117401227355
297,0.0013494602171704173,0.0014197291114696248,0.001279191394774791,0.013028544373810291,0.015797872096300125,0.010259214788675308
298,0.0015729546088122709,0.001906568609068499,0.0012393406564917635,0.012860525399446487,0.01580548845231533,0.009915563277900219
299,0.0013816470574751934,0.0015972729991464054,0.001166021146619802,0.012074684724211693,0.015580849722027779,0.008568516932427883
300,0.0011712631128509255,0.0012466473066631485,0.001095878891646862,0.011775423772633076,0.014750014059245586,0.00880083255469799
301,0.0014015887418816634,0.0014645781107794713,0.0013385994072236558,0.012518483214080334,0.015860196202993393,0.009176770225167274
302,0.0016301289022735814,0.0017303229028852109,0.0015299350146532936,0.012955795973539352,0.016273237764835358,0.009638355113565922
303,0.0019274815396570107,0.0021091452457339447,0.0017458178335800767,0.012609113939106464,0.01583162508904934,0.00938660278916359
304,0.0016440701232675243,0.001848123683457208,0.0014400165459579404,0.011994093656539917,0.015617907047271729,0.008370278403162956
305,0.0013883714153267006,0.0013383621904615533,0.001438380653887768,0.012077084742486477,0.015686651691794395,0.008467521518468857
306,0.0016038197072168045,0.0015987719046225881,0.0016088675508987816,0.01180348638445139,0.01532097440212965,0.008285997435450554
307,0.0013669034062117776,0.0013192333315279992,0.0014145734808955561,0.012224522419273853,0.015483749099075794,0.008965298533439636
308,0.0011964818592840696,0.001171305714010754,0.0012216580114053452,0.012504924088716507,0.016722965985536575,0.008286884054541588
309,0.0010998751043670757,0.001208041376872536,0.000991708756534054,0.01228755246847868,0.015986664220690727,0.008588436990976334
310,0.0011866556425743243,0.0013412544811966225,0.0010320567354724249,0.012335655279457569,0.01577603630721569,0.008895273320376873
311,0.0012347007252495078,0.0013968950883923646,0.0010725062696591897,0.012568619102239609,0.015593714080750942,0.009543522261083126
312,0.001501040392801823,0.0018150121425552404,0.001187068663592286,0.012240460142493248,0.01566290110349655,0.00881801825016737
313,0.001286294763250386,0.0013781995854943113,0.0011943899820942212,0.012488684616982937,0.01634942553937435,0.00862794928252697
314,0.00175138093832442,0.001840578912592986,0.001662182854488492,0.012133107520639896,0.015175032429397106,0.009091181680560112
315,0.0017110899652299635,0.001957190640763763,0.0014649893170880044,0.01383152510970831,0.018057262524962425,0.00960578303784132
316,0.0020160750239430103,0.002167868852505789,0.0018642812090761522,0.013086768798530102,0.015146357007324696,0.011027182452380657
317,0.0017495443839031983,0.0017667217796449276,0.0017323669504976885,0.011648507788777351,0.014838053844869137,0.00845896266400814
318,0.0014410484616425546,0.0013400480007369291,0.0015420489122762399,0.013261676765978336,0.016201090067625046,0.010322267189621925
319,0.0012195974499370683,0.0012481338755391976,0.0011910610003670787,0.012063517235219479,0.015631090849637985,0.008495944552123547
320,0.0014492340851575136,0.0014327834908138303,0.0014656846384134363,0.011013795621693134,0.014504993334412575,0.007522599305957556
321,0.0014287482139051838,0.0011553268893347943,0.0017021694631480118,0.011885414831340313,0.015568239614367485,0.008202590979635715
322,0.0010700598667266175,0.0010293571497587597,0.0011107625289107947,0.011454027146100998,0.014517066068947315,0.008390989154577255
323,0.0010999574408154277,0.0011534397901200196,0.0010464750675429754,0.012598550878465176,0.015006422996520996,0.01019067782908678
324,0.0013632903163156966,0.0013653184698127648,0.001361262094339027,0.011833648197352886,0.01564677245914936,0.008020523935556412
325,0.0012359722681781825,0.0013175033656058505,0.0011544411878704147,0.012149795889854431,0.016169937327504158,0.008129658177495003
326,0.0012178208117428072,0.001268612128435908,0.0011670294676578658,0.012332781217992306,0.01584469899535179,0.008820859715342522
327,0.0011729900519747067,0.0013080132912899204,0.0010379668400513336,0.011739194393157959,0.015413770452141762,0.008064616471529007
328,0.0010291984140434686,0.001073254820178537,0.000985142052420141,0.011975555680692196,0.015390289016067982,0.00856082234531641
329,0.0011848341742092196,0.0014756169608410668,0.0008940514389370732,0.01412927731871605,0.019779853522777557,0.00847870297729969
330,0.0022619030547930915,0.00285455901586615,0.0016692471108399332,0.011037510819733143,0.014358369633555412,0.007716651540249586
331,0.0017943442388273338,0.0015902680050417343,0.0019984206335399955,0.012185889296233654,0.015826763585209846,0.008545015007257462
332,0.0019235824481310213,0.002551921708372367,0.001295243133105995,0.012693953700363636,0.015865657478570938,0.009522246196866035
333,0.0015308539355721545,0.0014477870358592447,0.0016139208797968047,0.01226874627172947,0.0158982016146183,0.008639289066195488
334,0.0014221348683349788,0.0015376172275008524,0.0013066525365609456,0.011595458723604679,0.015469787642359734,0.007721129339188337
335,0.0011934915126082214,0.0010281505152199637,0.0013588324997245388,0.013345017097890377,0.01704619638621807,0.009643836878240108
336,0.0014545125202001894,0.0014831869424704242,0.0014258381510016455,0.012866138480603695,0.016579383984208107,0.009152891114354134
337,0.0017177473808474401,0.0016384535873144427,0.0017970411709564574,0.012414076365530491,0.015496933832764626,0.009331220760941505
338,0.0027196506887455195,0.002041110159445773,0.0033981912180452664,0.014043931849300861,0.016375163570046425,0.011712700128555298
339,0.002026772544281009,0.001539661966757301,0.0025138831663164586,0.01220171619206667,0.015112838707864285,0.009290594607591629
340,0.0012559650143991936,0.0011145199703819612,0.0013974100823842866,0.012118185870349407,0.014853068627417088,0.009383303113281727
341,0.0012544768465244595,0.0011339220458039029,0.0013750316540929763,0.012069415301084518,0.01490794587880373,0.009230882860720158
342,0.0012695966219967779,0.0013008374611244483,0.0012383557965650277,0.011599672958254814,0.014647175557911396,0.008552172221243382
343,0.0012818330604418675,0.0014817115905530313,0.0010819545132108033,0.011965543031692505,0.015171543695032597,0.008759541437029839
344,0.0012043159359189518,0.0014152484329636483,0.0009933834457222152,0.011699388734996319,0.015480178408324718,0.007918598130345345
345,0.0010858285377788194,0.001014028549166944,0.0011576285743264154,0.012682248838245869,0.01595660112798214,0.009407898411154747
346,0.001007008510093917,0.0010865525965688422,0.0009274644612827722,0.012008261866867542,0.015124408528208733,0.008892115205526352
347,0.0010511347619981011,0.0009952178327640628,0.0011070516912321396,0.011710898019373417,0.015320469625294209,0.00810132548213005
348,0.0009339116513729095,0.0009613689754213043,0.0009064543478683952,0.012016124092042446,0.015744801610708237,0.008287445642054081
349,0.0011608499044086784,0.0010877420564236887,0.001233957745545708,0.012187713757157326,0.015313464216887951,0.009061962366104126
350,0.0011408722219879135,0.0010824936359901639,0.0011992508114096435,0.012779041193425655,0.016200022771954536,0.009358060546219349
351,0.0010609843097079325,0.001045530055896105,0.0010764385224319994,0.011639905162155628,0.015038474462926388,0.008241334930062294
352,0.0010025917333276832,0.0009381312513997888,0.0010670522580553284,0.011598972603678703,0.015355406329035759,0.007842537015676498
353,0.00105448580100475,0.0012191324820057215,0.0008898390635081074,0.012295964173972607,0.015903208404779434,0.008688720874488354
354,0.0011239916545010226,0.0009845439104965942,0.0012634394464411719,0.013315006159245968,0.01731451041996479,0.009315503761172295
355,0.0012325340786072262,0.0010837613098213777,0.001381306826849194,0.011607429943978786,0.015393588691949844,0.007821272127330303
356,0.0011730279006502207,0.0009130572639953564,0.0014329985407290653,0.012526149861514568,0.01578948087990284,0.009262818843126297
357,0.001068662485683008,0.0009399655391462147,0.0011973594287958216,0.011154739186167717,0.015063383616507053,0.007246094290167093
358,0.0009629429619321052,0.0008517876010634663,0.001074098307392834,0.012663081288337708,0.01659521274268627,0.008730951696634293
359,0.0009753441109376796,0.0009513111778206247,0.0009993770063909538,0.011484741233289242,0.014781508594751358,0.008187971077859402
360,0.0008056585348266013,0.0007869765771936406,0.0008243405095794622,0.011654016561806202,0.015074529685080051,0.008233503438532352
361,0.0008522073519142235,0.0008278615971314995,0.0008765530827290871,0.0119467256590724,0.014653724618256092,0.00923972949385643
362,0.0009094445233452408,0.0008825233192456996,0.0009363657514126424,0.012402071617543697,0.016118869185447693,0.008685274049639702
363,0.000970616378574906,0.0009227188471841681,0.0010185138979817137,0.010901940986514091,0.014401623979210854,0.007402258925139904
364,0.0008829981088638306,0.0008705444497001521,0.0008954517851474092,0.012209387496113777,0.015601609833538532,0.008817163296043873
365,0.0009849867064451031,0.0010422297397299724,0.0009277436560403337,0.01115198154002428,0.014503197744488716,0.007800763938575983
366,0.0009465202148181989,0.0009643431437913986,0.000928697278997039,0.012590089812874794,0.015854395925998688,0.009325780905783176
367,0.0009959739365834085,0.0008934756658752175,0.0010984721901716992,0.011083259247243404,0.0145278824493289,0.007638635579496622
368,0.0010590434779741747,0.001186781405361698,0.0009313055163468508,0.012194137088954449,0.016486985608935356,0.007901285775005817
369,0.0014291074578924215,0.0016852070522658965,0.0011730078703669064,0.011540251784026623,0.015476156957447529,0.007604349870234728
370,0.001218771089471,0.0010871183750329211,0.0013504238004850991,0.012169049121439457,0.015550232492387295,0.008787866681814194
371,0.0009375933407093672,0.0008267832967890974,0.0010484033777816769,0.012179043143987656,0.014717566780745983,0.009640516713261604
372,0.0009683994165457346,0.000952749910271343,0.0009840488748844055,0.011745993979275227,0.015045746229588985,0.008446243591606617
373,0.0010004837120718816,0.0008904092999942162,0.0011105580762138263,0.011456908658146858,0.015052253380417824,0.007861561141908169
374,0.0010513932587962378,0.0010704603696735028,0.0010323261753108133,0.012692258693277836,0.016298670321702957,0.00908584613353014
375,0.0013734793482238754,0.0013779589755679755,0.0013689997893593768,0.011609833687543869,0.015157743357121944,0.008061927743256092
376,0.0010950743830214966,0.0010183878167641953,0.0011717609766706387,0.01102899108082056,0.015008995309472084,0.0070489863865077496
377,0.0009875575059970073,0.0009321780149441431,0.0010429370621054927,0.011941896751523018,0.015549798496067524,0.008333996869623661
378,0.0008858316441011779,0.000913689289625515,0.0008579740122727611,0.01249874196946621,0.015967126935720444,0.009030359797179699
379,0.0007968405706753187,0.0007727244057391278,0.0008209567373234997,0.011920093558728695,0.015498203225433826,0.008341982960700989
380,0.0007819546667365905,0.000777325382360312,0.0007865839391289389,0.011149310506880283,0.015071299858391285,0.0072273192927241325
381,0.0009503593319095671,0.0008258195114595925,0.001074899174615412,0.012379725463688374,0.015764456242322922,0.00899499375373125
382,0.0009434605770580032,0.0008732867547009579,0.001013634358327288,0.011218899860978127,0.014864158816635609,0.0075736395083367825
383,0.0010992552064742673,0.0010515454923734069,0.0011469649103031877,0.01209502574056387,0.016132870689034462,0.008057181723415852
384,0.001146646757500575,0.0013225545339724597,0.0009707389604848097,0.01087844930589199,0.014644480310380459,0.00711241876706481
385,0.0009365373852607958,0.0010109183323733946,0.0008621564141803366,0.011954993940889835,0.015871288254857063,0.008038700558245182
386,0.0008701568020863787,0.0009475060522912399,0.0007928075929692783,0.011473137885332108,0.014701157808303833,0.008245120756328106
387,0.0008006419349626145,0.0008347661590532345,0.0007665177245679148,0.011622638441622257,0.014939227141439915,0.008306051604449749
388,0.0007774712558945312,0.0008114108606926439,0.0007435316528084085,0.010866984724998474,0.013967298902571201,0.007766671944409609
389,0.0007508777403820525,0.0007653248355970444,0.0007364306040793,0.012059290893375874,0.015597143210470676,0.008521436713635921
390,0.000830522195696283,0.0008950932465000626,0.0007659511551644434,0.012135042808949947,0.016255592927336693,0.008014491759240627
391,0.0008810871308121611,0.0009704770123147789,0.0007916972527335234,0.011545277200639248,0.0150227015838027,0.008067854680120945
392,0.0008839129929102081,0.0008977717644644572,0.0008700542384758592,0.011692151427268982,0.015185164287686348,0.008199142292141914
393,0.0013703864978571586,0.0013282355674378136,0.0014125374864841648,0.013041135855019093,0.015833379700779915,0.010248890146613121
394,0.0023204485529705007,0.001733127300052301,0.0029077698914882016,0.011480623856186867,0.014085075818002224,0.00887617003172636
395,0.0018612098030965118,0.0017501051907482393,0.0019723143675090637,0.014401588588953018,0.01652013696730137,0.012283042073249817
396,0.001684107502703281,0.001263232929084231,0.0021049821584978525,0.011326182633638382,0.014200493693351746,0.008451870642602444
397,0.0016303833656232147,0.002018392175052534,0.0012423745938576758,0.013793114572763443,0.018279114738106728,0.009307114407420158
398,0.001854860395028749,0.0020138706861282975,0.0016958501176251208,0.010943304747343063,0.01413491740822792,0.007751693949103355
399,0.0015351081486133969,0.0013545956085983884,0.001715620671508505,0.012753467075526714,0.01599557138979435,0.00951136089861393
400,0.0013077014043708058,0.0009560523253372487,0.0016593504012288416,0.011157359927892685,0.014889439567923546,0.007425279822200537
401,0.0014723582220647264,0.0013032288304256165,0.0016414876205517964,0.013210848905146122,0.016145503148436546,0.010276195593178272
402,0.0016112982514588272,0.001850079049986294,0.0013725173810277792,0.012237431481480598,0.015665283426642418,0.008809580467641354
403,0.001020037171923939,0.0010282375973046703,0.0010118367499671876,0.011378348805010319,0.014770443551242352,0.007986255921423435
404,0.0008379669503911453,0.0008217364939970567,0.0008541974204811541,0.011743918992578983,0.0154795590788126,0.008008280768990517
405,0.0008092780172934427,0.000898498555590563,0.0007200574361965718,0.01138356700539589,0.014430519193410873,0.008336616680026054
406,0.0009550460278713966,0.0011096354865003377,0.0008004566017702661,0.011309015564620495,0.014953863807022572,0.007664168253540993
407,0.0009865873041288817,0.0010872154363074944,0.0008859592147500199,0.011630609631538391,0.015347128733992577,0.007914089597761631
408,0.0008510124547790517,0.0008725588182535241,0.0008294660981525393,0.011444473639130592,0.014694536104798317,0.008194409310817719
409,0.0008704112380441717,0.0008538802366648965,0.0008869422377114568,0.01151613611727953,0.014798800460994244,0.008233470842242241
410,0.0011645467191770235,0.0008563639507081141,0.0014727295321576735,0.010806100443005562,0.013841146603226662,0.007771055214107037
411,0.0010108294081874192,0.0009011823909959811,0.0011204764356507974,0.012228417210280895,0.015347358770668507,0.009109476581215858
412,0.0010421421851360185,0.0009789881227976259,0.0011052962440504309,0.010913926176726818,0.014389963820576668,0.007437887601554394
413,0.0010858022279160865,0.0009533367359408122,0.0012182677198913606,0.012515697628259659,0.015564927831292152,0.009466469287872314
414,0.0009901881122085102,0.0007618329117951147,0.001218543278382105,0.0121620437130332,0.015114396810531616,0.009209692478179932
415,0.0009609886499888756,0.0007154728210640742,0.001206504537121338,0.010888095013797283,0.014408839866518974,0.007367351092398167
416,0.0010159438962171622,0.0007787478560417452,0.0012531399261206388,0.011712550185620785,0.015317690558731556,0.008107407949864864
417,0.001113222398356918,0.0010041695992078852,0.0012222752488656517,0.011802316643297672,0.01543218083679676,0.008172453381121159
418,0.0009626220973372898,0.0009247176366282956,0.0010005265323664336,0.012446797452867031,0.014668736606836319,0.010224860161542892
419,0.0011617636020459672,0.0010343001323396012,0.0012892270529204432,0.011334244161844254,0.014496956020593643,0.008171530440449715
420,0.0008916727760258843,0.0008877612195005093,0.000895584313719369,0.011091222986578941,0.014779727905988693,0.007402719929814339
421,0.0009208057171610348,0.000793580974191975,0.0010480304686900448,0.011741504073143005,0.015182330273091793,0.008300676941871643
422,0.0008703443420338718,0.0008801222241291886,0.0008605664411066648,0.01137549802660942,0.015321996994316578,0.007428996730595827
423,0.0008466058129937772,0.0008754908716689576,0.0008177207337747164,0.011366789229214191,0.014747564680874348,0.007986013777554035
424,0.0008663359810324276,0.0008132474630495862,0.0009194245212711394,0.01073162816464901,0.014609109610319138,0.0068541476503014565
425,0.000857240561505451,0.0008651021909078254,0.000849378904711236,0.01066700741648674,0.014475624077022076,0.0068583921529352665
426,0.0008210997261545237,0.0007780011784394874,0.0008641982670216,0.011130954138934612,0.014117589220404625,0.0081443190574646
427,0.0008085021091734662,0.0008021489655434647,0.0008148552493794876,0.01240949984639883,0.014496966265141964,0.010322032496333122
428,0.000900370765628074,0.0008405003480969326,0.0009602411780232454,0.010895250365138054,0.014295951463282108,0.0074945492669939995
429,0.0006772882428348941,0.0005998230361215332,0.0007547534786520855,0.012572730891406536,0.014923346228897572,0.0102221155539155
430,0.0010473679970292484,0.0007776225941009162,0.001317113425637431,0.011048722080886364,0.015065108425915241,0.007032335270196199
431,0.0011380848762414912,0.0011787726406884544,0.0010973971049465677,0.014339039102196693,0.01780945248901844,0.010868624784052372
432,0.0013748296221499058,0.001657799381064251,0.0010918598580995902,0.010477989912033081,0.01327180303633213,0.007684178184717894
433,0.0012622195337077275,0.0011135362540645635,0.0014109027345993502,0.012033898383378983,0.01509331539273262,0.00897448044270277
434,0.001184754097587703,0.0010024640839273,0.0013670441009761656,0.011843821965157986,0.01542566530406475,0.00826198048889637
435,0.0010334594613488983,0.0009264736367827829,0.0011404452927629737,0.011509543284773827,0.014673848636448383,0.008345239795744419
436,0.001078377546304289,0.0010648645864635268,0.001091890492449131,0.011643458157777786,0.014430132694542408,0.00885678455233574
437,0.0011997634702471689,0.0012288768638801925,0.0011706500663422048,0.01118008978664875,0.013875694014132023,0.008484486490488052
438,0.001221575086032424,0.0011489407111452345,0.0012942094164078728,0.011629143729805946,0.014764695428311825,0.008493591099977493
439,0.0011195581310483463,0.0011762505917645553,0.0010628657045719378,0.011727770790457726,0.01553469430655241,0.007920848205685616
440,0.0008807699949316242,0.000836327117319931,0.0009252128759672975,0.011198277585208416,0.014084839262068272,0.00831171590834856
441,0.000798351682640393,0.0007445842561805073,0.0008521190748604782,0.011275961063802242,0.014421208761632442,0.008130715228617191
442,0.0007905083646833458,0.0007568582043270854,0.0008241585216156262,0.010529727675020695,0.013950313441455364,0.0071091423742473125
443,0.0009997340350630967,0.0010895925909554696,0.0009098754637628136,0.012454078532755375,0.015242478810250759,0.009665677323937416
444,0.0009638029047945404,0.0008831245016635341,0.001044481307925547,0.010752420872449875,0.013647896237671375,0.007856946438550949
445,0.0007710956886191579,0.0006983938493409797,0.0008437974816736053,0.010771160945296288,0.014456077478826046,0.007086244877427816
446,0.0008236749186728368,0.0008406320463537294,0.0008067177139523932,0.010923282243311405,0.013544708490371704,0.008301856927573681
447,0.0008354483699590406,0.0007903077708118979,0.0008805889691061833,0.010744906030595303,0.013891216367483139,0.007598598022013903
448,0.0007644501542124678,0.0007518504451795974,0.0007770498735172784,0.01127760298550129,0.015084728598594666,0.007470476441085339
449,0.0008325353230568854,0.0008953902938896243,0.0007696803556481266,0.010896378196775913,0.014119028113782406,0.007673727348446846
450,0.0009636084090315682,0.0009413109561565387,0.0009859059012823684,0.011132876388728619,0.014194007031619549,0.008071746677160263
451,0.0007348462189410758,0.0007208629703039632,0.0007488294607302284,0.010997852310538292,0.014905399642884731,0.00709030544385314
452,0.0007517967914121554,0.0007103594766436692,0.0007932341044686516,0.01139157172292471,0.015125961042940617,0.007657182402908802
453,0.0007837144007413264,0.0007639089085654739,0.0008035198946291691,0.01066778227686882,0.01371699944138527,0.007618564181029797
454,0.0008058573961641421,0.0007102755651644924,0.0009014392168918515,0.011196020990610123,0.014889259822666645,0.007502784486860037
455,0.0008313729212044136,0.0008370963366948726,0.0008256494903060444,0.011306708678603172,0.015382369048893452,0.00723104877397418
456,0.0008178184610134101,0.000792447169420912,0.0008431897423339679,0.010744214057922363,0.014308364130556583,0.007180064916610718
457,0.0010481538244194405,0.001067487375728567,0.0010288202936541947,0.011827240698039532,0.014476243406534195,0.009178237058222294
458,0.0011341879007351749,0.0009231816340402207,0.0013451941537342088,0.011357071809470654,0.014641978777945042,0.008072164840996265
459,0.0010614113176844137,0.0008282555808203624,0.0012945670237326447,0.010927102528512478,0.01445521879941225,0.0073989867232739925
460,0.0010937325868700795,0.0009733334334348055,0.0012141317163374933,0.010859028436243534,0.014099049381911755,0.007619006093591452
461,0.0007410095456768485,0.0006894461249056108,0.000792572961312116,0.01083359308540821,0.01410288829356432,0.0075643002055585384
462,0.0007803216165698626,0.0008614956716294674,0.0006991475563742878,0.011550139635801315,0.015278353355824947,0.007821925915777683
463,0.0009219712947550066,0.0008275225751704591,0.0010164200280354742,0.011131484992802143,0.014924474991858006,0.00733849685639143
464,0.0010321732980253942,0.000915605465278906,0.0011487410520203412,0.010554797016084194,0.0141441123560071,0.0069654835388064384
465,0.0009223400471348534,0.000842909563182141,0.001001770536223536,0.011629121378064156,0.015230796299874783,0.008027443662285805
466,0.0008359599707867293,0.0007553906299803845,0.0009165292756412836,0.01095875445753336,0.014616040512919426,0.007301465608179569
467,0.0012600766186711982,0.001187438247999286,0.0013327150133109705,0.012215780094265938,0.014659732580184937,0.00977182574570179
468,0.0020315383821178008,0.0017153687487520715,0.00234770799493965,0.01160430908203125,0.015402387827634811,0.007806231267750263
469,0.0016372329007615061,0.0018450507401105236,0.0014294149929328875,0.01113878097385168,0.014562664553523064,0.00771489879116416
470,0.00115861592006267,0.00119609955479117,0.001121132350389791,0.010726358741521835,0.01323569007217884,0.008217026479542255
471,0.0011293271159314934,0.0012096116997246794,0.0010490425937699482,0.011323758400976658,0.01512687187641859,0.007520644459873438
472,0.001147405562840183,0.0010969723773408024,0.0011978387277956832,0.011479465290904045,0.014540540985763073,0.008418386802077293
473,0.0009117319851237185,0.0007795127115541083,0.0010439512826611892,0.012913355603814125,0.01604325696825981,0.00978345237672329
474,0.0012103730319615673,0.0010780076777069446,0.0013427383554003695,0.011744910851120949,0.013700246810913086,0.009789573960006237
475,0.0012429642203428289,0.0009931886520729784,0.0014927397441009387,0.011357187293469906,0.014987594448029995,0.007726781535893679
476,0.001057826420840095,0.0009155133739113808,0.0012001394985846298,0.010846808552742004,0.014239074662327766,0.0074545410461723804
477,0.0008370919317445334,0.0008361758184893167,0.0008380080484237303,0.01109181996434927,0.015235858969390392,0.006947781424969435
478,0.001090228944496416,0.0010713549529421417,0.0011091029428986505,0.010684773325920105,0.01449888851493597,0.006870657205581665
479,0.0008579099735738162,0.0008208036597352475,0.0008950162857003949,0.010515149682760239,0.013791080564260483,0.007239216938614845
480,0.0009310212883386103,0.0009926445610985598,0.0008693979710669202,0.012118648737668991,0.014663482084870338,0.009573815390467644
481,0.0010909223038812772,0.0009498831624274745,0.0012319614590309998,0.010878541506826878,0.013807385228574276,0.007949693128466606
482,0.001356231644475723,0.0011159440447740694,0.0015965193126569776,0.011560237035155296,0.01521871704608202,0.007901755161583424
483,0.0011926200035411645,0.0010640444542171761,0.0013211955802569933,0.013404247350990772,0.018071692436933517,0.008736802265048027
484,0.0014558768119005596,0.0015264702789649805,0.0013852833208682783,0.011578316800296307,0.015202167443931103,0.00795446615666151
485,0.001063486742650104,0.0009919631582520465,0.0011350103424560716,0.010591120459139347,0.013831491582095623,0.007350752595812082
486,0.0009950185913647361,0.000864390328334754,0.0011256468749385985,0.010815020650625229,0.014206628315150738,0.00742341298609972
487,0.0008320656522889348,0.0007282660602975418,0.0009358652168884873,0.011094284243881702,0.013548020273447037,0.008640548214316368
488,0.0007836976711747839,0.0008144627448500079,0.0007529325872276197,0.010826343670487404,0.01497627329081297,0.006676414981484413
489,0.0008582380970063455,0.0008338710382197271,0.0008826051472330137,0.01067531667649746,0.013982103206217289,0.0073685296811163425
490,0.0006969944019254078,0.0006432673082385651,0.0007507215127321508,0.010862555354833603,0.014598961919546127,0.007126146461814642
491,0.0006369180165861241,0.0006287362929844461,0.0006450997384758119,0.01117153000086546,0.014699127525091171,0.007643931079655886
492,0.0006082219444900094,0.0005936226259697886,0.00062282125958625,0.011603785678744316,0.015081203542649746,0.008126368746161461
493,0.0005917977918322911,0.0005447064622250549,0.000638889118015547,0.010540894232690334,0.013877552933990955,0.007204235997051001
494,0.0006434318972477579,0.0006111717015943106,0.0006756920552374247,0.011139793321490288,0.01422883104532957,0.008050755597651005
495,0.0006479311748133862,0.0006333514859708136,0.0006625108516720287,0.010688831098377705,0.014087576419115067,0.00729008624330163
496,0.000623051797875258,0.0006126745805993457,0.0006334290134391802,0.010951559990644455,0.014415785670280457,0.007487331051379442
497,0.0006181582541424124,0.0005884035558932845,0.0006479129541035303,0.01085364818572998,0.014212804846465588,0.007494489662349224
498,0.0006463653065592927,0.0006163785583339632,0.0006763520676245474,0.010523555800318718,0.013830176554620266,0.007216933649033308
499,0.0006175696154755048,0.0006531266656512504,0.0005820125789956792,0.01024651899933815,0.014055256731808186,0.0064377812668681145
500,0.000985101457712624,0.0010799938258167136,0.0008902090485207736,0.011987847276031971,0.013860381208360195,0.010115312412381172
501,0.0012252951342174236,0.00110364833209828,0.0013469419483204976,0.011702489107847214,0.015114582143723965,0.008290393278002739
502,0.0012540095383027459,0.0016063785673502613,0.0009016404441996094,0.010058614425361156,0.013284679502248764,0.00683255260810256
503,0.0014073786921525264,0.0013975218376692604,0.0014172355517717626,0.01057570893317461,0.012572649866342545,0.008578767068684101
504,0.0010145554860012933,0.0009386651594575276,0.0010904458365129197,0.01070778165012598,0.01365613378584385,0.007759427651762962
505,0.00106748885488795,0.0007933250710587291,0.0013416526455651311,0.01125138346105814,0.014538596384227276,0.007964170537889004
506,0.0010259622889433934,0.000931360646705691,0.0011205639012212701,0.011833768337965012,0.015136790461838245,0.008530744351446629
507,0.0010411125087343594,0.0009383736075559521,0.0011438514167607268,0.010612809099256992,0.012853736989200115,0.008371880277991295
508,0.000864417792078765,0.00093997607130886,0.0007888594923047896,0.01057276502251625,0.014005388133227825,0.007140141911804676
509,0.0009849471183877218,0.0008164129428812029,0.0011534812853342907,0.011414548382163048,0.01502690277993679,0.00780219491571188
510,0.0012005063198397264,0.0014459587623337831,0.0009550538756336798,0.010547232814133167,0.014092548750340939,0.007001913618296385
511,0.0007800610242959331,0.0007383291359634741,0.0008217928801005816,0.010859275236725807,0.014256085269153118,0.007462464738637209
512,0.0006771245081087246,0.0006993944544399925,0.0006548545446575564,0.011629367247223854,0.0155656011775136,0.007693135645240545
513,0.0008112224185264067,0.0009317994905252228,0.0006906453499515705,0.010866429656744003,0.01479936484247446,0.006933495867997408
514,0.0007473760496770196,0.0007520641956944019,0.0007426879327634678,0.010128678753972054,0.013622855767607689,0.006634498480707407
515,0.0007959155602079324,0.000827966391465024,0.0007638647477827309,0.011283788830041885,0.014934261329472065,0.007633316330611706
516,0.0006768322765471085,0.000676674027036985,0.0006769905483131023,0.010544387623667717,0.01404254324734211,0.007046234793961048
517,0.0007332511458491139,0.0006538972409222933,0.0008126050867277253,0.01174374483525753,0.014207597821950912,0.009279891848564148
518,0.0011179691372329697,0.0008058014003943433,0.0014301368877675164,0.011014790274202824,0.013957684859633446,0.008071895688772202
519,0.0009585323551779284,0.0010487617983017117,0.0008683028589824543,0.010936533100903034,0.015243574045598507,0.006629494484513998
520,0.0009738117788562222,0.0010889570317778956,0.0008586664865587783,0.011359295807778835,0.014413494616746902,0.008305098861455917
521,0.0008627679883776343,0.0008768865595544305,0.0008486494326087482,0.010630031116306782,0.013299869373440742,0.007960193790495396
522,0.0007380180810715127,0.0007498115232652601,0.0007262246816775159,0.010202523320913315,0.013678300194442272,0.00672674598172307
523,0.0008132687002858695,0.0007211743230821894,0.0009053629987380084,0.011211272329092026,0.014438096433877945,0.007984447292983532
524,0.0008902620637159356,0.0009282104729209095,0.0008523136990227024,0.00999909546226263,0.013344758190214634,0.006653434131294489
525,0.001016031642553999,0.0006984294399016482,0.0013336338229504798,0.01193950418382883,0.015448090620338917,0.00843091867864132
526,0.000984928139266284,0.0007502465262351668,0.001219609793385162,0.011246164329349995,0.014646041207015514,0.007846289314329624
527,0.0008795437718029408,0.0008082674809402841,0.0009508200523936573,0.010910749435424805,0.014550196006894112,0.007271300535649061
528,0.0007876077742206262,0.0007361996223848752,0.0008390159346163273,0.011412949301302433,0.0147860711440444,0.008039826527237892
529,0.0007530465304358479,0.0007466304112527081,0.0007594626872827683,0.010431221686303616,0.014066862873733044,0.0067955804988741875
530,0.0008618774933411795,0.0008328582779915236,0.0008908967104028253,0.0120405787602067,0.015092805027961731,0.008988352492451668
531,0.001052892828524551,0.0007373854168690741,0.0013684002367560478,0.011528661474585533,0.014454522170126438,0.008602800779044628
532,0.0010715604191372061,0.0010317558600731632,0.0011113649850492092,0.010748988017439842,0.013553337194025517,0.007944640703499317
533,0.0009468525428982342,0.0010632806224748492,0.0008304244907134596,0.01021990180015564,0.013735883869230747,0.006703922059386969
534,0.0008789981040857075,0.0007376471750082119,0.0010203490382991731,0.010755765251815319,0.014430449344217777,0.007081081625074148
535,0.0007321482681778862,0.0006637537581435241,0.0008005428021801088,0.011024782434105873,0.015086728148162365,0.0069628371857106686
536,0.0006651925813297139,0.0005910845853470485,0.0007393005756003892,0.011359497904777527,0.014470713213086128,0.008248284459114075
537,0.0007635617683477261,0.0007353140356238274,0.0007918094976476449,0.011214500293135643,0.015155447646975517,0.007273550145328045
538,0.0007777367273400374,0.0008431249126956306,0.0007123485351364841,0.010669274255633354,0.014138075523078442,0.0072004725225269794
539,0.000707458209944889,0.0006650292574811508,0.0007498871401527568,0.01094034779816866,0.014792137779295444,0.007088556885719299
540,0.0007026039375512697,0.0006993004610515473,0.0007059074226109421,0.01043953187763691,0.01387682557106018,0.007002237252891064
541,0.0008871193893034669,0.0009720112395691959,0.0008022275356137577,0.012061277404427528,0.01685427501797676,0.007268278859555721
542,0.0018276990158483386,0.002267011906951666,0.0013883861213210313,0.009397434070706367,0.012453975155949593,0.006340895779430866
543,0.0011622708886587882,0.001117078827091438,0.0012074628920184776,0.011681584641337395,0.014024184085428715,0.00933898612856865
544,0.0011160146027310368,0.0009299219185349476,0.0013021072543993155,0.010682365857064724,0.013203454203903675,0.008161278441548347
545,0.0011758710983592797,0.0013646679204505157,0.0009870743105078444,0.010508290491998196,0.013390088453888893,0.0076264929957687855
546,0.0010632954962442025,0.0010838104233912686,0.0010427805930649972,0.010907257907092571,0.012890624813735485,0.008923891931772232
547,0.0013012321878169827,0.0012739687363671906,0.0013284956016029943,0.010271714068949223,0.013528828509151936,0.0070145996287465096
548,0.0011038828524760902,0.0014131569598034462,0.0007946087537086843,0.010534106753766537,0.014024448581039906,0.00704376632347703
549,0.0010922170203069553,0.0013435249120983131,0.0008409091353635577,0.010533449240028858,0.014281424693763256,0.006785471457988024
550,0.001003059805096949,0.0008531086872715284,0.001153010912650429,0.011736257001757622,0.01630742847919464,0.00716508598998189
551,0.0008978727239403216,0.0009142381108283778,0.0008815072908285348,0.010808238759636879,0.014567876234650612,0.007048599887639284
552,0.0007812709441435907,0.0006366952592917882,0.0009258466444033034,0.010443723760545254,0.01390424370765686,0.00698320334777236
553,0.0010200484162744355,0.0012445601853815949,0.0007955366779830964,0.012448146939277649,0.017951441928744316,0.0069448500871658325
554,0.0016111252035069116,0.002051348517210606,0.0011709019291789875,0.009249253198504448,0.011750342324376106,0.006748163606971502
555,0.0015895396286128636,0.001770062094746048,0.0014090171522077393,0.01168231014162302,0.01481487974524498,0.008549741469323635
556,0.0014853522297926247,0.0013321822420146096,0.0016385221388190985,0.011640766635537148,0.01444326713681221,0.008838264271616936
557,0.0011371348518878222,0.0009484485592967009,0.0013258211205110831,0.009734203107655048,0.012201857753098011,0.007266550324857235
558,0.001124711412772098,0.0009056872068493463,0.0013437355998629594,0.011006942950189114,0.015266655944287777,0.006747232284396887
559,0.0011694322867483338,0.0010181436048108427,0.0013207209447179647,0.011001590639352798,0.014655563980340958,0.007347615901380777
560,0.0011151330579784425,0.001251772152232554,0.0009784939500284107,0.010900421068072319,0.013883809559047222,0.007917030714452267
561,0.0008483824494760484,0.0008025497270008439,0.0008942151462714024,0.010823000222444534,0.013801749795675278,0.007844250649213791
562,0.0006840665831559283,0.0006556393157499021,0.0007124938043382238,0.010255308821797371,0.01361921802163124,0.006891399621963501
563,0.0007334661632365383,0.0008014612694216125,0.0006654710330836036,0.00999768078327179,0.013595286756753922,0.006400075275450945
564,0.000953942010014811,0.0009082038749885909,0.0009996801279211307,0.01023046299815178,0.013164211995899677,0.0072967130690813065
565,0.0008648620637626771,0.0008271867135430084,0.0009025374071343857,0.011244776658713818,0.015336114913225174,0.007153437007218599
566,0.0007427779320791802,0.000800768776303705,0.0006847871580462464,0.010546639561653137,0.01409175619482994,0.007001523394137621
567,0.0007816823849947576,0.000764545936630491,0.0007988188675988247,0.009751413017511368,0.013372557237744331,0.006130268797278404
568,0.0008231645693098579,0.0007014280623372863,0.0009449010369066588,0.011010936461389065,0.01423024944961071,0.007791623473167419
569,0.0008775391855605823,0.0007707830929361722,0.0009842952713370323,0.01015759352594614,0.012808557599782944,0.0075066289864480495
570,0.0008826987160479321,0.0008402384529985926,0.0009251590167610522,0.009869285859167576,0.0133534399792552,0.006385131273418665
571,0.0007433081764782615,0.0006450721394845887,0.0008415442459997447,0.010491220280528069,0.013984322547912598,0.006998119875788689
572,0.0006831622723599567,0.0006728517507915111,0.0006934727956403923,0.010207091458141804,0.012949947267770767,0.007464233320206404
573,0.0006584278119536227,0.0006347899701829781,0.0006820656537242672,0.010480199009180069,0.013675060123205185,0.007285339757800102
574,0.0005736982086947298,0.0005783717411652426,0.0005690246728002368,0.010209539905190468,0.013415509834885597,0.007003567647188902
575,0.0005888262530788779,0.0005511167709140436,0.000626535718123812,0.010090692900121212,0.013757359236478806,0.0064240265637636185
576,0.0006272358997889302,0.0006020574142252479,0.0006524143853526124,0.011156189255416393,0.014976741746068,0.007335638627409935
577,0.0007075050705359044,0.0006548219654873452,0.0007601881550405832,0.009680238552391529,0.012738929130136967,0.006621548440307379
578,0.0007590540369753452,0.0006670259428895352,0.0008510821293491651,0.010871600359678268,0.014101406559348106,0.007641793228685856
579,0.0006661234690588625,0.0006901667357477196,0.000642080171554185,0.010572331957519054,0.014198937453329563,0.006945726927369833
580,0.0006005248921128976,0.0005430921326692709,0.0006579576498445342,0.009631420485675335,0.012741840444505215,0.006520998664200306
581,0.0006135046732036726,0.0005760657145669136,0.0006509436215684913,0.01059656497091055,0.014105083420872688,0.007088047452270985
582,0.0009595087886897518,0.001039349689723595,0.0008796679047758088,0.011254031211137772,0.015208412893116474,0.007299649529159069
583,0.001231677587116685,0.0015454486779430334,0.0009179065288181472,0.010879484936594963,0.015249727293848991,0.006509240251034498
584,0.0007926809998667415,0.0007935364367714262,0.0007918255732339971,0.010449131019413471,0.012864049524068832,0.008034211583435535
585,0.0007231159543152899,0.0006648755378966384,0.000781356353614041,0.010563390329480171,0.013936183415353298,0.007190598174929619
586,0.0006617542000158745,0.0006209923320805983,0.0007025160559672205,0.01122209895402193,0.014567087404429913,0.0078771086409688
587,0.0008838003782062408,0.0007243440400891225,0.001043256714611369,0.01058502122759819,0.013757562264800072,0.007412479259073734
588,0.0011624625151264755,0.001050088873050888,0.001274836201713804,0.01245934423059225,0.014436750672757626,0.010481939651072025
589,0.0013084932374220122,0.001045546864214189,0.001571439576390035,0.011435508728027344,0.014564943499863148,0.008306074887514114
590,0.0014233885072719526,0.0018920226892292062,0.0009547542499871377,0.010637709870934486,0.01424717903137207,0.0070282393135130405
591,0.0009472181863041923,0.0011353769805282354,0.0007590593475684085,0.010055381804704666,0.013315719552338123,0.006795044057071209
592,0.0009046737241613515,0.0006688048186547616,0.0011405426142600311,0.010398183017969131,0.014218044467270374,0.0065783243626356125
593,0.001274184652549379,0.0013092947089770699,0.001239074650905369,0.011079473420977592,0.015543044544756413,0.00661590276286006
594,0.0013418350204387132,0.0012765908648040803,0.0014070791589534458,0.011664960533380508,0.01400554645806551,0.009324375540018082
595,0.0012062299133771483,0.0009725579498883556,0.0014399019624654424,0.009585857391357422,0.012452095746994019,0.006719619035720825
596,0.0013253644437474362,0.001190951864426846,0.0014597769614363857,0.012176950462162495,0.01586505025625229,0.008488849736750126
597,0.001341519908130388,0.0011614167785463745,0.0015216230360024115,0.009703386574983597,0.012825717218220234,0.006581056397408247
598,0.0010382149724618478,0.0011953444781658404,0.0008810854256700943,0.010548190213739872,0.013338357210159302,0.007758022285997868
599,0.0009824203888830893,0.0008165671161430724,0.0011482736753190264,0.010257992893457413,0.01361306942999363,0.006902917753905058
600,0.0008370704633895965,0.0007494134684641133,0.0009247274685870199,0.01044898945838213,0.013280780054628849,0.007617196999490261
601,0.0007616680899552782,0.0006224200427395237,0.000900916152578943,0.010643485933542252,0.01326542068272829,0.008021550253033638
602,0.0007119876716066809,0.000648454120998983,0.0007755212205023889,0.0110623212531209,0.015040536411106586,0.007084105629473925
603,0.0007312985150800908,0.000735995195367757,0.0007266018330804346,0.009445068426430225,0.012231149710714817,0.006658986210823059
604,0.0006545852931380711,0.0005577653389670612,0.0007514052301891806,0.011072077788412571,0.014245686121284962,0.00789847131818533
605,0.0006324593799517435,0.0005341863913653308,0.0007307323753861163,0.009739076718688011,0.012792251072824001,0.006685900967568159
606,0.0006820136280593407,0.0006096201335929115,0.0007544071327977101,0.010562596842646599,0.013802683912217617,0.007322507910430431
607,0.0007782338858198593,0.0005757486831177684,0.0009807190440102097,0.010791205801069736,0.014039194211363792,0.007543215528130531
608,0.000663106533465907,0.0005830184758558651,0.0007431946150438093,0.009747619740664959,0.012637953273952007,0.006857286673039198
609,0.0006343090927283116,0.0005287642433198498,0.0007398539370008032,0.010628421790897846,0.013868393376469612,0.007388451602309942
610,0.0006841339328435852,0.0006312049175475669,0.0007370629361556733,0.009538603946566582,0.012548941187560558,0.006528266239911318
611,0.0006877754520460525,0.0005517040981965907,0.0008238468349993448,0.010636989958584309,0.014097388833761215,0.007176591549068689
612,0.00065454444505603,0.0005822959201930858,0.0007267929836148944,0.010000929236412048,0.013148774392902851,0.006853083614259958
613,0.0006163385371431051,0.0005982582566930967,0.0006344188381369938,0.010062077082693577,0.013292552903294563,0.006831599399447441
614,0.0006226087690961055,0.0005902217338135576,0.0006549958095146233,0.00994420237839222,0.012748482637107372,0.007139921188354492
615,0.0006908257372047313,0.0006451106147484525,0.0007365408168612596,0.00980279128998518,0.013101113960146904,0.00650446955114603
616,0.0005919684977818499,0.0005467339069582522,0.0006372030800454976,0.010130157694220543,0.013311204500496387,0.006949110422283411
617,0.0006884490602019736,0.0006644806451410713,0.0007124174290391453,0.010089145042002201,0.01265531126409769,0.007522978354245424
618,0.000706989479059463,0.0005911654426360174,0.0008228135651306194,0.010584020055830479,0.01361259538680315,0.00755544425919652
619,0.0007138623708776911,0.0005736613427014911,0.0008540633973419009,0.011489639058709145,0.01440677884966135,0.008572499267756939
620,0.0009449805708273369,0.001013461736660889,0.0008764994392335854,0.010300958529114723,0.013048031367361546,0.007553885690867901
621,0.0008500457008588402,0.0008014895549208365,0.0008986018793246545,0.010067077353596687,0.012961816042661667,0.007172338664531708
622,0.0007203640707302839,0.00076208239838974,0.0006786457105430172,0.010303002782166004,0.013479039072990417,0.007126965560019016
623,0.0007607914877178915,0.0006435381313648951,0.0008780448457828778,0.010636445134878159,0.01330617070198059,0.007966718636453152
624,0.0007970861487967126,0.0008484220323974595,0.0007457502583480056,0.009485017508268356,0.012719716876745224,0.006250317208468914
625,0.0008711726336246904,0.0009398139133255052,0.0008025313710437759,0.011156987398862839,0.013723013922572136,0.008590956218540668
626,0.0006379758398158147,0.0006498307116357062,0.0006261209251961726,0.009344388730823994,0.012103152461349964,0.006585624534636736
627,0.0006110529785099275,0.0006637083561680116,0.0005583975837319432,0.011139106005430222,0.014558225870132446,0.007719984743744135
628,0.0006361198097960476,0.0006109696679392501,0.0006612699567888151,0.009796191938221455,0.013640745542943478,0.005951637867838144
629,0.0006326950114110813,0.0005903771431322265,0.0006750128659940161,0.009883362799882889,0.013215143233537674,0.006551581434905529
630,0.0006889429641887546,0.0006271297033355735,0.0007507562250419356,0.010608426295220852,0.013368727639317513,0.007848125882446766
631,0.000741623410516802,0.0006688316369785325,0.0008144151994629818,0.010871270671486855,0.013192538172006607,0.008550003170967102
632,0.0008487326866837547,0.0008207209329531692,0.0008767444695181706,0.010448148474097252,0.01382569782435894,0.007070598192512989
633,0.0007429684149375295,0.0006434328970499337,0.0008425038985853247,0.01019748579710722,0.013262600637972355,0.007132368627935648
634,0.000655761978123337,0.0006780548805288752,0.0006334690842777491,0.009949618019163609,0.01281619630753994,0.007083038333803415
635,0.0006651506187421653,0.0006785357545595616,0.0006517654726528289,0.009290882386267185,0.0116985272616148,0.0068832384422421455
636,0.0007329386494615499,0.0006662519076866481,0.0007996253997964017,0.010176088660955429,0.013106022961437702,0.0072461520321667194
637,0.0007788918960346457,0.0007602476158781963,0.0007975361453752746,0.009874186478555202,0.012406347319483757,0.007342025637626648
638,0.0007662632081465906,0.0007560423109680414,0.0007764841036131496,0.009988180361688137,0.013344536535441875,0.006631824187934399
639,0.0007163895335158004,0.0007380165933521793,0.0006947624531355413,0.010727515444159508,0.014217806980013847,0.007237221579998732
640,0.0006251999670091798,0.0006634116186486447,0.000586988335913595,0.010098881088197231,0.013507387600839138,0.006690374109894037
641,0.0006843404125367455,0.0007296374875723439,0.0006390432998373666,0.010278797708451748,0.013372417539358139,0.0071851760149002075
642,0.0009349807925686679,0.000819559393943671,0.001050402201465605,0.010924271307885647,0.014360734261572361,0.007487809751182795
643,0.0010753955883795723,0.0010550788857097574,0.0010957122842014274,0.00962199829518795,0.012594220228493214,0.006649776827543974
644,0.0008741909336736973,0.0007824999526800478,0.0009658819146673469,0.009681662544608116,0.012923581525683403,0.006439743563532829
645,0.0008824851213242201,0.000730176637743545,0.0010347935997689253,0.010200245305895805,0.013872459530830383,0.006528032477945089
646,0.001032667963847737,0.0007821686312501483,0.0012831672485096052,0.011041992343962193,0.014157886616885662,0.007926097139716148
647,0.0010237451745471096,0.0009279504199238384,0.0011195399086265003,0.010089883580803871,0.012747468426823616,0.007432297803461552
648,0.0008636724429807681,0.0009418612599427648,0.000785483603762901,0.01040538027882576,0.013322832062840462,0.007487927097827196
649,0.0008629100047983229,0.0009801512522458593,0.000745668781318647,0.010194274596869946,0.013647162355482578,0.006741388700902462
650,0.0009545972296858535,0.000807010113289032,0.0011021843323867548,0.010354278609156609,0.013099860399961472,0.007608696818351746
651,0.0008417069278520477,0.0008748087309547426,0.0008086051196133828,0.009374844841659069,0.012731369584798813,0.006018320098519325
652,0.0008729698396671345,0.0009691615808097756,0.0007767781156443936,0.009908732958137989,0.013058041222393513,0.006759422365576029
653,0.000898722792044282,0.0007780137855340453,0.0010194318293703392,0.010388699360191822,0.012747867964208126,0.008029532618820667
654,0.0010417724603458362,0.001151517906691879,0.0009320269729120328,0.01178091298788786,0.01671716757118702,0.006844658870249987
655,0.0011824358028688414,0.0012117346666534157,0.001153137007563868,0.011885182932019234,0.016183556988835335,0.00758680934086442
656,0.0009586869889651151,0.000990778735071859,0.0009265951897866805,0.010052121244370937,0.013758731074631214,0.006345510482788086
657,0.0007838049307739472,0.0007748183869647191,0.0007927915088229758,0.009556710720062256,0.012654933147132397,0.0064584859646856785
658,0.0007621452472556164,0.0008291070424842046,0.0006951834708589184,0.010639297775924206,0.01305724773555994,0.008221345953643322
659,0.0007726023904979229,0.0007008526881691068,0.0008443520825547988,0.010535357519984245,0.013511637225747108,0.007559078745543957
660,0.0008569509099128054,0.0007101964729372412,0.0010037053554483196,0.011038066819310188,0.013042570091784,0.009033560752868652
661,0.001072892573360792,0.0008888713970972115,0.0012569138061200432,0.01074740756303072,0.013391008600592613,0.008103807456791401
662,0.0008903167909011245,0.0008622547936872305,0.0009183787795550683,0.010465431027114391,0.013486222364008427,0.007444637827575207
663,0.0008242548450224978,0.0007682539700694821,0.0008802557028556133,0.010198192670941353,0.013039175420999527,0.007357211317867041
664,0.0007632108531919692,0.000753520815016921,0.0007729008828070672,0.009451022371649742,0.012402965687215328,0.006499077659100294
665,0.0009465686607119791,0.0007792998957858585,0.001113837369142429,0.011553728021681309,0.013928012922406197,0.009179441258311272
666,0.0013512579299619094,0.001314322806566077,0.0013881931184133625,0.011031712405383587,0.014035195112228394,0.008028227835893631
667,0.0013561938368879696,0.0014243795543306453,0.0012880080715095734,0.010115406475961208,0.01282926369458437,0.007401551119983196
668,0.0011190635439775447,0.0011341395781046765,0.0011039875577861333,0.009812776930630207,0.012428882531821728,0.0071966699324548244
669,0.0008919147213044413,0.0008026876466293983,0.0009811418130993843,0.010293086990714073,0.013200788758695126,0.007385385688394308
670,0.0008617016240296995,0.0009351471226717182,0.0007882560911478804,0.01078879740089178,0.0137778976932168,0.007799697574228048
671,0.0006233584769207108,0.0005830479820039781,0.0006636689701254535,0.009903700090944767,0.01293757651001215,0.006869823671877384
672,0.0005664399153936436,0.0006176390075672637,0.0005152408129480831,0.009568867273628712,0.012463593855500221,0.006674140691757202
673,0.0006141616750563331,0.0006669663947404307,0.0005613569690681555,0.01163979060947895,0.015263145789504051,0.00801643542945385
674,0.0006621673905208488,0.000782901729347513,0.0005414330568301546,0.010996568016707897,0.013329616747796535,0.00866351556032896
