method,target,parameter,parameter_group,variation_mode,perturbation_fraction,perturbation_percent,nominal_value,tested_value,clipped_to_bound,peak_y,delta_peak_y_m,delta_peak_y_mm,target_error_mm,max_abs_xr,delta_max_abs_xr_m,delta_max_abs_xr_mm,residual_margin_mm,constraint_violation_mm,feasible_abs,extra_reach,max_abs_xb,nominal_peak_y,nominal_max_abs_xr,nominal_residual_margin_mm,Kb,Kr,Mb,hb,hr,f0,f1,A,x_r_start,Mr
NN+Adam safe,0.65,Kr,controllable,percent_of_allowed_range,-0.1,-10.0,2823.03564453125,2473.03564453125,False,0.6557465819119173,0.0060234776167367166,6.0234776167367166,5.746581911917237,0.49361208939122864,0.003382835942338014,3.382835942338014,6.387910608771364,0.0,True,0.15574658191191726,0.24902066097318354,0.6497231042951805,0.4902292534488906,9.770746551109378,1000.0,2473.03564453125,20.0,0.1,0.1172497346997261,0.4409545361995697,1.109592318534851,0.1116335690021514,0.3569131195545196,10.0
NN+Adam safe,0.65,Kr,controllable,percent_of_allowed_range,-0.05,-5.0,2823.03564453125,2648.03564453125,False,0.6525454683780141,0.0028223640828335395,2.8223640828335395,2.5454683780140597,0.4917867947326022,0.0015575412837115499,1.5575412837115499,8.213205267397827,0.0,True,0.15254546837801408,0.2479038244313587,0.6497231042951805,0.4902292534488906,9.770746551109378,1000.0,2648.03564453125,20.0,0.1,0.1172497346997261,0.4409545361995697,1.109592318534851,0.1116335690021514,0.3569131195545196,10.0
NN+Adam safe,0.65,Kr,controllable,percent_of_allowed_range,0.0,0.0,2823.03564453125,2823.03564453125,False,0.6497231042951805,0.0,0.0,0.2768957048194798,0.4902292534488906,0.0,0.0,9.770746551109378,0.0,True,0.14972310429518054,0.24684394250102407,0.6497231042951805,0.4902292534488906,9.770746551109378,1000.0,2823.03564453125,20.0,0.1,0.1172497346997261,0.4409545361995697,1.109592318534851,0.1116335690021514,0.3569131195545196,10.0
NN+Adam safe,0.65,Kr,controllable,percent_of_allowed_range,0.05,5.0,2823.03564453125,2998.03564453125,False,0.6472184931258658,-0.0025046111693147743,-2.5046111693147743,2.781506874134254,0.4888699431027957,-0.001359310346094933,-1.359310346094933,11.13005689720431,0.0,True,0.14721849312586577,0.24602885430290897,0.6497231042951805,0.4902292534488906,9.770746551109378,1000.0,2998.03564453125,20.0,0.1,0.1172497346997261,0.4409545361995697,1.109592318534851,0.1116335690021514,0.3569131195545196,10.0
NN+Adam safe,0.65,Kr,controllable,percent_of_allowed_range,0.1,10.0,2823.03564453125,3173.03564453125,False,0.6449836316044274,-0.004739472690753144,-4.739472690753144,5.0163683955726235,0.48766943933476065,-0.002559814114129977,-2.559814114129977,12.330560665239354,0.0,True,0.1449836316044274,0.245296732667029,0.6497231042951805,0.4902292534488906,9.770746551109378,1000.0,3173.03564453125,20.0,0.1,0.1172497346997261,0.4409545361995697,1.109592318534851,0.1116335690021514,0.3569131195545196,10.0
NN+Adam safe,0.65,hr,controllable,percent_of_allowed_range,-0.1,-10.0,0.1172497346997261,0.1,True,0.6507616184491178,0.0010385141539372977,1.0385141539372977,0.761618449117818,0.4906076584654689,0.00037840501657826486,0.37840501657826486,9.392341534531113,0.0,True,0.15076161844911784,0.24786099562051883,0.6497231042951805,0.4902292534488906,9.770746551109378,1000.0,2823.03564453125,20.0,0.1,0.1,0.4409545361995697,1.109592318534851,0.1116335690021514,0.3569131195545196,10.0
NN+Adam safe,0.65,hr,controllable,percent_of_allowed_range,-0.05,-5.0,0.1172497346997261,0.1,True,0.6507616184491178,0.0010385141539372977,1.0385141539372977,0.761618449117818,0.4906076584654689,0.00037840501657826486,0.37840501657826486,9.392341534531113,0.0,True,0.15076161844911784,0.24786099562051883,0.6497231042951805,0.4902292534488906,9.770746551109378,1000.0,2823.03564453125,20.0,0.1,0.1,0.4409545361995697,1.109592318534851,0.1116335690021514,0.3569131195545196,10.0
NN+Adam safe,0.65,hr,controllable,percent_of_allowed_range,0.0,0.0,0.1172497346997261,0.1172497346997261,False,0.6497231042951805,0.0,0.0,0.2768957048194798,0.4902292534488906,0.0,0.0,9.770746551109378,0.0,True,0.14972310429518054,0.24684394250102407,0.6497231042951805,0.4902292534488906,9.770746551109378,1000.0,2823.03564453125,20.0,0.1,0.1172497346997261,0.4409545361995697,1.109592318534851,0.1116335690021514,0.3569131195545196,10.0
NN+Adam safe,0.65,hr,controllable,percent_of_allowed_range,0.05,5.0,0.1172497346997261,0.1347497346997261,False,0.6486274237329879,-0.001095680562192669,-1.095680562192669,1.3725762670121489,0.489846959077933,-0.0003822943709576032,-0.3822943709576032,10.15304092206698,0.0,True,0.14862742373298787,0.24578057308214032,0.6497231042951805,0.4902292534488906,9.770746551109378,1000.0,2823.03564453125,20.0,0.1,0.1347497346997261,0.4409545361995697,1.109592318534851,0.1116335690021514,0.3569131195545196,10.0
NN+Adam safe,0.65,hr,controllable,percent_of_allowed_range,0.1,10.0,0.1172497346997261,0.1522497346997261,False,0.6474898783244983,-0.0022332259706822066,-2.2332259706822066,2.5101216755016864,0.4894667186042265,-0.0007625348446640978,-0.7625348446640978,10.533281395773475,0.0,True,0.14748987832449834,0.24468685008787186,0.6497231042951805,0.4902292534488906,9.770746551109378,1000.0,2823.03564453125,20.0,0.1,0.1522497346997261,0.4409545361995697,1.109592318534851,0.1116335690021514,0.3569131195545196,10.0
NN+Adam safe,0.65,f0,controllable,percent_of_allowed_range,-0.1,-10.0,0.4409545361995697,0.4059545361995697,False,0.6486746165651089,-0.0010484877300716011,-1.0484877300716011,1.325383434891081,0.4901483831334123,-8.08703154783208e-05,-0.0808703154783208,9.851616866587698,0.0,True,0.14867461656510894,0.24674230474710715,0.6497231042951805,0.4902292534488906,9.770746551109378,1000.0,2823.03564453125,20.0,0.1,0.1172497346997261,0.4059545361995697,1.109592318534851,0.1116335690021514,0.3569131195545196,10.0
NN+Adam safe,0.65,f0,controllable,percent_of_allowed_range,-0.05,-5.0,0.4409545361995697,0.4234545361995697,False,0.6492105503864072,-0.000512553908773361,-0.512553908773361,0.7894496135928408,0.49019179234005766,-3.7461108832959056e-05,-0.037461108832959056,9.808207659942337,0.0,True,0.14921055038640718,0.246799881507949,0.6497231042951805,0.4902292534488906,9.770746551109378,1000.0,2823.03564453125,20.0,0.1,0.1172497346997261,0.4234545361995697,1.109592318534851,0.1116335690021514,0.3569131195545196,10.0
NN+Adam safe,0.65,f0,controllable,percent_of_allowed_range,0.0,0.0,0.4409545361995697,0.4409545361995697,False,0.6497231042951805,0.0,0.0,0.2768957048194798,0.4902292534488906,0.0,0.0,9.770746551109378,0.0,True,0.14972310429518054,0.24684394250102407,0.6497231042951805,0.4902292534488906,9.770746551109378,1000.0,2823.03564453125,20.0,0.1,0.1172497346997261,0.4409545361995697,1.109592318534851,0.1116335690021514,0.3569131195545196,10.0
NN+Adam safe,0.65,f0,controllable,percent_of_allowed_range,0.05,5.0,0.4409545361995697,0.45,True,0.6499826907058752,0.0002595864106946788,0.2595864106946788,0.017309294124800978,0.49024613671023565,1.688326134502427e-05,0.01688326134502427,9.753863289764354,0.0,True,0.14998269070587522,0.24689214658866024,0.6497231042951805,0.4902292534488906,9.770746551109378,1000.0,2823.03564453125,20.0,0.1,0.1172497346997261,0.45,1.109592318534851,0.1116335690021514,0.3569131195545196,10.0
NN+Adam safe,0.65,f0,controllable,percent_of_allowed_range,0.1,10.0,0.4409545361995697,0.45,True,0.6499826907058752,0.0002595864106946788,0.2595864106946788,0.017309294124800978,0.49024613671023565,1.688326134502427e-05,0.01688326134502427,9.753863289764354,0.0,True,0.14998269070587522,0.24689214658866024,0.6497231042951805,0.4902292534488906,9.770746551109378,1000.0,2823.03564453125,20.0,0.1,0.1172497346997261,0.45,1.109592318534851,0.1116335690021514,0.3569131195545196,10.0
NN+Adam safe,0.65,f1,controllable,percent_of_allowed_range,-0.1,-10.0,1.109592318534851,1.0,True,0.6529860199612302,0.0032629156660496372,3.2629156660496372,2.9860199612301574,0.4905704823738183,0.0003412289249276612,0.3412289249276612,9.429517626181717,0.0,True,0.15298601996123018,0.24758728045970088,0.6497231042951805,0.4902292534488906,9.770746551109378,1000.0,2823.03564453125,20.0,0.1,0.1172497346997261,0.4409545361995697,1.0,0.1116335690021514,0.3569131195545196,10.0
NN+Adam safe,0.65,f1,controllable,percent_of_allowed_range,-0.05,-5.0,1.109592318534851,1.0,True,0.6529860199612302,0.0032629156660496372,3.2629156660496372,2.9860199612301574,0.4905704823738183,0.0003412289249276612,0.3412289249276612,9.429517626181717,0.0,True,0.15298601996123018,0.24758728045970088,0.6497231042951805,0.4902292534488906,9.770746551109378,1000.0,2823.03564453125,20.0,0.1,0.1172497346997261,0.4409545361995697,1.0,0.1116335690021514,0.3569131195545196,10.0
NN+Adam safe,0.65,f1,controllable,percent_of_allowed_range,0.0,0.0,1.109592318534851,1.109592318534851,False,0.6497231042951805,0.0,0.0,0.2768957048194798,0.4902292534488906,0.0,0.0,9.770746551109378,0.0,True,0.14972310429518054,0.24684394250102407,0.6497231042951805,0.4902292534488906,9.770746551109378,1000.0,2823.03564453125,20.0,0.1,0.1172497346997261,0.4409545361995697,1.109592318534851,0.1116335690021514,0.3569131195545196,10.0
NN+Adam safe,0.65,f1,controllable,percent_of_allowed_range,0.05,5.0,1.109592318534851,1.259592318534851,False,0.6456201075651049,-0.0041029967300756365,-4.1029967300756365,4.379892434895116,0.4898941901779539,-0.0003350632709367418,-0.3350632709367418,10.105809822046119,0.0,True,0.1456201075651049,0.2459273010292217,0.6497231042951805,0.4902292534488906,9.770746551109378,1000.0,2823.03564453125,20.0,0.1,0.1172497346997261,0.4409545361995697,1.259592318534851,0.1116335690021514,0.3569131195545196,10.0
NN+Adam safe,0.65,f1,controllable,percent_of_allowed_range,0.1,10.0,1.109592318534851,1.4095923185348511,False,0.6410473155078684,-0.008675788787312122,-8.675788787312122,8.952684492131603,0.48955245669501296,-0.000676796753877662,-0.676796753877662,10.44754330498704,0.0,True,0.14104731550786842,0.24455259666226387,0.6497231042951805,0.4902292534488906,9.770746551109378,1000.0,2823.03564453125,20.0,0.1,0.1172497346997261,0.4409545361995697,1.4095923185348511,0.1116335690021514,0.3569131195545196,10.0
NN+Adam safe,0.65,A,controllable,percent_of_allowed_range,-0.1,-10.0,0.1116335690021514,0.1086335690021514,False,0.6418542352318303,-0.00786886906335027,-7.86886906335027,8.14576476816975,0.4866465641184036,-0.003582689330486999,-3.582689330486999,13.353435881596376,0.0,True,0.14185423523183027,0.2402103477436471,0.6497231042951805,0.4902292534488906,9.770746551109378,1000.0,2823.03564453125,20.0,0.1,0.1172497346997261,0.4409545361995697,1.109592318534851,0.1086335690021514,0.3569131195545196,10.0
NN+Adam safe,0.65,A,controllable,percent_of_allowed_range,-0.05,-5.0,0.1116335690021514,0.1101335690021514,False,0.6457886698258851,-0.0039344344692954225,-3.9344344692954225,4.211330174114902,0.4884379088116525,-0.0017913446372381236,-1.7913446372381236,11.562091188347502,0.0,True,0.14578866982588512,0.24352714502562114,0.6497231042951805,0.4902292534488906,9.770746551109378,1000.0,2823.03564453125,20.0,0.1,0.1172497346997261,0.4409545361995697,1.109592318534851,0.1101335690021514,0.3569131195545196,10.0
NN+Adam safe,0.65,A,controllable,percent_of_allowed_range,0.0,0.0,0.1116335690021514,0.1116335690021514,False,0.6497231042951805,0.0,0.0,0.2768957048194798,0.4902292534488906,0.0,0.0,9.770746551109378,0.0,True,0.14972310429518054,0.24684394250102407,0.6497231042951805,0.4902292534488906,9.770746551109378,1000.0,2823.03564453125,20.0,0.1,0.1172497346997261,0.4409545361995697,1.109592318534851,0.1116335690021514,0.3569131195545196,10.0
NN+Adam safe,0.65,A,controllable,percent_of_allowed_range,0.05,5.0,0.1116335690021514,0.11313356900215141,False,0.6536575389194608,0.003934434624280225,3.9344346242802253,3.6575389194607455,0.4920205981452045,0.001791344696313868,1.791344696313868,7.979401854795509,0.0,True,0.15365753891946077,0.2501607397581485,0.6497231042951805,0.4902292534488906,9.770746551109378,1000.0,2823.03564453125,20.0,0.1,0.1172497346997261,0.4409545361995697,1.109592318534851,0.11313356900215141,0.3569131195545196,10.0
NN+Adam safe,0.65,A,controllable,percent_of_allowed_range,0.1,10.0,0.1116335690021514,0.11463356900215141,False,0.6575919735464106,0.007868869251230093,7.868869251230093,7.591973546410613,0.4938119428198132,0.003582689370922598,3.582689370922598,6.188057180186779,0.0,True,0.15759197354641064,0.25347753701843945,0.6497231042951805,0.4902292534488906,9.770746551109378,1000.0,2823.03564453125,20.0,0.1,0.1172497346997261,0.4409545361995697,1.109592318534851,0.11463356900215141,0.3569131195545196,10.0
NN+Adam safe,0.65,x_r_start,controllable,percent_of_allowed_range,-0.1,-10.0,0.3569131195545196,0.3519131195545196,False,0.6447231043071031,-0.00499999998807743,-4.99999998807743,5.27689569289691,0.48522925344925977,-0.004999999999630855,-4.999999999630855,14.770746550740233,0.0,True,0.1447231043071031,0.24684394251318434,0.6497231042951805,0.4902292534488906,9.770746551109378,1000.0,2823.03564453125,20.0,0.1,0.1172497346997261,0.4409545361995697,1.109592318534851,0.1116335690021514,0.3519131195545196,10.0
NN+Adam safe,0.65,x_r_start,controllable,percent_of_allowed_range,-0.05,-5.0,0.3569131195545196,0.3544131195545196,False,0.6472231043010938,-0.002499999994086788,-2.499999994086788,2.7768956989062676,0.48772925344907364,-0.002499999999816982,-2.499999999816982,12.27074655092636,0.0,True,0.14722310430109375,0.24684394250705666,0.6497231042951805,0.4902292534488906,9.770746551109378,1000.0,2823.03564453125,20.0,0.1,0.1172497346997261,0.4409545361995697,1.109592318534851,0.1116335690021514,0.3544131195545196,10.0
NN+Adam safe,0.65,x_r_start,controllable,percent_of_allowed_range,0.0,0.0,0.3569131195545196,0.3569131195545196,False,0.6497231042951805,0.0,0.0,0.2768957048194798,0.4902292534488906,0.0,0.0,9.770746551109378,0.0,True,0.14972310429518054,0.24684394250102407,0.6497231042951805,0.4902292534488906,9.770746551109378,1000.0,2823.03564453125,20.0,0.1,0.1172497346997261,0.4409545361995697,1.109592318534851,0.1116335690021514,0.3569131195545196,10.0
NN+Adam safe,0.65,x_r_start,controllable,percent_of_allowed_range,0.05,5.0,0.3569131195545196,0.3594131195545196,False,0.652223104289366,0.0024999999941854867,2.4999999941854867,2.223104289366007,0.4927292534487147,0.0024999999998240874,2.4999999998240874,7.27074655128529,0.0,True,0.15222310428936603,0.24684394249508548,0.6497231042951805,0.4902292534488906,9.770746551109378,1000.0,2823.03564453125,20.0,0.1,0.1172497346997261,0.4409545361995697,1.109592318534851,0.1116335690021514,0.3594131195545196,10.0
NN+Adam safe,0.65,x_r_start,controllable,percent_of_allowed_range,0.1,10.0,0.3569131195545196,0.3619131195545196,False,0.6547231042836454,0.004999999988464898,4.999999988464898,4.7231042836454185,0.49522925344854646,0.004999999999655835,4.999999999655835,4.770746551453541,0.0,True,0.15472310428364544,0.24684394248923744,0.6497231042951805,0.4902292534488906,9.770746551109378,1000.0,2823.03564453125,20.0,0.1,0.1172497346997261,0.4409545361995697,1.109592318534851,0.1116335690021514,0.3619131195545196,10.0
NN+Adam safe,0.65,Kb,physical_model,relative_percent_of_nominal,-0.1,-10.0,1000.0,900.0,False,0.643023143085403,-0.006699961209777561,-6.699961209777561,6.9768569145970405,0.48773733441038397,-0.0024919190385066514,-2.4919190385066514,12.262665589616029,0.0,True,0.14302314308540298,0.24494409004734,0.6497231042951805,0.4902292534488906,9.770746551109378,900.0,2823.03564453125,20.0,0.1,0.1172497346997261,0.4409545361995697,1.109592318534851,0.1116335690021514,0.3569131195545196,10.0
NN+Adam safe,0.65,Kb,physical_model,relative_percent_of_nominal,-0.05,-5.0,1000.0,950.0,False,0.6465797875540797,-0.003143316741100799,-3.143316741100799,3.4202124459202787,0.48901614709814295,-0.0012131063507476725,-1.2131063507476725,10.98385290185705,0.0,True,0.14657978755407974,0.24599757583643403,0.6497231042951805,0.4902292534488906,9.770746551109378,950.0,2823.03564453125,20.0,0.1,0.1172497346997261,0.4409545361995697,1.109592318534851,0.1116335690021514,0.3569131195545196,10.0
NN+Adam safe,0.65,Kb,physical_model,relative_percent_of_nominal,0.0,0.0,1000.0,1000.0,False,0.6497231042951805,0.0,0.0,0.2768957048194798,0.4902292534488906,0.0,0.0,9.770746551109378,0.0,True,0.14972310429518054,0.24684394250102407,0.6497231042951805,0.4902292534488906,9.770746551109378,1000.0,2823.03564453125,20.0,0.1,0.1172497346997261,0.4409545361995697,1.109592318534851,0.1116335690021514,0.3569131195545196,10.0
NN+Adam safe,0.65,Kb,physical_model,relative_percent_of_nominal,0.05,5.0,1000.0,1050.0,False,0.6524692111097066,0.002746106814526028,2.746106814526028,2.4692111097065483,0.49155324892805463,0.0013239954791640085,1.3239954791640085,8.446751071945368,0.0,True,0.15246921110970657,0.24792040381772096,0.6497231042951805,0.4902292534488906,9.770746551109378,1050.0,2823.03564453125,20.0,0.1,0.1172497346997261,0.4409545361995697,1.109592318534851,0.1116335690021514,0.3569131195545196,10.0
NN+Adam safe,0.65,Kb,physical_model,relative_percent_of_nominal,0.1,10.0,1000.0,1100.0,False,0.655822221417476,0.006099117122295494,6.099117122295494,5.8222214174760145,0.4928359155467105,0.0026066620978199007,2.6066620978199007,7.164084453289476,0.0,True,0.15582222141747604,0.2487283631384486,0.6497231042951805,0.4902292534488906,9.770746551109378,1100.0,2823.03564453125,20.0,0.1,0.1172497346997261,0.4409545361995697,1.109592318534851,0.1116335690021514,0.3569131195545196,10.0
NN+Adam safe,0.65,Mb,physical_model,relative_percent_of_nominal,-0.1,-10.0,20.0,18.0,False,0.6729925657075179,0.023269461412337322,23.26946141233732,22.99256570751784,0.49301425155975,0.0027849981108593602,2.78499811085936,6.985748440250017,0.0,True,0.17299256570751786,0.26927508417589624,0.6497231042951805,0.4902292534488906,9.770746551109378,1000.0,2823.03564453125,18.0,0.1,0.1172497346997261,0.4409545361995697,1.109592318534851,0.1116335690021514,0.3569131195545196,10.0
NN+Adam safe,0.65,Mb,physical_model,relative_percent_of_nominal,-0.05,-5.0,20.0,19.0,False,0.6609871559531482,0.011264051657967622,11.264051657967622,10.987155953148143,0.49154215052653843,0.0013128970776478122,1.3128970776478122,8.457849473461565,0.0,True,0.16098715595314816,0.257700448289207,0.6497231042951805,0.4902292534488906,9.770746551109378,1000.0,2823.03564453125,19.0,0.1,0.1172497346997261,0.4409545361995697,1.109592318534851,0.1116335690021514,0.3569131195545196,10.0
NN+Adam safe,0.65,Mb,physical_model,relative_percent_of_nominal,0.0,0.0,20.0,20.0,False,0.6497231042951805,0.0,0.0,0.2768957048194798,0.4902292534488906,0.0,0.0,9.770746551109378,0.0,True,0.14972310429518054,0.24684394250102407,0.6497231042951805,0.4902292534488906,9.770746551109378,1000.0,2823.03564453125,20.0,0.1,0.1172497346997261,0.4409545361995697,1.109592318534851,0.1116335690021514,0.3569131195545196,10.0
NN+Adam safe,0.65,Mb,physical_model,relative_percent_of_nominal,0.05,5.0,20.0,21.0,False,0.6393162075537119,-0.010406896741468663,-10.406896741468664,10.683792446288143,0.4890608262786687,-0.0011684271702219196,-1.1684271702219196,10.939173721331297,0.0,True,0.13931620755371188,0.23704983819117373,0.6497231042951805,0.4902292534488906,9.770746551109378,1000.0,2823.03564453125,21.0,0.1,0.1172497346997261,0.4409545361995697,1.109592318534851,0.1116335690021514,0.3569131195545196,10.0
NN+Adam safe,0.65,Mb,physical_model,relative_percent_of_nominal,0.1,10.0,20.0,22.0,False,0.6298141379625357,-0.01990896633264483,-19.90896633264483,20.185862037464307,0.48801760855673454,-0.002211644892156084,-2.211644892156084,11.982391443265461,0.0,True,0.12981413796253571,0.22790323500445922,0.6497231042951805,0.4902292534488906,9.770746551109378,1000.0,2823.03564453125,22.0,0.1,0.1172497346997261,0.4409545361995697,1.109592318534851,0.1116335690021514,0.3569131195545196,10.0
NN+Adam safe,0.65,hb,physical_model,relative_percent_of_nominal,-0.1,-10.0,0.1,0.09000000000000001,False,0.6700491473254595,0.020326043030278962,20.32604303027896,20.049147325459483,0.4914000050362797,0.0011707515873890517,1.1707515873890517,8.599994963720325,0.0,True,0.1700491473254595,0.2711806150805016,0.6497231042951805,0.4902292534488906,9.770746551109378,1000.0,2823.03564453125,20.0,0.09000000000000001,0.1172497346997261,0.4409545361995697,1.109592318534851,0.1116335690021514,0.3569131195545196,10.0
NN+Adam safe,0.65,hb,physical_model,relative_percent_of_nominal,-0.05,-5.0,0.1,0.095,False,0.6595358780620891,0.009812773766908589,9.812773766908588,9.53587806208911,0.49079599366039217,0.0005667402115015485,0.5667402115015485,9.20400633960783,0.0,True,0.15953587806208913,0.2584594442306444,0.6497231042951805,0.4902292534488906,9.770746551109378,1000.0,2823.03564453125,20.0,0.095,0.1172497346997261,0.4409545361995697,1.109592318534851,0.1116335690021514,0.3569131195545196,10.0
NN+Adam safe,0.65,hb,physical_model,relative_percent_of_nominal,0.0,0.0,0.1,0.1,False,0.6497231042951805,0.0,0.0,0.2768957048194798,0.4902292534488906,0.0,0.0,9.770746551109378,0.0,True,0.14972310429518054,0.24684394250102407,0.6497231042951805,0.4902292534488906,9.770746551109378,1000.0,2823.03564453125,20.0,0.1,0.1172497346997261,0.4409545361995697,1.109592318534851,0.1116335690021514,0.3569131195545196,10.0
NN+Adam safe,0.65,hb,physical_model,relative_percent_of_nominal,0.05,5.0,0.1,0.10500000000000001,False,0.640562853689744,-0.00916025060543657,-9.16025060543657,9.43714631025605,0.48973000505726166,-0.0004992483916289592,-0.4992483916289592,10.269994942738336,0.0,True,0.14056285368974397,0.236244644793693,0.6497231042951805,0.4902292534488906,9.770746551109378,1000.0,2823.03564453125,20.0,0.10500000000000001,0.1172497346997261,0.4409545361995697,1.109592318534851,0.1116335690021514,0.3569131195545196,10.0
NN+Adam safe,0.65,hb,physical_model,relative_percent_of_nominal,0.1,10.0,0.1,0.11000000000000001,False,0.6323755503407155,-0.017347553954465078,-17.347553954465077,17.624449659284558,0.4892777621125552,-0.0009514913363354305,-0.9514913363354305,10.722237887444807,0.0,True,0.13237555034071546,0.22645272966172222,0.6497231042951805,0.4902292534488906,9.770746551109378,1000.0,2823.03564453125,20.0,0.11000000000000001,0.1172497346997261,0.4409545361995697,1.109592318534851,0.1116335690021514,0.3569131195545196,10.0
NN+Adam safe,0.65,Mr,physical_model,relative_percent_of_nominal,-0.1,-10.0,10.0,9.0,False,0.6301550254839579,-0.01956807881122269,-19.56807881122269,19.844974516042168,0.48798191100567834,-0.0022473424432122857,-2.2473424432122857,12.018088994321662,0.0,True,0.13015502548395785,0.22624585374777428,0.6497231042951805,0.4902292534488906,9.770746551109378,1000.0,2823.03564453125,20.0,0.1,0.1172497346997261,0.4409545361995697,1.109592318534851,0.1116335690021514,0.3569131195545196,9.0
NN+Adam safe,0.65,Mr,physical_model,relative_percent_of_nominal,-0.05,-5.0,10.0,9.5,False,0.6397253079059646,-0.00999779638921594,-9.99779638921594,10.27469209403542,0.4891311864952883,-0.0010980669536023169,-1.0980669536023169,10.868813504711694,0.0,True,0.1397253079059646,0.23677941264788158,0.6497231042951805,0.4902292534488906,9.770746551109378,1000.0,2823.03564453125,20.0,0.1,0.1172497346997261,0.4409545361995697,1.109592318534851,0.1116335690021514,0.3569131195545196,9.5
NN+Adam safe,0.65,Mr,physical_model,relative_percent_of_nominal,0.0,0.0,10.0,10.0,False,0.6497231042951805,0.0,0.0,0.2768957048194798,0.4902292534488906,0.0,0.0,9.770746551109378,0.0,True,0.14972310429518054,0.24684394250102407,0.6497231042951805,0.4902292534488906,9.770746551109378,1000.0,2823.03564453125,20.0,0.1,0.1172497346997261,0.4409545361995697,1.109592318534851,0.1116335690021514,0.3569131195545196,10.0
NN+Adam safe,0.65,Mr,physical_model,relative_percent_of_nominal,0.05,5.0,10.0,10.5,False,0.659252195912441,0.009529091617260455,9.529091617260455,9.252195912440975,0.49141715967810007,0.0011879062292094456,1.1879062292094456,8.582840321899932,0.0,True,0.159252195912441,0.25695262759776366,0.6497231042951805,0.4902292534488906,9.770746551109378,1000.0,2823.03564453125,20.0,0.1,0.1172497346997261,0.4409545361995697,1.109592318534851,0.1116335690021514,0.3569131195545196,10.5
NN+Adam safe,0.65,Mr,physical_model,relative_percent_of_nominal,0.1,10.0,10.0,11.0,False,0.6689662960595839,0.019243191764403367,19.243191764403367,18.966296059583886,0.49250154252016043,0.0022722890712698063,2.2722890712698063,7.498457479839571,0.0,True,0.1689662960595839,0.2666222754655988,0.6497231042951805,0.4902292534488906,9.770746551109378,1000.0,2823.03564453125,20.0,0.1,0.1172497346997261,0.4409545361995697,1.109592318534851,0.1116335690021514,0.3569131195545196,11.0
NN+Adam safe,0.75,Kr,controllable,percent_of_allowed_range,-0.1,-10.0,2534.451171875,2184.451171875,False,0.6829050077906186,0.008593219920588147,8.593219920588147,67.09499220938142,0.5019332860079496,0.004887547664544911,4.887547664544911,-1.9332860079496195,1.9332860079496195,False,0.18290500779061858,0.27113606380965266,0.6743117878700304,0.4970457383434047,2.9542616565952917,1000.0,2184.451171875,20.0,0.1,0.10133808106184,0.4493398070335388,1.0038635730743408,0.1195716634392738,0.3504621684551239,10.0
NN+Adam safe,0.75,Kr,controllable,percent_of_allowed_range,-0.05,-5.0,2534.451171875,2359.451171875,False,0.6783084303101687,0.003996642440138309,3.9966424401383094,71.69156968983125,0.4992901974480185,0.002244459104613794,2.244459104613794,0.7098025519814977,0.0,True,0.17830843031016874,0.2696150113443217,0.6743117878700304,0.4970457383434047,2.9542616565952917,1000.0,2359.451171875,20.0,0.1,0.10133808106184,0.4493398070335388,1.0038635730743408,0.1195716634392738,0.3504621684551239,10.0
NN+Adam safe,0.75,Kr,controllable,percent_of_allowed_range,0.0,0.0,2534.451171875,2534.451171875,False,0.6743117878700304,0.0,0.0,75.68821212996957,0.4970457383434047,0.0,0.0,2.9542616565952917,0.0,True,0.17431178787003043,0.26826680202806774,0.6743117878700304,0.4970457383434047,2.9542616565952917,1000.0,2534.451171875,20.0,0.1,0.10133808106184,0.4493398070335388,1.0038635730743408,0.1195716634392738,0.3504621684551239,10.0
NN+Adam safe,0.75,Kr,controllable,percent_of_allowed_range,0.05,5.0,2534.451171875,2709.451171875,False,0.6708108867662335,-0.0035009011037969717,-3.5009011037969717,79.18911323376653,0.49511760049244274,-0.001928137850961964,-1.928137850961964,4.882399507557256,0.0,True,0.17081088676623346,0.2669835673487024,0.6743117878700304,0.4970457383434047,2.9542616565952917,1000.0,2709.451171875,20.0,0.1,0.10133808106184,0.4493398070335388,1.0038635730743408,0.1195716634392738,0.3504621684551239,10.0
NN+Adam safe,0.75,Kr,controllable,percent_of_allowed_range,0.1,10.0,2534.451171875,2884.451171875,False,0.6677250437712109,-0.006586744098819541,-6.586744098819541,82.27495622878911,0.49344391981319435,-0.0036018185302103545,-3.6018185302103545,6.556080186805646,0.0,True,0.1677250437712109,0.26581066098856787,0.6743117878700304,0.4970457383434047,2.9542616565952917,1000.0,2884.451171875,20.0,0.1,0.10133808106184,0.4493398070335388,1.0038635730743408,0.1195716634392738,0.3504621684551239,10.0
NN+Adam safe,0.75,hr,controllable,percent_of_allowed_range,-0.1,-10.0,0.10133808106184,0.1,True,0.6744162910529061,0.0001045031828756926,0.1045031828756926,75.58370894709387,0.49708079502441793,3.505668101322357e-05,0.03505668101322357,2.919204975582068,0.0,True,0.17441629105290613,0.2683683903481643,0.6743117878700304,0.4970457383434047,2.9542616565952917,1000.0,2534.451171875,20.0,0.1,0.1,0.4493398070335388,1.0038635730743408,0.1195716634392738,0.3504621684551239,10.0
NN+Adam safe,0.75,hr,controllable,percent_of_allowed_range,-0.05,-5.0,0.10133808106184,0.1,True,0.6744162910529061,0.0001045031828756926,0.1045031828756926,75.58370894709387,0.49708079502441793,3.505668101322357e-05,0.03505668101322357,2.919204975582068,0.0,True,0.17441629105290613,0.2683683903481643,0.6743117878700304,0.4970457383434047,2.9542616565952917,1000.0,2534.451171875,20.0,0.1,0.1,0.4493398070335388,1.0038635730743408,0.1195716634392738,0.3504621684551239,10.0
NN+Adam safe,0.75,hr,controllable,percent_of_allowed_range,0.0,0.0,0.10133808106184,0.10133808106184,False,0.6743117878700304,0.0,0.0,75.68821212996957,0.4970457383434047,0.0,0.0,2.9542616565952917,0.0,True,0.17431178787003043,0.26826680202806774,0.6743117878700304,0.4970457383434047,2.9542616565952917,1000.0,2534.451171875,20.0,0.1,0.10133808106184,0.4493398070335388,1.0038635730743408,0.1195716634392738,0.3504621684551239,10.0
NN+Adam safe,0.75,hr,controllable,percent_of_allowed_range,0.05,5.0,0.10133808106184,0.11883808106184,False,0.6729116804856351,-0.0014001073843953327,-1.4001073843953327,77.0883195143649,0.49656964378963153,-0.00047609455377317644,-0.47609455377317644,3.430356210368468,0.0,True,0.1729116804856351,0.26692610479252205,0.6743117878700304,0.4970457383434047,2.9542616565952917,1000.0,2534.451171875,20.0,0.1,0.11883808106184,0.4493398070335388,1.0038635730743408,0.1195716634392738,0.3504621684551239,10.0
NN+Adam safe,0.75,hr,controllable,percent_of_allowed_range,0.1,10.0,0.10133808106184,0.13633808106184,False,0.671462143616242,-0.0028496442537884192,-2.8496442537884192,78.53785638375798,0.4960686838357074,-0.0009770545076973058,-0.9770545076973058,3.9313161642925976,0.0,True,0.171462143616242,0.2655511320946133,0.6743117878700304,0.4970457383434047,2.9542616565952917,1000.0,2534.451171875,20.0,0.1,0.13633808106184,0.4493398070335388,1.0038635730743408,0.1195716634392738,0.3504621684551239,10.0
NN+Adam safe,0.75,f0,controllable,percent_of_allowed_range,-0.1,-10.0,0.4493398070335388,0.41433980703353884,False,0.672851238844739,-0.0014605490252914688,-1.4605490252914688,77.14876115526104,0.4969218957074842,-0.00012384263592052358,-0.12384263592052358,3.0781042925158153,0.0,True,0.17285123884473896,0.2680476224099018,0.6743117878700304,0.4970457383434047,2.9542616565952917,1000.0,2534.451171875,20.0,0.1,0.10133808106184,0.41433980703353884,1.0038635730743408,0.1195716634392738,0.3504621684551239,10.0
NN+Adam safe,0.75,f0,controllable,percent_of_allowed_range,-0.05,-5.0,0.4493398070335388,0.4318398070335388,False,0.6735501962943657,-0.0007615915756646885,-0.7615915756646885,76.44980370563425,0.4969845516947589,-6.11866486457946e-05,-0.061186648645794595,3.0154483052410863,0.0,True,0.17355019629436574,0.26806417341304156,0.6743117878700304,0.4970457383434047,2.9542616565952917,1000.0,2534.451171875,20.0,0.1,0.10133808106184,0.4318398070335388,1.0038635730743408,0.1195716634392738,0.3504621684551239,10.0
NN+Adam safe,0.75,f0,controllable,percent_of_allowed_range,0.0,0.0,0.4493398070335388,0.4493398070335388,False,0.6743117878700304,0.0,0.0,75.68821212996957,0.4970457383434047,0.0,0.0,2.9542616565952917,0.0,True,0.17431178787003043,0.26826680202806774,0.6743117878700304,0.4970457383434047,2.9542616565952917,1000.0,2534.451171875,20.0,0.1,0.10133808106184,0.4493398070335388,1.0038635730743408,0.1195716634392738,0.3504621684551239,10.0
NN+Adam safe,0.75,f0,controllable,percent_of_allowed_range,0.05,5.0,0.4493398070335388,0.45,True,0.6743376223409224,2.583447089199442e-05,0.02583447089199442,75.66237765907758,0.4970479037226976,2.165379292873304e-06,0.002165379292873304,2.9520962773024184,0.0,True,0.17433762234092243,0.26826979081818025,0.6743117878700304,0.4970457383434047,2.9542616565952917,1000.0,2534.451171875,20.0,0.1,0.10133808106184,0.45,1.0038635730743408,0.1195716634392738,0.3504621684551239,10.0
NN+Adam safe,0.75,f0,controllable,percent_of_allowed_range,0.1,10.0,0.4493398070335388,0.45,True,0.6743376223409224,2.583447089199442e-05,0.02583447089199442,75.66237765907758,0.4970479037226976,2.165379292873304e-06,0.002165379292873304,2.9520962773024184,0.0,True,0.17433762234092243,0.26826979081818025,0.6743117878700304,0.4970457383434047,2.9542616565952917,1000.0,2534.451171875,20.0,0.1,0.10133808106184,0.45,1.0038635730743408,0.1195716634392738,0.3504621684551239,10.0
NN+Adam safe,0.75,f1,controllable,percent_of_allowed_range,-0.1,-10.0,1.0038635730743408,1.0,True,0.6745305352118836,0.0002187473418531205,0.2187473418531205,75.46946478811645,0.49704229457939303,-3.443764011679118e-06,-0.003443764011679118,2.957705420606971,0.0,True,0.17453053521188355,0.26816293656756257,0.6743117878700304,0.4970457383434047,2.9542616565952917,1000.0,2534.451171875,20.0,0.1,0.10133808106184,0.4493398070335388,1.0,0.1195716634392738,0.3504621684551239,10.0
NN+Adam safe,0.75,f1,controllable,percent_of_allowed_range,-0.05,-5.0,1.0038635730743408,1.0,True,0.6745305352118836,0.0002187473418531205,0.2187473418531205,75.46946478811645,0.49704229457939303,-3.443764011679118e-06,-0.003443764011679118,2.957705420606971,0.0,True,0.17453053521188355,0.26816293656756257,0.6743117878700304,0.4970457383434047,2.9542616565952917,1000.0,2534.451171875,20.0,0.1,0.10133808106184,0.4493398070335388,1.0,0.1195716634392738,0.3504621684551239,10.0
NN+Adam safe,0.75,f1,controllable,percent_of_allowed_range,0.0,0.0,1.0038635730743408,1.0038635730743408,False,0.6743117878700304,0.0,0.0,75.68821212996957,0.4970457383434047,0.0,0.0,2.9542616565952917,0.0,True,0.17431178787003043,0.26826680202806774,0.6743117878700304,0.4970457383434047,2.9542616565952917,1000.0,2534.451171875,20.0,0.1,0.10133808106184,0.4493398070335388,1.0038635730743408,0.1195716634392738,0.3504621684551239,10.0
NN+Adam safe,0.75,f1,controllable,percent_of_allowed_range,0.05,5.0,1.0038635730743408,1.1538635730743407,False,0.6695423745762635,-0.0047694132937669,-4.7694132937669,80.45762542373647,0.4965348422288545,-0.0005108961145501856,-0.5108961145501856,3.4651577711454773,0.0,True,0.16954237457626353,0.2671168673308841,0.6743117878700304,0.4970457383434047,2.9542616565952917,1000.0,2534.451171875,20.0,0.1,0.10133808106184,0.4493398070335388,1.1538635730743407,0.1195716634392738,0.3504621684551239,10.0
NN+Adam safe,0.75,f1,controllable,percent_of_allowed_range,0.1,10.0,1.0038635730743408,1.3038635730743409,False,0.6647389307732108,-0.009572857096819654,-9.572857096819654,85.26106922678922,0.49607187310394396,-0.0009738652394607472,-0.9738652394607472,3.928126896056039,0.0,True,0.16473893077321078,0.2660185580185453,0.6743117878700304,0.4970457383434047,2.9542616565952917,1000.0,2534.451171875,20.0,0.1,0.10133808106184,0.4493398070335388,1.3038635730743409,0.1195716634392738,0.3504621684551239,10.0
NN+Adam safe,0.75,A,controllable,percent_of_allowed_range,-0.1,-10.0,0.1195716634392738,0.1165716634392738,False,0.6661865445880315,-0.008125243281998928,-8.125243281998928,83.81345541196849,0.4933680218136115,-0.003677716529793207,-3.677716529793207,6.631978186388499,0.0,True,0.1661865445880315,0.2615361066862183,0.6743117878700304,0.4970457383434047,2.9542616565952917,1000.0,2534.451171875,20.0,0.1,0.10133808106184,0.4493398070335388,1.0038635730743408,0.1165716634392738,0.3504621684551239,10.0
NN+Adam safe,0.75,A,controllable,percent_of_allowed_range,-0.05,-5.0,0.1195716634392738,0.1180716634392738,False,0.6702491662322441,-0.004062621637786368,-4.062621637786368,79.75083376775594,0.4952068800766225,-0.0018388582667822062,-1.8388582667822062,4.793119923377498,0.0,True,0.17024916623224406,0.2649014543888322,0.6743117878700304,0.4970457383434047,2.9542616565952917,1000.0,2534.451171875,20.0,0.1,0.10133808106184,0.4493398070335388,1.0038635730743408,0.1180716634392738,0.3504621684551239,10.0
NN+Adam safe,0.75,A,controllable,percent_of_allowed_range,0.0,0.0,0.1195716634392738,0.1195716634392738,False,0.6743117878700304,0.0,0.0,75.68821212996957,0.4970457383434047,0.0,0.0,2.9542616565952917,0.0,True,0.17431178787003043,0.26826680202806774,0.6743117878700304,0.4970457383434047,2.9542616565952917,1000.0,2534.451171875,20.0,0.1,0.10133808106184,0.4493398070335388,1.0038635730743408,0.1195716634392738,0.3504621684551239,10.0
NN+Adam safe,0.75,A,controllable,percent_of_allowed_range,0.05,5.0,0.1195716634392738,0.12,True,0.6754719007882192,0.0011601129181887382,1.1601129181887382,74.52809921178083,0.49757083844542543,0.0005251001020207258,0.5251001020207258,2.429161554574566,0.0,True,0.17547190078821917,0.26922780350852243,0.6743117878700304,0.4970457383434047,2.9542616565952917,1000.0,2534.451171875,20.0,0.1,0.10133808106184,0.4493398070335388,1.0038635730743408,0.12,0.3504621684551239,10.0
NN+Adam safe,0.75,A,controllable,percent_of_allowed_range,0.1,10.0,0.1195716634392738,0.12,True,0.6754719007882192,0.0011601129181887382,1.1601129181887382,74.52809921178083,0.49757083844542543,0.0005251001020207258,0.5251001020207258,2.429161554574566,0.0,True,0.17547190078821917,0.26922780350852243,0.6743117878700304,0.4970457383434047,2.9542616565952917,1000.0,2534.451171875,20.0,0.1,0.10133808106184,0.4493398070335388,1.0038635730743408,0.12,0.3504621684551239,10.0
NN+Adam safe,0.75,x_r_start,controllable,percent_of_allowed_range,-0.1,-10.0,0.3504621684551239,0.35,True,0.6738496194143831,-0.0004621684556472827,-0.4621684556472827,76.15038058561684,0.4965835698813293,-0.0004621684620754185,-0.4621684620754185,3.4164301186707102,0.0,True,0.17384961941438315,0.26826680203338427,0.6743117878700304,0.4970457383434047,2.9542616565952917,1000.0,2534.451171875,20.0,0.1,0.10133808106184,0.4493398070335388,1.0038635730743408,0.1195716634392738,0.35,10.0
NN+Adam safe,0.75,x_r_start,controllable,percent_of_allowed_range,-0.05,-5.0,0.3504621684551239,0.35,True,0.6738496194143831,-0.0004621684556472827,-0.4621684556472827,76.15038058561684,0.4965835698813293,-0.0004621684620754185,-0.4621684620754185,3.4164301186707102,0.0,True,0.17384961941438315,0.26826680203338427,0.6743117878700304,0.4970457383434047,2.9542616565952917,1000.0,2534.451171875,20.0,0.1,0.10133808106184,0.4493398070335388,1.0038635730743408,0.1195716634392738,0.35,10.0
NN+Adam safe,0.75,x_r_start,controllable,percent_of_allowed_range,0.0,0.0,0.3504621684551239,0.3504621684551239,False,0.6743117878700304,0.0,0.0,75.68821212996957,0.4970457383434047,0.0,0.0,2.9542616565952917,0.0,True,0.17431178787003043,0.26826680202806774,0.6743117878700304,0.4970457383434047,2.9542616565952917,1000.0,2534.451171875,20.0,0.1,0.10133808106184,0.4493398070335388,1.0038635730743408,0.1195716634392738,0.3504621684551239,10.0
NN+Adam safe,0.75,x_r_start,controllable,percent_of_allowed_range,0.05,5.0,0.3504621684551239,0.3529621684551239,False,0.6768117878728318,0.0025000000028013725,2.5000000028013725,73.1882121271682,0.4995457383807667,0.0025000000373620046,2.5000000373620046,0.4542616192332871,0.0,True,0.1768117878728318,0.26826680199747943,0.6743117878700304,0.4970457383434047,2.9542616565952917,1000.0,2534.451171875,20.0,0.1,0.10133808106184,0.4493398070335388,1.0038635730743408,0.1195716634392738,0.3529621684551239,10.0
NN+Adam safe,0.75,x_r_start,controllable,percent_of_allowed_range,0.1,10.0,0.3504621684551239,0.3554621684551239,False,0.6793117878755872,0.005000000005556782,5.000000005556782,70.68821212441279,0.5020457384177277,0.005000000074322997,5.000000074322997,-2.045738417727705,2.045738417727705,False,0.17931178787558721,0.2682668019641102,0.6743117878700304,0.4970457383434047,2.9542616565952917,1000.0,2534.451171875,20.0,0.1,0.10133808106184,0.4493398070335388,1.0038635730743408,0.1195716634392738,0.3554621684551239,10.0
NN+Adam safe,0.75,Kb,physical_model,relative_percent_of_nominal,-0.1,-10.0,1000.0,900.0,False,0.666696113671255,-0.007615674198775402,-7.615674198775402,83.30388632874497,0.49387609080438766,-0.003169647539017051,-3.169647539017051,6.123909195612343,0.0,True,0.16669611367125503,0.2658412922310177,0.6743117878700304,0.4970457383434047,2.9542616565952917,900.0,2534.451171875,20.0,0.1,0.10133808106184,0.4493398070335388,1.0038635730743408,0.1195716634392738,0.3504621684551239,10.0
NN+Adam safe,0.75,Kb,physical_model,relative_percent_of_nominal,-0.05,-5.0,1000.0,950.0,False,0.6705462968563043,-0.003765491013726141,-3.765491013726141,79.4537031436957,0.4954515028092552,-0.0015942355341495018,-1.5942355341495018,4.5484971907447935,0.0,True,0.1705462968563043,0.2671034089414365,0.6743117878700304,0.4970457383434047,2.9542616565952917,950.0,2534.451171875,20.0,0.1,0.10133808106184,0.4493398070335388,1.0038635730743408,0.1195716634392738,0.3504621684551239,10.0
NN+Adam safe,0.75,Kb,physical_model,relative_percent_of_nominal,0.0,0.0,1000.0,1000.0,False,0.6743117878700304,0.0,0.0,75.68821212996957,0.4970457383434047,0.0,0.0,2.9542616565952917,0.0,True,0.17431178787003043,0.26826680202806774,0.6743117878700304,0.4970457383434047,2.9542616565952917,1000.0,2534.451171875,20.0,0.1,0.10133808106184,0.4493398070335388,1.0038635730743408,0.1195716634392738,0.3504621684551239,10.0
NN+Adam safe,0.75,Kb,physical_model,relative_percent_of_nominal,0.05,5.0,1000.0,1050.0,False,0.6780099499529217,0.0036981620828913098,3.6981620828913098,71.99005004707826,0.49865832562529516,0.001612587281890454,1.612587281890454,1.3416743747048376,0.0,True,0.17800994995292174,0.2693146007456894,0.6743117878700304,0.4970457383434047,2.9542616565952917,1050.0,2534.451171875,20.0,0.1,0.10133808106184,0.4493398070335388,1.0038635730743408,0.1195716634392738,0.3504621684551239,10.0
NN+Adam safe,0.75,Kb,physical_model,relative_percent_of_nominal,0.1,10.0,1000.0,1100.0,False,0.6816571489342098,0.007345361064179379,7.345361064179379,68.34285106579019,0.5002887078320473,0.0032429694886425553,3.2429694886425553,-0.2887078320472636,0.2887078320472636,False,0.1816571489342098,0.27030770538434934,0.6743117878700304,0.4970457383434047,2.9542616565952917,1100.0,2534.451171875,20.0,0.1,0.10133808106184,0.4493398070335388,1.0038635730743408,0.1195716634392738,0.3504621684551239,10.0
NN+Adam safe,0.75,Mb,physical_model,relative_percent_of_nominal,-0.1,-10.0,20.0,18.0,False,0.7010396671850507,0.026727879315020298,26.727879315020296,48.96033281494927,0.5005212829067297,0.003475544563324995,3.475544563324995,-0.5212829067297031,0.5212829067297031,False,0.20103966718505073,0.2926684308182456,0.6743117878700304,0.4970457383434047,2.9542616565952917,1000.0,2534.451171875,18.0,0.1,0.10133808106184,0.4493398070335388,1.0038635730743408,0.1195716634392738,0.3504621684551239,10.0
NN+Adam safe,0.75,Mb,physical_model,relative_percent_of_nominal,-0.05,-5.0,20.0,19.0,False,0.6869390378904054,0.012627250020375014,12.627250020375014,63.060962109594556,0.49865974775093524,0.0016140094075305367,1.6140094075305367,1.340252249064755,0.0,True,0.18693903789040545,0.2799577975165767,0.6743117878700304,0.4970457383434047,2.9542616565952917,1000.0,2534.451171875,19.0,0.1,0.10133808106184,0.4493398070335388,1.0038635730743408,0.1195716634392738,0.3504621684551239,10.0
NN+Adam safe,0.75,Mb,physical_model,relative_percent_of_nominal,0.0,0.0,20.0,20.0,False,0.6743117878700304,0.0,0.0,75.68821212996957,0.4970457383434047,0.0,0.0,2.9542616565952917,0.0,True,0.17431178787003043,0.26826680202806774,0.6743117878700304,0.4970457383434047,2.9542616565952917,1000.0,2534.451171875,20.0,0.1,0.10133808106184,0.4493398070335388,1.0038635730743408,0.1195716634392738,0.3504621684551239,10.0
NN+Adam safe,0.75,Mb,physical_model,relative_percent_of_nominal,0.05,5.0,20.0,21.0,False,0.6626702558061072,-0.011641532063923266,-11.641532063923265,87.32974419389284,0.4955647372018217,-0.0014810011415830049,-1.4810011415830049,4.435262798178297,0.0,True,0.16267025580610717,0.25738728063774147,0.6743117878700304,0.4970457383434047,2.9542616565952917,1000.0,2534.451171875,21.0,0.1,0.10133808106184,0.4493398070335388,1.0038635730743408,0.1195716634392738,0.3504621684551239,10.0
NN+Adam safe,0.75,Mb,physical_model,relative_percent_of_nominal,0.1,10.0,20.0,22.0,False,0.6524411944324291,-0.021870593437601338,-21.870593437601336,97.5588055675709,0.494217142130316,-0.00282859621308873,-2.82859621308873,5.782857869684022,0.0,True,0.1524411944324291,0.24745442298687614,0.6743117878700304,0.4970457383434047,2.9542616565952917,1000.0,2534.451171875,22.0,0.1,0.10133808106184,0.4493398070335388,1.0038635730743408,0.1195716634392738,0.3504621684551239,10.0
NN+Adam safe,0.75,hb,physical_model,relative_percent_of_nominal,-0.1,-10.0,0.1,0.09000000000000001,False,0.6977180513788989,0.02340626350886843,23.40626350886843,52.28194862110114,0.49850164493320703,0.001455906589802325,1.455906589802325,1.4983550667929668,0.0,True,0.19771805137889886,0.295007941054226,0.6743117878700304,0.4970457383434047,2.9542616565952917,1000.0,2534.451171875,20.0,0.09000000000000001,0.10133808106184,0.4493398070335388,1.0038635730743408,0.1195716634392738,0.3504621684551239,10.0
NN+Adam safe,0.75,hb,physical_model,relative_percent_of_nominal,-0.05,-5.0,0.1,0.095,False,0.6855919509411634,0.011280163071132998,11.280163071132998,64.40804905883657,0.49775153202407235,0.0007057936806676435,0.7057936806676435,2.2484679759276482,0.0,True,0.18559195094116343,0.28105374472737593,0.6743117878700304,0.4970457383434047,2.9542616565952917,1000.0,2534.451171875,20.0,0.095,0.10133808106184,0.4493398070335388,1.0038635730743408,0.1195716634392738,0.3504621684551239,10.0
NN+Adam safe,0.75,hb,physical_model,relative_percent_of_nominal,0.0,0.0,0.1,0.1,False,0.6743117878700304,0.0,0.0,75.68821212996957,0.4970457383434047,0.0,0.0,2.9542616565952917,0.0,True,0.17431178787003043,0.26826680202806774,0.6743117878700304,0.4970457383434047,2.9542616565952917,1000.0,2534.451171875,20.0,0.1,0.10133808106184,0.4493398070335388,1.0038635730743408,0.1195716634392738,0.3504621684551239,10.0
NN+Adam safe,0.75,hb,physical_model,relative_percent_of_nominal,0.05,5.0,0.1,0.10500000000000001,False,0.6638153724512386,-0.010496415418791871,-10.496415418791871,86.18462754876144,0.49638209927860566,-0.0006636390647990487,-0.6636390647990487,3.6179007213943404,0.0,True,0.16381537245123856,0.2565232352631713,0.6743117878700304,0.4970457383434047,2.9542616565952917,1000.0,2534.451171875,20.0,0.10500000000000001,0.10133808106184,0.4493398070335388,1.0038635730743408,0.1195716634392738,0.3504621684551239,10.0
NN+Adam safe,0.75,hb,physical_model,relative_percent_of_nominal,0.1,10.0,0.1,0.11000000000000001,False,0.65473360792419,-0.019578179945840435,-19.578179945840436,95.26639207581,0.4957592447584532,-0.0012864935849515313,-1.2864935849515313,4.2407552415468235,0.0,True,0.15473360792419,0.24571249266259385,0.6743117878700304,0.4970457383434047,2.9542616565952917,1000.0,2534.451171875,20.0,0.11000000000000001,0.10133808106184,0.4493398070335388,1.0038635730743408,0.1195716634392738,0.3504621684551239,10.0
NN+Adam safe,0.75,Mr,physical_model,relative_percent_of_nominal,-0.1,-10.0,10.0,9.0,False,0.6519749844483445,-0.02233680342168598,-22.33680342168598,98.02501555165554,0.4940941697644697,-0.0029515685789350266,-2.9515685789350266,5.905830235530319,0.0,True,0.15197498444834445,0.24556235382842104,0.6743117878700304,0.4970457383434047,2.9542616565952917,1000.0,2534.451171875,20.0,0.1,0.10133808106184,0.4493398070335388,1.0038635730743408,0.1195716634392738,0.3504621684551239,9.0
NN+Adam safe,0.75,Mr,physical_model,relative_percent_of_nominal,-0.05,-5.0,10.0,9.5,False,0.662912741997546,-0.011399045872484415,-11.399045872484415,87.08725800245398,0.49558094363538646,-0.0014647947080182466,-1.4647947080182466,4.419056364613539,0.0,True,0.16291274199754602,0.2570529829297336,0.6743117878700304,0.4970457383434047,2.9542616565952917,1000.0,2534.451171875,20.0,0.1,0.10133808106184,0.4493398070335388,1.0038635730743408,0.1195716634392738,0.3504621684551239,9.5
NN+Adam safe,0.75,Mr,physical_model,relative_percent_of_nominal,0.0,0.0,10.0,10.0,False,0.6743117878700304,0.0,0.0,75.68821212996957,0.4970457383434047,0.0,0.0,2.9542616565952917,0.0,True,0.17431178787003043,0.26826680202806774,0.6743117878700304,0.4970457383434047,2.9542616565952917,1000.0,2534.451171875,20.0,0.1,0.10133808106184,0.4493398070335388,1.0038635730743408,0.1195716634392738,0.3504621684551239,10.0
NN+Adam safe,0.75,Mr,physical_model,relative_percent_of_nominal,0.05,5.0,10.0,10.5,False,0.6854626741676092,0.011150886297578766,11.150886297578765,64.5373258323908,0.49846775758004425,0.0014220192366395379,1.4220192366395379,1.5322424199557538,0.0,True,0.1854626741676092,0.27915055517351334,0.6743117878700304,0.4970457383434047,2.9542616565952917,1000.0,2534.451171875,20.0,0.1,0.10133808106184,0.4493398070335388,1.0038635730743408,0.1195716634392738,0.3504621684551239,10.5
NN+Adam safe,0.75,Mr,physical_model,relative_percent_of_nominal,0.1,10.0,10.0,11.0,False,0.6960172442072994,0.021705456337268947,21.70545633726895,53.98275579270062,0.4999283234232206,0.002882585079815869,2.882585079815869,0.07167657677942252,0.0,True,0.19601724420729938,0.2898438224690253,0.6743117878700304,0.4970457383434047,2.9542616565952917,1000.0,2534.451171875,20.0,0.1,0.10133808106184,0.4493398070335388,1.0038635730743408,0.1195716634392738,0.3504621684551239,11.0
